file_name,user_id,track_id,rep_id,rx_id
20190707/user1/user1-5-3-r5.dat,1,5,3,5
20190707/user1/user1-5-12-r1.dat,1,5,12,1
20190707/user1/user1-6-13-r3.dat,1,6,13,3
20190707/user1/user1-6-9-r6.dat,1,6,9,6
20190707/user1/user1-6-2-r6.dat,1,6,2,6
20190707/user1/user1-6-7-r5.dat,1,6,7,5
20190707/user1/user1-6-14-r1.dat,1,6,14,1
20190707/user1/user1-5-9-r1.dat,1,5,9,1
20190707/user1/user1-5-10-r3.dat,1,5,10,3
20190707/user1/user1-6-12-r1.dat,1,6,12,1
20190707/user1/user1-6-15-r3.dat,1,6,15,3
20190707/user1/user1-5-8-r6.dat,1,5,8,6
20190707/user1/user1-6-15-r5.dat,1,6,15,5
20190707/user1/user1-6-17-r1.dat,1,6,17,1
20190707/user1/user1-6-4-r3.dat,1,6,4,3
20190707/user1/user1-6-1-r4.dat,1,6,1,4
20190707/user1/user1-6-13-r6.dat,1,6,13,6
20190707/user1/user1-6-13-r1.dat,1,6,13,1
20190707/user1/user1-5-13-r3.dat,1,5,13,3
20190707/user1/user1-5-1-r3.dat,1,5,1,3
20190707/user1/user1-6-15-r6.dat,1,6,15,6
20190707/user1/user1-5-7-r4.dat,1,5,7,4
20190707/user1/user1-6-9-r3.dat,1,6,9,3
20190707/user1/user1-6-11-r1.dat,1,6,11,1
20190707/user1/user1-6-20-r1.dat,1,6,20,1
20190707/user1/user1-5-4-r6.dat,1,5,4,6
20190707/user1/user1-6-19-r2.dat,1,6,19,2
20190707/user1/user1-6-8-r5.dat,1,6,8,5
20190707/user1/user1-5-9-r3.dat,1,5,9,3
20190707/user1/user1-6-10-r2.dat,1,6,10,2
20190707/user1/user1-5-16-r1.dat,1,5,16,1
20190707/user1/user1-6-16-r1.dat,1,6,16,1
20190707/user1/user1-5-8-r4.dat,1,5,8,4
20190707/user1/user1-5-19-r5.dat,1,5,19,5
20190707/user1/user1-5-17-r6.dat,1,5,17,6
20190707/user1/user1-5-4-r5.dat,1,5,4,5
20190707/user1/user1-5-1-r4.dat,1,5,1,4
20190707/user1/user1-5-14-r2.dat,1,5,14,2
20190707/user1/user1-5-11-r3.dat,1,5,11,3
20190707/user1/user1-5-7-r5.dat,1,5,7,5
20190707/user1/user1-5-7-r2.dat,1,5,7,2
20190707/user1/user1-5-18-r1.dat,1,5,18,1
20190707/user1/user1-6-9-r2.dat,1,6,9,2
20190707/user1/user1-6-19-r5.dat,1,6,19,5
20190707/user1/user1-6-9-r4.dat,1,6,9,4
20190707/user1/user1-5-7-r6.dat,1,5,7,6
20190707/user1/user1-6-13-r5.dat,1,6,13,5
20190707/user1/user1-5-14-r4.dat,1,5,14,4
20190707/user1/user1-6-1-r5.dat,1,6,1,5
20190707/user1/user1-5-13-r1.dat,1,5,13,1
20190707/user1/user1-5-8-r1.dat,1,5,8,1
20190707/user1/user1-5-6-r6.dat,1,5,6,6
20190707/user1/user1-6-9-r1.dat,1,6,9,1
20190707/user1/user1-5-14-r3.dat,1,5,14,3
20190707/user1/user1-6-7-r3.dat,1,6,7,3
20190707/user1/user1-5-6-r2.dat,1,5,6,2
20190707/user1/user1-6-1-r3.dat,1,6,1,3
20190707/user1/user1-5-1-r6.dat,1,5,1,6
20190707/user1/user1-6-8-r1.dat,1,6,8,1
20190707/user1/user1-5-1-r1.dat,1,5,1,1
20190707/user1/user1-6-10-r5.dat,1,6,10,5
20190707/user1/user1-5-8-r2.dat,1,5,8,2
20190707/user1/user1-6-1-r2.dat,1,6,1,2
20190707/user1/user1-5-15-r4.dat,1,5,15,4
20190707/user1/user1-6-11-r5.dat,1,6,11,5
20190707/user1/user1-5-6-r4.dat,1,5,6,4
20190707/user1/user1-5-11-r4.dat,1,5,11,4
20190707/user1/user1-5-10-r2.dat,1,5,10,2
20190707/user1/user1-6-6-r6.dat,1,6,6,6
20190707/user1/user1-6-16-r4.dat,1,6,16,4
20190707/user1/user1-6-16-r3.dat,1,6,16,3
20190707/user1/user1-6-17-r3.dat,1,6,17,3
20190707/user1/user1-6-6-r4.dat,1,6,6,4
20190707/user1/user1-6-17-r4.dat,1,6,17,4
20190707/user1/user1-5-12-r2.dat,1,5,12,2
20190707/user1/user1-6-12-r5.dat,1,6,12,5
20190707/user1/user1-5-20-r1.dat,1,5,20,1
20190707/user1/user1-5-20-r2.dat,1,5,20,2
20190707/user1/user1-5-16-r3.dat,1,5,16,3
20190707/user1/user1-6-7-r2.dat,1,6,7,2
20190707/user1/user1-5-5-r4.dat,1,5,5,4
20190707/user1/user1-6-8-r4.dat,1,6,8,4
20190707/user1/user1-6-14-r4.dat,1,6,14,4
20190707/user1/user1-6-5-r6.dat,1,6,5,6
20190707/user1/user1-5-18-r6.dat,1,5,18,6
20190707/user1/user1-6-9-r5.dat,1,6,9,5
20190707/user1/user1-6-5-r2.dat,1,6,5,2
20190707/user1/user1-5-10-r1.dat,1,5,10,1
20190707/user1/user1-6-12-r4.dat,1,6,12,4
20190707/user1/user1-6-10-r1.dat,1,6,10,1
20190707/user1/user1-6-19-r3.dat,1,6,19,3
20190707/user1/user1-6-12-r2.dat,1,6,12,2
20190707/user1/user1-5-16-r5.dat,1,5,16,5
20190707/user1/user1-5-1-r5.dat,1,5,1,5
20190707/user1/user1-5-3-r6.dat,1,5,3,6
20190707/user1/user1-5-17-r2.dat,1,5,17,2
20190707/user1/user1-6-20-r6.dat,1,6,20,6
20190707/user1/user1-6-18-r4.dat,1,6,18,4
20190707/user1/user1-5-16-r4.dat,1,5,16,4
20190707/user1/user1-6-19-r6.dat,1,6,19,6
20190707/user1/user1-5-12-r4.dat,1,5,12,4
20190707/user1/user1-6-5-r3.dat,1,6,5,3
20190707/user1/user1-5-7-r1.dat,1,5,7,1
20190707/user1/user1-5-9-r2.dat,1,5,9,2
20190707/user1/user1-5-14-r1.dat,1,5,14,1
20190707/user1/user1-5-12-r6.dat,1,5,12,6
20190707/user1/user1-6-18-r3.dat,1,6,18,3
20190707/user1/user1-5-19-r1.dat,1,5,19,1
20190707/user1/user1-5-12-r3.dat,1,5,12,3
20190707/user1/user1-5-10-r4.dat,1,5,10,4
20190707/user1/user1-5-5-r6.dat,1,5,5,6
20190707/user1/user1-6-12-r6.dat,1,6,12,6
20190707/user1/user1-6-20-r5.dat,1,6,20,5
20190707/user1/user1-5-19-r6.dat,1,5,19,6
20190707/user1/user1-6-14-r5.dat,1,6,14,5
20190707/user1/user1-5-6-r5.dat,1,5,6,5
20190707/user1/user1-5-14-r6.dat,1,5,14,6
20190707/user1/user1-5-20-r4.dat,1,5,20,4
20190707/user1/user1-6-20-r2.dat,1,6,20,2
20190707/user1/user1-6-8-r6.dat,1,6,8,6
20190707/user1/user1-6-16-r6.dat,1,6,16,6
20190707/user1/user1-6-11-r2.dat,1,6,11,2
20190707/user1/user1-5-8-r3.dat,1,5,8,3
20190707/user1/user1-5-3-r2.dat,1,5,3,2
20190707/user1/user1-6-20-r4.dat,1,6,20,4
20190707/user1/user1-6-2-r5.dat,1,6,2,5
20190707/user1/user1-6-3-r2.dat,1,6,3,2
20190707/user1/user1-5-18-r5.dat,1,5,18,5
20190707/user1/user1-6-4-r2.dat,1,6,4,2
20190707/user1/user1-5-15-r3.dat,1,5,15,3
20190707/user1/user1-6-8-r2.dat,1,6,8,2
20190707/user1/user1-5-17-r1.dat,1,5,17,1
20190707/user1/user1-6-3-r6.dat,1,6,3,6
20190707/user1/user1-5-13-r2.dat,1,5,13,2
20190707/user1/user1-5-20-r5.dat,1,5,20,5
20190707/user1/user1-5-16-r6.dat,1,5,16,6
20190707/user1/user1-5-2-r1.dat,1,5,2,1
20190707/user1/user1-6-15-r4.dat,1,6,15,4
20190707/user1/user1-6-3-r5.dat,1,6,3,5
20190707/user1/user1-5-19-r3.dat,1,5,19,3
20190707/user1/user1-6-17-r6.dat,1,6,17,6
20190707/user1/user1-5-5-r2.dat,1,5,5,2
20190707/user1/user1-5-6-r3.dat,1,5,6,3
20190707/user1/user1-6-6-r2.dat,1,6,6,2
20190707/user1/user1-5-9-r6.dat,1,5,9,6
20190707/user1/user1-6-7-r1.dat,1,6,7,1
20190707/user1/user1-5-18-r2.dat,1,5,18,2
20190707/user1/user1-6-12-r3.dat,1,6,12,3
20190707/user1/user1-6-6-r3.dat,1,6,6,3
20190707/user1/user1-5-16-r2.dat,1,5,16,2
20190707/user1/user1-6-11-r4.dat,1,6,11,4
20190707/user1/user1-6-2-r3.dat,1,6,2,3
20190707/user1/user1-6-2-r2.dat,1,6,2,2
20190707/user1/user1-5-2-r6.dat,1,5,2,6
20190707/user1/user1-5-17-r3.dat,1,5,17,3
20190707/user1/user1-5-13-r5.dat,1,5,13,5
20190707/user1/user1-6-20-r3.dat,1,6,20,3
20190707/user1/user1-5-11-r5.dat,1,5,11,5
20190707/user1/user1-5-19-r2.dat,1,5,19,2
20190707/user1/user1-5-18-r4.dat,1,5,18,4
20190707/user1/user1-5-3-r4.dat,1,5,3,4
20190707/user1/user1-5-5-r1.dat,1,5,5,1
20190707/user1/user1-5-4-r4.dat,1,5,4,4
20190707/user1/user1-5-7-r3.dat,1,5,7,3
20190707/user1/user1-5-4-r2.dat,1,5,4,2
20190707/user1/user1-5-2-r4.dat,1,5,2,4
20190707/user1/user1-6-15-r2.dat,1,6,15,2
20190707/user1/user1-5-10-r6.dat,1,5,10,6
20190707/user1/user1-6-13-r4.dat,1,6,13,4
20190707/user1/user1-6-5-r1.dat,1,6,5,1
20190707/user1/user1-6-3-r3.dat,1,6,3,3
20190707/user1/user1-6-8-r3.dat,1,6,8,3
20190707/user1/user1-6-5-r4.dat,1,6,5,4
20190707/user1/user1-6-14-r2.dat,1,6,14,2
20190707/user1/user1-5-2-r5.dat,1,5,2,5
20190707/user1/user1-5-15-r6.dat,1,5,15,6
20190707/user1/user1-6-4-r5.dat,1,6,4,5
20190707/user1/user1-5-11-r6.dat,1,5,11,6
20190707/user1/user1-5-4-r3.dat,1,5,4,3
20190707/user1/user1-6-13-r2.dat,1,6,13,2
20190707/user1/user1-5-8-r5.dat,1,5,8,5
20190707/user1/user1-6-11-r3.dat,1,6,11,3
20190707/user1/user1-6-2-r1.dat,1,6,2,1
20190707/user1/user1-6-6-r1.dat,1,6,6,1
20190707/user1/user1-6-2-r4.dat,1,6,2,4
20190707/user1/user1-5-20-r6.dat,1,5,20,6
20190707/user1/user1-6-14-r3.dat,1,6,14,3
20190707/user1/user1-6-18-r1.dat,1,6,18,1
20190707/user1/user1-6-17-r2.dat,1,6,17,2
20190707/user1/user1-6-7-r6.dat,1,6,7,6
20190707/user1/user1-5-19-r4.dat,1,5,19,4
20190707/user1/user1-5-15-r5.dat,1,5,15,5
20190707/user1/user1-6-19-r1.dat,1,6,19,1
20190707/user1/user1-5-18-r3.dat,1,5,18,3
20190707/user1/user1-6-10-r3.dat,1,6,10,3
20190707/user1/user1-5-2-r3.dat,1,5,2,3
20190707/user1/user1-5-4-r1.dat,1,5,4,1
20190707/user1/user1-6-10-r4.dat,1,6,10,4
20190707/user1/user1-6-1-r6.dat,1,6,1,6
20190707/user1/user1-5-1-r2.dat,1,5,1,2
20190707/user1/user1-6-19-r4.dat,1,6,19,4
20190707/user1/user1-5-15-r2.dat,1,5,15,2
20190707/user1/user1-6-15-r1.dat,1,6,15,1
20190707/user1/user1-5-14-r5.dat,1,5,14,5
20190707/user1/user1-6-11-r6.dat,1,6,11,6
20190707/user1/user1-6-5-r5.dat,1,6,5,5
20190707/user1/user1-6-4-r1.dat,1,6,4,1
20190707/user1/user1-6-16-r5.dat,1,6,16,5
20190707/user1/user1-5-17-r4.dat,1,5,17,4
20190707/user1/user1-5-5-r3.dat,1,5,5,3
20190707/user1/user1-6-16-r2.dat,1,6,16,2
20190707/user1/user1-5-9-r5.dat,1,5,9,5
20190707/user1/user1-5-5-r5.dat,1,5,5,5
20190707/user1/user1-5-9-r4.dat,1,5,9,4
20190707/user1/user1-6-4-r4.dat,1,6,4,4
20190707/user1/user1-5-2-r2.dat,1,5,2,2
20190707/user1/user1-6-14-r6.dat,1,6,14,6
20190707/user1/user1-6-7-r4.dat,1,6,7,4
20190707/user1/user1-5-10-r5.dat,1,5,10,5
20190707/user1/user1-6-6-r5.dat,1,6,6,5
20190707/user1/user1-6-4-r6.dat,1,6,4,6
20190707/user1/user1-6-10-r6.dat,1,6,10,6
20190707/user1/user1-6-3-r4.dat,1,6,3,4
20190707/user1/user1-5-17-r5.dat,1,5,17,5
20190707/user1/user1-6-17-r5.dat,1,6,17,5
20190707/user1/user1-5-20-r3.dat,1,5,20,3
20190707/user1/user1-6-18-r6.dat,1,6,18,6
20190707/user1/user1-5-6-r1.dat,1,5,6,1
20190707/user1/user1-5-15-r1.dat,1,5,15,1
20190707/user1/user1-5-3-r3.dat,1,5,3,3
20190707/user1/user1-5-12-r5.dat,1,5,12,5
20190707/user1/user1-6-18-r2.dat,1,6,18,2
20190707/user1/user1-5-13-r4.dat,1,5,13,4
20190707/user1/user1-5-11-r1.dat,1,5,11,1
20190707/user1/user1-5-11-r2.dat,1,5,11,2
20190707/user1/user1-6-1-r1.dat,1,6,1,1
20190707/user1/user1-6-18-r5.dat,1,6,18,5
20190707/user1/user1-5-13-r6.dat,1,5,13,6
20190707/user1/user1-5-3-r1.dat,1,5,3,1
20190707/user1/user1-6-3-r1.dat,1,6,3,1
20190707/user4/user4-1-12-r1.dat,4,1,12,1
20190707/user4/user4-3-26-r5.dat,4,3,26,5
20190707/user4/user4-1-51-r5.dat,4,1,51,5
20190707/user4/user4-2-55-r5.dat,4,2,55,5
20190707/user4/user4-1-62-r5.dat,4,1,62,5
20190707/user4/user4-2-27-r2.dat,4,2,27,2
20190707/user4/user4-3-28-r1.dat,4,3,28,1
20190707/user4/user4-2-34-r2.dat,4,2,34,2
20190707/user4/user4-1-18-r5.dat,4,1,18,5
20190707/user4/user4-3-6-r5.dat,4,3,6,5
20190707/user4/user4-2-5-r1.dat,4,2,5,1
20190707/user4/user4-4-97-r2.dat,4,4,97,2
20190707/user4/user4-4-85-r3.dat,4,4,85,3
20190707/user4/user4-3-22-r6.dat,4,3,22,6
20190707/user4/user4-1-61-r4.dat,4,1,61,4
20190707/user4/user4-3-98-r3.dat,4,3,98,3
20190707/user4/user4-1-60-r1.dat,4,1,60,1
20190707/user4/user4-4-82-r5.dat,4,4,82,5
20190707/user4/user4-4-10-r2.dat,4,4,10,2
20190707/user4/user4-4-47-r1.dat,4,4,47,1
20190707/user4/user4-2-22-r5.dat,4,2,22,5
20190707/user4/user4-1-50-r2.dat,4,1,50,2
20190707/user4/user4-1-58-r5.dat,4,1,58,5
20190707/user4/user4-4-80-r4.dat,4,4,80,4
20190707/user4/user4-3-93-r5.dat,4,3,93,5
20190707/user4/user4-4-4-r6.dat,4,4,4,6
20190707/user4/user4-4-13-r6.dat,4,4,13,6
20190707/user4/user4-3-95-r1.dat,4,3,95,1
20190707/user4/user4-2-88-r4.dat,4,2,88,4
20190707/user4/user4-4-25-r4.dat,4,4,25,4
20190707/user4/user4-4-29-r2.dat,4,4,29,2
20190707/user4/user4-4-27-r3.dat,4,4,27,3
20190707/user4/user4-3-92-r4.dat,4,3,92,4
20190707/user4/user4-3-15-r6.dat,4,3,15,6
20190707/user4/user4-1-52-r3.dat,4,1,52,3
20190707/user4/user4-4-4-r4.dat,4,4,4,4
20190707/user4/user4-1-91-r1.dat,4,1,91,1
20190707/user4/user4-4-8-r3.dat,4,4,8,3
20190707/user4/user4-4-91-r5.dat,4,4,91,5
20190707/user4/user4-4-56-r2.dat,4,4,56,2
20190707/user4/user4-1-4-r5.dat,4,1,4,5
20190707/user4/user4-4-16-r2.dat,4,4,16,2
20190707/user4/user4-3-77-r2.dat,4,3,77,2
20190707/user4/user4-3-69-r1.dat,4,3,69,1
20190707/user4/user4-4-42-r1.dat,4,4,42,1
20190707/user4/user4-1-91-r5.dat,4,1,91,5
20190707/user4/user4-4-89-r4.dat,4,4,89,4
20190707/user4/user4-1-76-r6.dat,4,1,76,6
20190707/user4/user4-3-83-r5.dat,4,3,83,5
20190707/user4/user4-4-42-r5.dat,4,4,42,5
20190707/user4/user4-1-21-r4.dat,4,1,21,4
20190707/user4/user4-2-32-r3.dat,4,2,32,3
20190707/user4/user4-4-26-r6.dat,4,4,26,6
20190707/user4/user4-2-92-r4.dat,4,2,92,4
20190707/user4/user4-1-88-r2.dat,4,1,88,2
20190707/user4/user4-2-46-r6.dat,4,2,46,6
20190707/user4/user4-3-17-r5.dat,4,3,17,5
20190707/user4/user4-1-20-r2.dat,4,1,20,2
20190707/user4/user4-1-57-r3.dat,4,1,57,3
20190707/user4/user4-2-2-r5.dat,4,2,2,5
20190707/user4/user4-1-68-r4.dat,4,1,68,4
20190707/user4/user4-2-100-r5.dat,4,2,100,5
20190707/user4/user4-4-83-r6.dat,4,4,83,6
20190707/user4/user4-1-77-r2.dat,4,1,77,2
20190707/user4/user4-4-71-r5.dat,4,4,71,5
20190707/user4/user4-3-48-r3.dat,4,3,48,3
20190707/user4/user4-4-39-r2.dat,4,4,39,2
20190707/user4/user4-1-31-r6.dat,4,1,31,6
20190707/user4/user4-4-93-r6.dat,4,4,93,6
20190707/user4/user4-3-86-r3.dat,4,3,86,3
20190707/user4/user4-4-22-r4.dat,4,4,22,4
20190707/user4/user4-3-44-r3.dat,4,3,44,3
20190707/user4/user4-3-47-r2.dat,4,3,47,2
20190707/user4/user4-4-21-r5.dat,4,4,21,5
20190707/user4/user4-2-53-r1.dat,4,2,53,1
20190707/user4/user4-2-23-r2.dat,4,2,23,2
20190707/user4/user4-3-10-r3.dat,4,3,10,3
20190707/user4/user4-3-61-r5.dat,4,3,61,5
20190707/user4/user4-2-90-r1.dat,4,2,90,1
20190707/user4/user4-2-26-r2.dat,4,2,26,2
20190707/user4/user4-1-74-r5.dat,4,1,74,5
20190707/user4/user4-2-31-r5.dat,4,2,31,5
20190707/user4/user4-3-67-r2.dat,4,3,67,2
20190707/user4/user4-3-23-r6.dat,4,3,23,6
20190707/user4/user4-3-86-r5.dat,4,3,86,5
20190707/user4/user4-2-40-r4.dat,4,2,40,4
20190707/user4/user4-2-19-r1.dat,4,2,19,1
20190707/user4/user4-4-63-r4.dat,4,4,63,4
20190707/user4/user4-2-42-r5.dat,4,2,42,5
20190707/user4/user4-3-81-r1.dat,4,3,81,1
20190707/user4/user4-1-24-r6.dat,4,1,24,6
20190707/user4/user4-4-70-r2.dat,4,4,70,2
20190707/user4/user4-3-58-r2.dat,4,3,58,2
20190707/user4/user4-4-75-r2.dat,4,4,75,2
20190707/user4/user4-3-79-r6.dat,4,3,79,6
20190707/user4/user4-3-100-r2.dat,4,3,100,2
20190707/user4/user4-4-94-r4.dat,4,4,94,4
20190707/user4/user4-1-9-r4.dat,4,1,9,4
20190707/user4/user4-3-51-r6.dat,4,3,51,6
20190707/user4/user4-4-32-r6.dat,4,4,32,6
20190707/user4/user4-2-73-r1.dat,4,2,73,1
20190707/user4/user4-3-45-r6.dat,4,3,45,6
20190707/user4/user4-1-60-r2.dat,4,1,60,2
20190707/user4/user4-1-9-r3.dat,4,1,9,3
20190707/user4/user4-1-71-r5.dat,4,1,71,5
20190707/user4/user4-1-34-r1.dat,4,1,34,1
20190707/user4/user4-4-38-r1.dat,4,4,38,1
20190707/user4/user4-1-83-r1.dat,4,1,83,1
20190707/user4/user4-3-95-r4.dat,4,3,95,4
20190707/user4/user4-1-83-r5.dat,4,1,83,5
20190707/user4/user4-2-42-r1.dat,4,2,42,1
20190707/user4/user4-4-52-r5.dat,4,4,52,5
20190707/user4/user4-4-68-r1.dat,4,4,68,1
20190707/user4/user4-3-76-r1.dat,4,3,76,1
20190707/user4/user4-2-78-r2.dat,4,2,78,2
20190707/user4/user4-4-34-r3.dat,4,4,34,3
20190707/user4/user4-4-20-r5.dat,4,4,20,5
20190707/user4/user4-1-58-r3.dat,4,1,58,3
20190707/user4/user4-4-71-r1.dat,4,4,71,1
20190707/user4/user4-4-7-r1.dat,4,4,7,1
20190707/user4/user4-4-91-r4.dat,4,4,91,4
20190707/user4/user4-3-20-r5.dat,4,3,20,5
20190707/user4/user4-4-1-r5.dat,4,4,1,5
20190707/user4/user4-4-57-r4.dat,4,4,57,4
20190707/user4/user4-3-6-r1.dat,4,3,6,1
20190707/user4/user4-4-62-r1.dat,4,4,62,1
20190707/user4/user4-4-88-r5.dat,4,4,88,5
20190707/user4/user4-2-22-r1.dat,4,2,22,1
20190707/user4/user4-3-60-r6.dat,4,3,60,6
20190707/user4/user4-1-25-r1.dat,4,1,25,1
20190707/user4/user4-4-69-r6.dat,4,4,69,6
20190707/user4/user4-3-16-r3.dat,4,3,16,3
20190707/user4/user4-2-8-r2.dat,4,2,8,2
20190707/user4/user4-3-27-r4.dat,4,3,27,4
20190707/user4/user4-3-63-r1.dat,4,3,63,1
20190707/user4/user4-2-77-r6.dat,4,2,77,6
20190707/user4/user4-2-86-r5.dat,4,2,86,5
20190707/user4/user4-1-48-r1.dat,4,1,48,1
20190707/user4/user4-3-19-r2.dat,4,3,19,2
20190707/user4/user4-2-40-r2.dat,4,2,40,2
20190707/user4/user4-4-14-r6.dat,4,4,14,6
20190707/user4/user4-2-76-r2.dat,4,2,76,2
20190707/user4/user4-2-27-r6.dat,4,2,27,6
20190707/user4/user4-2-35-r3.dat,4,2,35,3
20190707/user4/user4-1-89-r4.dat,4,1,89,4
20190707/user4/user4-2-75-r2.dat,4,2,75,2
20190707/user4/user4-1-34-r3.dat,4,1,34,3
20190707/user4/user4-3-56-r5.dat,4,3,56,5
20190707/user4/user4-2-86-r3.dat,4,2,86,3
20190707/user4/user4-4-11-r4.dat,4,4,11,4
20190707/user4/user4-4-20-r4.dat,4,4,20,4
20190707/user4/user4-3-69-r5.dat,4,3,69,5
20190707/user4/user4-4-55-r5.dat,4,4,55,5
20190707/user4/user4-2-6-r4.dat,4,2,6,4
20190707/user4/user4-4-86-r2.dat,4,4,86,2
20190707/user4/user4-2-59-r5.dat,4,2,59,5
20190707/user4/user4-2-35-r1.dat,4,2,35,1
20190707/user4/user4-1-65-r1.dat,4,1,65,1
20190707/user4/user4-3-60-r1.dat,4,3,60,1
20190707/user4/user4-2-57-r5.dat,4,2,57,5
20190707/user4/user4-3-56-r1.dat,4,3,56,1
20190707/user4/user4-4-26-r4.dat,4,4,26,4
20190707/user4/user4-1-99-r1.dat,4,1,99,1
20190707/user4/user4-4-12-r1.dat,4,4,12,1
20190707/user4/user4-1-39-r5.dat,4,1,39,5
20190707/user4/user4-1-55-r3.dat,4,1,55,3
20190707/user4/user4-1-55-r4.dat,4,1,55,4
20190707/user4/user4-2-43-r6.dat,4,2,43,6
20190707/user4/user4-4-60-r6.dat,4,4,60,6
20190707/user4/user4-1-28-r5.dat,4,1,28,5
20190707/user4/user4-2-53-r6.dat,4,2,53,6
20190707/user4/user4-2-21-r5.dat,4,2,21,5
20190707/user4/user4-4-1-r1.dat,4,4,1,1
20190707/user4/user4-2-79-r1.dat,4,2,79,1
20190707/user4/user4-4-3-r2.dat,4,4,3,2
20190707/user4/user4-3-31-r4.dat,4,3,31,4
20190707/user4/user4-3-3-r2.dat,4,3,3,2
20190707/user4/user4-1-30-r5.dat,4,1,30,5
20190707/user4/user4-1-21-r3.dat,4,1,21,3
20190707/user4/user4-2-21-r6.dat,4,2,21,6
20190707/user4/user4-3-61-r1.dat,4,3,61,1
20190707/user4/user4-4-15-r2.dat,4,4,15,2
20190707/user4/user4-3-38-r2.dat,4,3,38,2
20190707/user4/user4-4-18-r6.dat,4,4,18,6
20190707/user4/user4-1-68-r3.dat,4,1,68,3
20190707/user4/user4-3-47-r5.dat,4,3,47,5
20190707/user4/user4-3-1-r5.dat,4,3,1,5
20190707/user4/user4-4-92-r5.dat,4,4,92,5
20190707/user4/user4-2-51-r5.dat,4,2,51,5
20190707/user4/user4-3-41-r2.dat,4,3,41,2
20190707/user4/user4-1-44-r4.dat,4,1,44,4
20190707/user4/user4-3-90-r1.dat,4,3,90,1
20190707/user4/user4-3-5-r2.dat,4,3,5,2
20190707/user4/user4-2-96-r5.dat,4,2,96,5
20190707/user4/user4-1-84-r1.dat,4,1,84,1
20190707/user4/user4-3-92-r5.dat,4,3,92,5
20190707/user4/user4-4-74-r3.dat,4,4,74,3
20190707/user4/user4-4-83-r5.dat,4,4,83,5
20190707/user4/user4-2-98-r2.dat,4,2,98,2
20190707/user4/user4-4-69-r4.dat,4,4,69,4
20190707/user4/user4-4-22-r3.dat,4,4,22,3
20190707/user4/user4-3-40-r6.dat,4,3,40,6
20190707/user4/user4-2-28-r6.dat,4,2,28,6
20190707/user4/user4-4-46-r3.dat,4,4,46,3
20190707/user4/user4-1-98-r3.dat,4,1,98,3
20190707/user4/user4-3-48-r5.dat,4,3,48,5
20190707/user4/user4-4-33-r4.dat,4,4,33,4
20190707/user4/user4-2-64-r2.dat,4,2,64,2
20190707/user4/user4-3-15-r4.dat,4,3,15,4
20190707/user4/user4-4-93-r5.dat,4,4,93,5
20190707/user4/user4-4-60-r5.dat,4,4,60,5
20190707/user4/user4-1-57-r6.dat,4,1,57,6
20190707/user4/user4-1-50-r1.dat,4,1,50,1
20190707/user4/user4-2-33-r2.dat,4,2,33,2
20190707/user4/user4-4-57-r5.dat,4,4,57,5
20190707/user4/user4-3-100-r6.dat,4,3,100,6
20190707/user4/user4-3-8-r4.dat,4,3,8,4
20190707/user4/user4-1-79-r6.dat,4,1,79,6
20190707/user4/user4-2-84-r3.dat,4,2,84,3
20190707/user4/user4-1-97-r6.dat,4,1,97,6
20190707/user4/user4-3-37-r2.dat,4,3,37,2
20190707/user4/user4-3-42-r4.dat,4,3,42,4
20190707/user4/user4-2-14-r2.dat,4,2,14,2
20190707/user4/user4-3-10-r5.dat,4,3,10,5
20190707/user4/user4-3-96-r6.dat,4,3,96,6
20190707/user4/user4-4-28-r6.dat,4,4,28,6
20190707/user4/user4-3-63-r2.dat,4,3,63,2
20190707/user4/user4-4-47-r6.dat,4,4,47,6
20190707/user4/user4-2-59-r4.dat,4,2,59,4
20190707/user4/user4-1-4-r6.dat,4,1,4,6
20190707/user4/user4-2-46-r5.dat,4,2,46,5
20190707/user4/user4-4-6-r4.dat,4,4,6,4
20190707/user4/user4-3-64-r1.dat,4,3,64,1
20190707/user4/user4-2-15-r5.dat,4,2,15,5
20190707/user4/user4-2-89-r4.dat,4,2,89,4
20190707/user4/user4-2-36-r5.dat,4,2,36,5
20190707/user4/user4-4-20-r2.dat,4,4,20,2
20190707/user4/user4-1-84-r3.dat,4,1,84,3
20190707/user4/user4-1-13-r2.dat,4,1,13,2
20190707/user4/user4-4-98-r4.dat,4,4,98,4
20190707/user4/user4-3-58-r5.dat,4,3,58,5
20190707/user4/user4-3-85-r1.dat,4,3,85,1
20190707/user4/user4-3-72-r5.dat,4,3,72,5
20190707/user4/user4-3-95-r6.dat,4,3,95,6
20190707/user4/user4-3-15-r1.dat,4,3,15,1
20190707/user4/user4-2-62-r5.dat,4,2,62,5
20190707/user4/user4-1-63-r1.dat,4,1,63,1
20190707/user4/user4-4-82-r2.dat,4,4,82,2
20190707/user4/user4-2-64-r1.dat,4,2,64,1
20190707/user4/user4-2-70-r6.dat,4,2,70,6
20190707/user4/user4-4-65-r1.dat,4,4,65,1
20190707/user4/user4-1-23-r3.dat,4,1,23,3
20190707/user4/user4-3-66-r6.dat,4,3,66,6
20190707/user4/user4-3-4-r6.dat,4,3,4,6
20190707/user4/user4-3-26-r3.dat,4,3,26,3
20190707/user4/user4-4-4-r5.dat,4,4,4,5
20190707/user4/user4-2-65-r1.dat,4,2,65,1
20190707/user4/user4-3-18-r5.dat,4,3,18,5
20190707/user4/user4-2-72-r2.dat,4,2,72,2
20190707/user4/user4-1-61-r1.dat,4,1,61,1
20190707/user4/user4-3-93-r1.dat,4,3,93,1
20190707/user4/user4-4-49-r1.dat,4,4,49,1
20190707/user4/user4-4-22-r1.dat,4,4,22,1
20190707/user4/user4-3-16-r6.dat,4,3,16,6
20190707/user4/user4-2-50-r5.dat,4,2,50,5
20190707/user4/user4-2-27-r5.dat,4,2,27,5
20190707/user4/user4-4-71-r2.dat,4,4,71,2
20190707/user4/user4-4-19-r6.dat,4,4,19,6
20190707/user4/user4-1-39-r1.dat,4,1,39,1
20190707/user4/user4-2-39-r3.dat,4,2,39,3
20190707/user4/user4-1-80-r2.dat,4,1,80,2
20190707/user4/user4-3-51-r5.dat,4,3,51,5
20190707/user4/user4-4-59-r4.dat,4,4,59,4
20190707/user4/user4-4-30-r1.dat,4,4,30,1
20190707/user4/user4-1-57-r1.dat,4,1,57,1
20190707/user4/user4-3-7-r5.dat,4,3,7,5
20190707/user4/user4-3-24-r6.dat,4,3,24,6
20190707/user4/user4-3-88-r4.dat,4,3,88,4
20190707/user4/user4-2-16-r4.dat,4,2,16,4
20190707/user4/user4-4-2-r4.dat,4,4,2,4
20190707/user4/user4-1-66-r3.dat,4,1,66,3
20190707/user4/user4-2-30-r5.dat,4,2,30,5
20190707/user4/user4-2-17-r1.dat,4,2,17,1
20190707/user4/user4-1-2-r5.dat,4,1,2,5
20190707/user4/user4-4-18-r5.dat,4,4,18,5
20190707/user4/user4-1-48-r4.dat,4,1,48,4
20190707/user4/user4-4-98-r2.dat,4,4,98,2
20190707/user4/user4-1-33-r3.dat,4,1,33,3
20190707/user4/user4-1-64-r4.dat,4,1,64,4
20190707/user4/user4-1-40-r5.dat,4,1,40,5
20190707/user4/user4-1-44-r3.dat,4,1,44,3
20190707/user4/user4-2-27-r3.dat,4,2,27,3
20190707/user4/user4-4-33-r3.dat,4,4,33,3
20190707/user4/user4-3-29-r4.dat,4,3,29,4
20190707/user4/user4-2-62-r4.dat,4,2,62,4
20190707/user4/user4-1-95-r4.dat,4,1,95,4
20190707/user4/user4-2-35-r2.dat,4,2,35,2
20190707/user4/user4-3-73-r3.dat,4,3,73,3
20190707/user4/user4-4-45-r1.dat,4,4,45,1
20190707/user4/user4-4-94-r6.dat,4,4,94,6
20190707/user4/user4-4-43-r1.dat,4,4,43,1
20190707/user4/user4-2-95-r3.dat,4,2,95,3
20190707/user4/user4-2-5-r5.dat,4,2,5,5
20190707/user4/user4-3-19-r3.dat,4,3,19,3
20190707/user4/user4-1-11-r3.dat,4,1,11,3
20190707/user4/user4-4-63-r2.dat,4,4,63,2
20190707/user4/user4-3-64-r6.dat,4,3,64,6
20190707/user4/user4-2-2-r6.dat,4,2,2,6
20190707/user4/user4-3-10-r2.dat,4,3,10,2
20190707/user4/user4-2-74-r5.dat,4,2,74,5
20190707/user4/user4-1-59-r3.dat,4,1,59,3
20190707/user4/user4-1-74-r4.dat,4,1,74,4
20190707/user4/user4-4-69-r3.dat,4,4,69,3
20190707/user4/user4-2-82-r2.dat,4,2,82,2
20190707/user4/user4-3-26-r4.dat,4,3,26,4
20190707/user4/user4-4-63-r1.dat,4,4,63,1
20190707/user4/user4-2-71-r2.dat,4,2,71,2
20190707/user4/user4-2-19-r5.dat,4,2,19,5
20190707/user4/user4-2-99-r3.dat,4,2,99,3
20190707/user4/user4-3-70-r5.dat,4,3,70,5
20190707/user4/user4-3-31-r2.dat,4,3,31,2
20190707/user4/user4-2-5-r6.dat,4,2,5,6
20190707/user4/user4-4-30-r2.dat,4,4,30,2
20190707/user4/user4-3-43-r5.dat,4,3,43,5
20190707/user4/user4-4-49-r4.dat,4,4,49,4
20190707/user4/user4-4-76-r6.dat,4,4,76,6
20190707/user4/user4-1-85-r3.dat,4,1,85,3
20190707/user4/user4-3-56-r3.dat,4,3,56,3
20190707/user4/user4-2-73-r4.dat,4,2,73,4
20190707/user4/user4-1-10-r1.dat,4,1,10,1
20190707/user4/user4-3-97-r1.dat,4,3,97,1
20190707/user4/user4-3-21-r6.dat,4,3,21,6
20190707/user4/user4-4-36-r2.dat,4,4,36,2
20190707/user4/user4-3-89-r3.dat,4,3,89,3
20190707/user4/user4-2-66-r6.dat,4,2,66,6
20190707/user4/user4-4-86-r5.dat,4,4,86,5
20190707/user4/user4-2-87-r6.dat,4,2,87,6
20190707/user4/user4-4-57-r2.dat,4,4,57,2
20190707/user4/user4-4-33-r1.dat,4,4,33,1
20190707/user4/user4-4-31-r2.dat,4,4,31,2
20190707/user4/user4-2-60-r6.dat,4,2,60,6
20190707/user4/user4-3-29-r1.dat,4,3,29,1
20190707/user4/user4-1-23-r6.dat,4,1,23,6
20190707/user4/user4-3-50-r1.dat,4,3,50,1
20190707/user4/user4-3-45-r4.dat,4,3,45,4
20190707/user4/user4-2-61-r2.dat,4,2,61,2
20190707/user4/user4-1-40-r4.dat,4,1,40,4
20190707/user4/user4-4-50-r4.dat,4,4,50,4
20190707/user4/user4-3-20-r1.dat,4,3,20,1
20190707/user4/user4-4-72-r2.dat,4,4,72,2
20190707/user4/user4-4-46-r4.dat,4,4,46,4
20190707/user4/user4-3-19-r5.dat,4,3,19,5
20190707/user4/user4-2-32-r2.dat,4,2,32,2
20190707/user4/user4-4-17-r5.dat,4,4,17,5
20190707/user4/user4-1-85-r2.dat,4,1,85,2
20190707/user4/user4-3-65-r6.dat,4,3,65,6
20190707/user4/user4-2-53-r3.dat,4,2,53,3
20190707/user4/user4-3-13-r5.dat,4,3,13,5
20190707/user4/user4-4-55-r1.dat,4,4,55,1
20190707/user4/user4-1-97-r1.dat,4,1,97,1
20190707/user4/user4-4-97-r3.dat,4,4,97,3
20190707/user4/user4-2-93-r3.dat,4,2,93,3
20190707/user4/user4-4-43-r5.dat,4,4,43,5
20190707/user4/user4-2-2-r4.dat,4,2,2,4
20190707/user4/user4-3-52-r4.dat,4,3,52,4
20190707/user4/user4-2-97-r2.dat,4,2,97,2
20190707/user4/user4-1-69-r5.dat,4,1,69,5
20190707/user4/user4-2-38-r4.dat,4,2,38,4
20190707/user4/user4-3-33-r4.dat,4,3,33,4
20190707/user4/user4-3-81-r6.dat,4,3,81,6
20190707/user4/user4-2-66-r1.dat,4,2,66,1
20190707/user4/user4-3-54-r3.dat,4,3,54,3
20190707/user4/user4-2-46-r1.dat,4,2,46,1
20190707/user4/user4-3-14-r2.dat,4,3,14,2
20190707/user4/user4-3-92-r6.dat,4,3,92,6
20190707/user4/user4-4-15-r3.dat,4,4,15,3
20190707/user4/user4-3-18-r3.dat,4,3,18,3
20190707/user4/user4-2-1-r3.dat,4,2,1,3
20190707/user4/user4-4-26-r3.dat,4,4,26,3
20190707/user4/user4-3-46-r4.dat,4,3,46,4
20190707/user4/user4-2-38-r5.dat,4,2,38,5
20190707/user4/user4-2-13-r5.dat,4,2,13,5
20190707/user4/user4-1-29-r4.dat,4,1,29,4
20190707/user4/user4-1-33-r2.dat,4,1,33,2
20190707/user4/user4-1-87-r1.dat,4,1,87,1
20190707/user4/user4-4-71-r3.dat,4,4,71,3
20190707/user4/user4-2-74-r1.dat,4,2,74,1
20190707/user4/user4-3-39-r5.dat,4,3,39,5
20190707/user4/user4-4-35-r2.dat,4,4,35,2
20190707/user4/user4-3-7-r2.dat,4,3,7,2
20190707/user4/user4-1-97-r3.dat,4,1,97,3
20190707/user4/user4-4-87-r2.dat,4,4,87,2
20190707/user4/user4-3-22-r2.dat,4,3,22,2
20190707/user4/user4-1-79-r4.dat,4,1,79,4
20190707/user4/user4-2-13-r2.dat,4,2,13,2
20190707/user4/user4-2-5-r2.dat,4,2,5,2
20190707/user4/user4-3-81-r3.dat,4,3,81,3
20190707/user4/user4-2-29-r6.dat,4,2,29,6
20190707/user4/user4-2-72-r3.dat,4,2,72,3
20190707/user4/user4-4-18-r2.dat,4,4,18,2
20190707/user4/user4-3-69-r2.dat,4,3,69,2
20190707/user4/user4-1-69-r2.dat,4,1,69,2
20190707/user4/user4-3-9-r3.dat,4,3,9,3
20190707/user4/user4-3-88-r2.dat,4,3,88,2
20190707/user4/user4-2-44-r1.dat,4,2,44,1
20190707/user4/user4-4-48-r2.dat,4,4,48,2
20190707/user4/user4-2-38-r2.dat,4,2,38,2
20190707/user4/user4-1-5-r4.dat,4,1,5,4
20190707/user4/user4-4-78-r1.dat,4,4,78,1
20190707/user4/user4-2-96-r2.dat,4,2,96,2
20190707/user4/user4-4-68-r6.dat,4,4,68,6
20190707/user4/user4-2-78-r6.dat,4,2,78,6
20190707/user4/user4-2-29-r5.dat,4,2,29,5
20190707/user4/user4-1-97-r2.dat,4,1,97,2
20190707/user4/user4-2-9-r4.dat,4,2,9,4
20190707/user4/user4-2-94-r4.dat,4,2,94,4
20190707/user4/user4-2-1-r1.dat,4,2,1,1
20190707/user4/user4-3-20-r6.dat,4,3,20,6
20190707/user4/user4-2-17-r3.dat,4,2,17,3
20190707/user4/user4-1-43-r2.dat,4,1,43,2
20190707/user4/user4-1-81-r4.dat,4,1,81,4
20190707/user4/user4-4-60-r3.dat,4,4,60,3
20190707/user4/user4-4-83-r2.dat,4,4,83,2
20190707/user4/user4-1-20-r4.dat,4,1,20,4
20190707/user4/user4-1-37-r4.dat,4,1,37,4
20190707/user4/user4-3-96-r4.dat,4,3,96,4
20190707/user4/user4-3-12-r1.dat,4,3,12,1
20190707/user4/user4-1-66-r4.dat,4,1,66,4
20190707/user4/user4-3-78-r1.dat,4,3,78,1
20190707/user4/user4-2-81-r2.dat,4,2,81,2
20190707/user4/user4-1-52-r5.dat,4,1,52,5
20190707/user4/user4-4-79-r4.dat,4,4,79,4
20190707/user4/user4-3-40-r5.dat,4,3,40,5
20190707/user4/user4-3-85-r2.dat,4,3,85,2
20190707/user4/user4-2-70-r5.dat,4,2,70,5
20190707/user4/user4-4-57-r3.dat,4,4,57,3
20190707/user4/user4-2-69-r3.dat,4,2,69,3
20190707/user4/user4-3-36-r4.dat,4,3,36,4
20190707/user4/user4-1-71-r4.dat,4,1,71,4
20190707/user4/user4-2-11-r1.dat,4,2,11,1
20190707/user4/user4-1-33-r4.dat,4,1,33,4
20190707/user4/user4-4-61-r2.dat,4,4,61,2
20190707/user4/user4-2-81-r3.dat,4,2,81,3
20190707/user4/user4-3-11-r6.dat,4,3,11,6
20190707/user4/user4-4-46-r6.dat,4,4,46,6
20190707/user4/user4-2-85-r2.dat,4,2,85,2
20190707/user4/user4-3-88-r3.dat,4,3,88,3
20190707/user4/user4-1-91-r3.dat,4,1,91,3
20190707/user4/user4-4-48-r1.dat,4,4,48,1
20190707/user4/user4-2-85-r4.dat,4,2,85,4
20190707/user4/user4-3-1-r6.dat,4,3,1,6
20190707/user4/user4-3-97-r5.dat,4,3,97,5
20190707/user4/user4-3-39-r6.dat,4,3,39,6
20190707/user4/user4-4-2-r3.dat,4,4,2,3
20190707/user4/user4-4-50-r2.dat,4,4,50,2
20190707/user4/user4-2-20-r1.dat,4,2,20,1
20190707/user4/user4-3-60-r5.dat,4,3,60,5
20190707/user4/user4-4-12-r5.dat,4,4,12,5
20190707/user4/user4-2-49-r4.dat,4,2,49,4
20190707/user4/user4-4-80-r5.dat,4,4,80,5
20190707/user4/user4-3-32-r2.dat,4,3,32,2
20190707/user4/user4-2-49-r2.dat,4,2,49,2
20190707/user4/user4-4-46-r5.dat,4,4,46,5
20190707/user4/user4-4-15-r1.dat,4,4,15,1
20190707/user4/user4-3-46-r5.dat,4,3,46,5
20190707/user4/user4-2-89-r6.dat,4,2,89,6
20190707/user4/user4-4-83-r3.dat,4,4,83,3
20190707/user4/user4-1-19-r2.dat,4,1,19,2
20190707/user4/user4-3-67-r4.dat,4,3,67,4
20190707/user4/user4-4-72-r6.dat,4,4,72,6
20190707/user4/user4-1-70-r2.dat,4,1,70,2
20190707/user4/user4-3-30-r5.dat,4,3,30,5
20190707/user4/user4-4-30-r4.dat,4,4,30,4
20190707/user4/user4-1-55-r2.dat,4,1,55,2
20190707/user4/user4-1-3-r2.dat,4,1,3,2
20190707/user4/user4-2-78-r4.dat,4,2,78,4
20190707/user4/user4-4-96-r4.dat,4,4,96,4
20190707/user4/user4-3-14-r3.dat,4,3,14,3
20190707/user4/user4-2-9-r3.dat,4,2,9,3
20190707/user4/user4-1-8-r5.dat,4,1,8,5
20190707/user4/user4-4-97-r4.dat,4,4,97,4
20190707/user4/user4-3-80-r6.dat,4,3,80,6
20190707/user4/user4-4-22-r2.dat,4,4,22,2
20190707/user4/user4-3-4-r2.dat,4,3,4,2
20190707/user4/user4-4-10-r6.dat,4,4,10,6
20190707/user4/user4-2-39-r5.dat,4,2,39,5
20190707/user4/user4-3-86-r6.dat,4,3,86,6
20190707/user4/user4-3-85-r5.dat,4,3,85,5
20190707/user4/user4-2-55-r3.dat,4,2,55,3
20190707/user4/user4-4-28-r1.dat,4,4,28,1
20190707/user4/user4-4-6-r3.dat,4,4,6,3
20190707/user4/user4-2-61-r4.dat,4,2,61,4
20190707/user4/user4-2-62-r6.dat,4,2,62,6
20190707/user4/user4-4-12-r2.dat,4,4,12,2
20190707/user4/user4-1-43-r6.dat,4,1,43,6
20190707/user4/user4-2-19-r3.dat,4,2,19,3
20190707/user4/user4-1-78-r3.dat,4,1,78,3
20190707/user4/user4-4-90-r1.dat,4,4,90,1
20190707/user4/user4-4-21-r4.dat,4,4,21,4
20190707/user4/user4-3-1-r1.dat,4,3,1,1
20190707/user4/user4-4-26-r1.dat,4,4,26,1
20190707/user4/user4-2-50-r3.dat,4,2,50,3
20190707/user4/user4-2-69-r4.dat,4,2,69,4
20190707/user4/user4-3-28-r3.dat,4,3,28,3
20190707/user4/user4-2-60-r3.dat,4,2,60,3
20190707/user4/user4-1-72-r2.dat,4,1,72,2
20190707/user4/user4-4-79-r2.dat,4,4,79,2
20190707/user4/user4-3-89-r4.dat,4,3,89,4
20190707/user4/user4-3-60-r2.dat,4,3,60,2
20190707/user4/user4-3-55-r5.dat,4,3,55,5
20190707/user4/user4-2-31-r4.dat,4,2,31,4
20190707/user4/user4-1-72-r1.dat,4,1,72,1
20190707/user4/user4-2-10-r2.dat,4,2,10,2
20190707/user4/user4-4-84-r3.dat,4,4,84,3
20190707/user4/user4-4-96-r5.dat,4,4,96,5
20190707/user4/user4-1-51-r3.dat,4,1,51,3
20190707/user4/user4-2-21-r2.dat,4,2,21,2
20190707/user4/user4-4-66-r4.dat,4,4,66,4
20190707/user4/user4-4-16-r5.dat,4,4,16,5
20190707/user4/user4-1-42-r6.dat,4,1,42,6
20190707/user4/user4-1-7-r1.dat,4,1,7,1
20190707/user4/user4-4-60-r4.dat,4,4,60,4
20190707/user4/user4-1-53-r2.dat,4,1,53,2
20190707/user4/user4-2-88-r5.dat,4,2,88,5
20190707/user4/user4-1-93-r4.dat,4,1,93,4
20190707/user4/user4-4-66-r6.dat,4,4,66,6
20190707/user4/user4-4-69-r2.dat,4,4,69,2
20190707/user4/user4-1-7-r6.dat,4,1,7,6
20190707/user4/user4-4-76-r3.dat,4,4,76,3
20190707/user4/user4-2-24-r1.dat,4,2,24,1
20190707/user4/user4-1-56-r5.dat,4,1,56,5
20190707/user4/user4-4-73-r6.dat,4,4,73,6
20190707/user4/user4-2-68-r1.dat,4,2,68,1
20190707/user4/user4-1-77-r5.dat,4,1,77,5
20190707/user4/user4-2-45-r3.dat,4,2,45,3
20190707/user4/user4-4-17-r3.dat,4,4,17,3
20190707/user4/user4-2-85-r1.dat,4,2,85,1
20190707/user4/user4-2-45-r1.dat,4,2,45,1
20190707/user4/user4-4-52-r1.dat,4,4,52,1
20190707/user4/user4-1-94-r3.dat,4,1,94,3
20190707/user4/user4-4-88-r1.dat,4,4,88,1
20190707/user4/user4-2-84-r2.dat,4,2,84,2
20190707/user4/user4-1-62-r6.dat,4,1,62,6
20190707/user4/user4-4-92-r3.dat,4,4,92,3
20190707/user4/user4-3-50-r6.dat,4,3,50,6
20190707/user4/user4-4-55-r3.dat,4,4,55,3
20190707/user4/user4-1-96-r1.dat,4,1,96,1
20190707/user4/user4-3-88-r5.dat,4,3,88,5
20190707/user4/user4-4-1-r2.dat,4,4,1,2
20190707/user4/user4-4-48-r6.dat,4,4,48,6
20190707/user4/user4-4-63-r3.dat,4,4,63,3
20190707/user4/user4-2-34-r4.dat,4,2,34,4
20190707/user4/user4-4-76-r5.dat,4,4,76,5
20190707/user4/user4-1-56-r2.dat,4,1,56,2
20190707/user4/user4-2-78-r5.dat,4,2,78,5
20190707/user4/user4-1-51-r1.dat,4,1,51,1
20190707/user4/user4-3-92-r2.dat,4,3,92,2
20190707/user4/user4-4-36-r6.dat,4,4,36,6
20190707/user4/user4-1-6-r2.dat,4,1,6,2
20190707/user4/user4-4-3-r4.dat,4,4,3,4
20190707/user4/user4-3-49-r1.dat,4,3,49,1
20190707/user4/user4-4-72-r5.dat,4,4,72,5
20190707/user4/user4-2-59-r2.dat,4,2,59,2
20190707/user4/user4-3-94-r4.dat,4,3,94,4
20190707/user4/user4-3-2-r3.dat,4,3,2,3
20190707/user4/user4-2-94-r6.dat,4,2,94,6
20190707/user4/user4-4-100-r3.dat,4,4,100,3
20190707/user4/user4-3-44-r1.dat,4,3,44,1
20190707/user4/user4-2-24-r6.dat,4,2,24,6
20190707/user4/user4-4-18-r3.dat,4,4,18,3
20190707/user4/user4-1-68-r2.dat,4,1,68,2
20190707/user4/user4-2-35-r6.dat,4,2,35,6
20190707/user4/user4-4-11-r6.dat,4,4,11,6
20190707/user4/user4-2-55-r6.dat,4,2,55,6
20190707/user4/user4-4-2-r5.dat,4,4,2,5
20190707/user4/user4-2-91-r5.dat,4,2,91,5
20190707/user4/user4-4-75-r1.dat,4,4,75,1
20190707/user4/user4-2-24-r4.dat,4,2,24,4
20190707/user4/user4-3-25-r6.dat,4,3,25,6
20190707/user4/user4-3-52-r5.dat,4,3,52,5
20190707/user4/user4-4-12-r3.dat,4,4,12,3
20190707/user4/user4-4-43-r2.dat,4,4,43,2
20190707/user4/user4-1-10-r4.dat,4,1,10,4
20190707/user4/user4-2-25-r6.dat,4,2,25,6
20190707/user4/user4-1-46-r1.dat,4,1,46,1
20190707/user4/user4-1-35-r6.dat,4,1,35,6
20190707/user4/user4-3-82-r5.dat,4,3,82,5
20190707/user4/user4-3-70-r4.dat,4,3,70,4
20190707/user4/user4-4-37-r3.dat,4,4,37,3
20190707/user4/user4-4-44-r5.dat,4,4,44,5
20190707/user4/user4-1-48-r3.dat,4,1,48,3
20190707/user4/user4-2-42-r3.dat,4,2,42,3
20190707/user4/user4-3-84-r1.dat,4,3,84,1
20190707/user4/user4-3-39-r1.dat,4,3,39,1
20190707/user4/user4-3-33-r2.dat,4,3,33,2
20190707/user4/user4-1-35-r2.dat,4,1,35,2
20190707/user4/user4-4-25-r2.dat,4,4,25,2
20190707/user4/user4-2-10-r4.dat,4,2,10,4
20190707/user4/user4-1-89-r5.dat,4,1,89,5
20190707/user4/user4-1-58-r1.dat,4,1,58,1
20190707/user4/user4-3-21-r3.dat,4,3,21,3
20190707/user4/user4-3-37-r5.dat,4,3,37,5
20190707/user4/user4-3-12-r3.dat,4,3,12,3
20190707/user4/user4-1-52-r4.dat,4,1,52,4
20190707/user4/user4-3-100-r1.dat,4,3,100,1
20190707/user4/user4-1-75-r3.dat,4,1,75,3
20190707/user4/user4-1-37-r1.dat,4,1,37,1
20190707/user4/user4-3-49-r4.dat,4,3,49,4
20190707/user4/user4-3-23-r4.dat,4,3,23,4
20190707/user4/user4-3-82-r4.dat,4,3,82,4
20190707/user4/user4-4-23-r3.dat,4,4,23,3
20190707/user4/user4-3-29-r5.dat,4,3,29,5
20190707/user4/user4-2-100-r1.dat,4,2,100,1
20190707/user4/user4-3-40-r3.dat,4,3,40,3
20190707/user4/user4-3-64-r3.dat,4,3,64,3
20190707/user4/user4-1-85-r1.dat,4,1,85,1
20190707/user4/user4-2-25-r1.dat,4,2,25,1
20190707/user4/user4-2-75-r1.dat,4,2,75,1
20190707/user4/user4-4-78-r6.dat,4,4,78,6
20190707/user4/user4-4-29-r3.dat,4,4,29,3
20190707/user4/user4-3-45-r5.dat,4,3,45,5
20190707/user4/user4-3-38-r4.dat,4,3,38,4
20190707/user4/user4-3-6-r2.dat,4,3,6,2
20190707/user4/user4-1-15-r2.dat,4,1,15,2
20190707/user4/user4-4-92-r6.dat,4,4,92,6
20190707/user4/user4-2-68-r6.dat,4,2,68,6
20190707/user4/user4-1-14-r3.dat,4,1,14,3
20190707/user4/user4-1-64-r2.dat,4,1,64,2
20190707/user4/user4-1-81-r6.dat,4,1,81,6
20190707/user4/user4-2-83-r3.dat,4,2,83,3
20190707/user4/user4-2-59-r6.dat,4,2,59,6
20190707/user4/user4-2-39-r6.dat,4,2,39,6
20190707/user4/user4-4-67-r5.dat,4,4,67,5
20190707/user4/user4-2-65-r6.dat,4,2,65,6
20190707/user4/user4-4-94-r1.dat,4,4,94,1
20190707/user4/user4-2-52-r4.dat,4,2,52,4
20190707/user4/user4-2-26-r1.dat,4,2,26,1
20190707/user4/user4-2-79-r6.dat,4,2,79,6
20190707/user4/user4-2-65-r5.dat,4,2,65,5
20190707/user4/user4-3-8-r3.dat,4,3,8,3
20190707/user4/user4-1-71-r6.dat,4,1,71,6
20190707/user4/user4-3-61-r3.dat,4,3,61,3
20190707/user4/user4-3-8-r6.dat,4,3,8,6
20190707/user4/user4-1-47-r4.dat,4,1,47,4
20190707/user4/user4-3-55-r1.dat,4,3,55,1
20190707/user4/user4-4-95-r2.dat,4,4,95,2
20190707/user4/user4-4-27-r6.dat,4,4,27,6
20190707/user4/user4-3-13-r1.dat,4,3,13,1
20190707/user4/user4-4-74-r4.dat,4,4,74,4
20190707/user4/user4-3-95-r2.dat,4,3,95,2
20190707/user4/user4-2-77-r1.dat,4,2,77,1
20190707/user4/user4-1-28-r6.dat,4,1,28,6
20190707/user4/user4-3-87-r6.dat,4,3,87,6
20190707/user4/user4-2-66-r5.dat,4,2,66,5
20190707/user4/user4-4-55-r2.dat,4,4,55,2
20190707/user4/user4-4-9-r3.dat,4,4,9,3
20190707/user4/user4-4-44-r6.dat,4,4,44,6
20190707/user4/user4-3-35-r4.dat,4,3,35,4
20190707/user4/user4-1-11-r5.dat,4,1,11,5
20190707/user4/user4-1-24-r3.dat,4,1,24,3
20190707/user4/user4-4-100-r2.dat,4,4,100,2
20190707/user4/user4-2-54-r1.dat,4,2,54,1
20190707/user4/user4-4-84-r6.dat,4,4,84,6
20190707/user4/user4-1-23-r1.dat,4,1,23,1
20190707/user4/user4-1-63-r3.dat,4,1,63,3
20190707/user4/user4-4-25-r5.dat,4,4,25,5
20190707/user4/user4-2-37-r4.dat,4,2,37,4
20190707/user4/user4-3-94-r2.dat,4,3,94,2
20190707/user4/user4-3-44-r2.dat,4,3,44,2
20190707/user4/user4-3-52-r6.dat,4,3,52,6
20190707/user4/user4-2-89-r2.dat,4,2,89,2
20190707/user4/user4-4-3-r5.dat,4,4,3,5
20190707/user4/user4-2-10-r5.dat,4,2,10,5
20190707/user4/user4-3-59-r2.dat,4,3,59,2
20190707/user4/user4-3-31-r5.dat,4,3,31,5
20190707/user4/user4-4-100-r4.dat,4,4,100,4
20190707/user4/user4-4-62-r6.dat,4,4,62,6
20190707/user4/user4-3-65-r4.dat,4,3,65,4
20190707/user4/user4-2-76-r6.dat,4,2,76,6
20190707/user4/user4-3-24-r3.dat,4,3,24,3
20190707/user4/user4-3-100-r3.dat,4,3,100,3
20190707/user4/user4-1-74-r1.dat,4,1,74,1
20190707/user4/user4-1-64-r1.dat,4,1,64,1
20190707/user4/user4-1-63-r2.dat,4,1,63,2
20190707/user4/user4-2-46-r2.dat,4,2,46,2
20190707/user4/user4-3-49-r6.dat,4,3,49,6
20190707/user4/user4-4-84-r1.dat,4,4,84,1
20190707/user4/user4-1-51-r2.dat,4,1,51,2
20190707/user4/user4-2-52-r3.dat,4,2,52,3
20190707/user4/user4-1-95-r2.dat,4,1,95,2
20190707/user4/user4-2-76-r5.dat,4,2,76,5
20190707/user4/user4-2-51-r1.dat,4,2,51,1
20190707/user4/user4-2-27-r1.dat,4,2,27,1
20190707/user4/user4-4-87-r1.dat,4,4,87,1
20190707/user4/user4-1-27-r2.dat,4,1,27,2
20190707/user4/user4-1-96-r3.dat,4,1,96,3
20190707/user4/user4-2-91-r1.dat,4,2,91,1
20190707/user4/user4-4-86-r3.dat,4,4,86,3
20190707/user4/user4-3-3-r3.dat,4,3,3,3
20190707/user4/user4-4-45-r6.dat,4,4,45,6
20190707/user4/user4-4-77-r4.dat,4,4,77,4
20190707/user4/user4-3-1-r3.dat,4,3,1,3
20190707/user4/user4-3-17-r6.dat,4,3,17,6
20190707/user4/user4-2-58-r5.dat,4,2,58,5
20190707/user4/user4-1-27-r3.dat,4,1,27,3
20190707/user4/user4-4-95-r1.dat,4,4,95,1
20190707/user4/user4-3-51-r4.dat,4,3,51,4
20190707/user4/user4-2-66-r3.dat,4,2,66,3
20190707/user4/user4-1-8-r6.dat,4,1,8,6
20190707/user4/user4-3-73-r1.dat,4,3,73,1
20190707/user4/user4-3-43-r3.dat,4,3,43,3
20190707/user4/user4-4-30-r6.dat,4,4,30,6
20190707/user4/user4-4-100-r1.dat,4,4,100,1
20190707/user4/user4-3-59-r3.dat,4,3,59,3
20190707/user4/user4-4-99-r1.dat,4,4,99,1
20190707/user4/user4-1-44-r6.dat,4,1,44,6
20190707/user4/user4-4-81-r6.dat,4,4,81,6
20190707/user4/user4-1-92-r4.dat,4,1,92,4
20190707/user4/user4-4-93-r1.dat,4,4,93,1
20190707/user4/user4-2-55-r4.dat,4,2,55,4
20190707/user4/user4-4-16-r4.dat,4,4,16,4
20190707/user4/user4-1-47-r3.dat,4,1,47,3
20190707/user4/user4-4-55-r4.dat,4,4,55,4
20190707/user4/user4-3-58-r4.dat,4,3,58,4
20190707/user4/user4-1-28-r4.dat,4,1,28,4
20190707/user4/user4-4-75-r4.dat,4,4,75,4
20190707/user4/user4-3-42-r6.dat,4,3,42,6
20190707/user4/user4-3-62-r2.dat,4,3,62,2
20190707/user4/user4-4-48-r5.dat,4,4,48,5
20190707/user4/user4-3-30-r1.dat,4,3,30,1
20190707/user4/user4-4-74-r5.dat,4,4,74,5
20190707/user4/user4-3-54-r4.dat,4,3,54,4
20190707/user4/user4-1-22-r4.dat,4,1,22,4
20190707/user4/user4-3-5-r4.dat,4,3,5,4
20190707/user4/user4-3-9-r2.dat,4,3,9,2
20190707/user4/user4-4-91-r3.dat,4,4,91,3
20190707/user4/user4-2-60-r1.dat,4,2,60,1
20190707/user4/user4-3-20-r4.dat,4,3,20,4
20190707/user4/user4-4-70-r4.dat,4,4,70,4
20190707/user4/user4-3-70-r6.dat,4,3,70,6
20190707/user4/user4-4-56-r6.dat,4,4,56,6
20190707/user4/user4-2-3-r1.dat,4,2,3,1
20190707/user4/user4-2-4-r1.dat,4,2,4,1
20190707/user4/user4-3-16-r1.dat,4,3,16,1
20190707/user4/user4-1-16-r2.dat,4,1,16,2
20190707/user4/user4-2-16-r6.dat,4,2,16,6
20190707/user4/user4-4-76-r4.dat,4,4,76,4
20190707/user4/user4-4-17-r1.dat,4,4,17,1
20190707/user4/user4-3-92-r3.dat,4,3,92,3
20190707/user4/user4-3-48-r1.dat,4,3,48,1
20190707/user4/user4-4-31-r5.dat,4,4,31,5
20190707/user4/user4-2-97-r5.dat,4,2,97,5
20190707/user4/user4-1-81-r1.dat,4,1,81,1
20190707/user4/user4-1-35-r5.dat,4,1,35,5
20190707/user4/user4-4-8-r6.dat,4,4,8,6
20190707/user4/user4-4-40-r6.dat,4,4,40,6
20190707/user4/user4-4-50-r1.dat,4,4,50,1
20190707/user4/user4-1-22-r2.dat,4,1,22,2
20190707/user4/user4-1-54-r4.dat,4,1,54,4
20190707/user4/user4-4-51-r6.dat,4,4,51,6
20190707/user4/user4-3-94-r1.dat,4,3,94,1
20190707/user4/user4-1-56-r3.dat,4,1,56,3
20190707/user4/user4-4-25-r6.dat,4,4,25,6
20190707/user4/user4-4-70-r5.dat,4,4,70,5
20190707/user4/user4-2-85-r6.dat,4,2,85,6
20190707/user4/user4-2-34-r1.dat,4,2,34,1
20190707/user4/user4-3-71-r4.dat,4,3,71,4
20190707/user4/user4-1-10-r6.dat,4,1,10,6
20190707/user4/user4-1-38-r1.dat,4,1,38,1
20190707/user4/user4-4-90-r2.dat,4,4,90,2
20190707/user4/user4-2-78-r1.dat,4,2,78,1
20190707/user4/user4-2-44-r4.dat,4,2,44,4
20190707/user4/user4-4-85-r6.dat,4,4,85,6
20190707/user4/user4-4-67-r3.dat,4,4,67,3
20190707/user4/user4-3-18-r1.dat,4,3,18,1
20190707/user4/user4-3-37-r4.dat,4,3,37,4
20190707/user4/user4-3-47-r3.dat,4,3,47,3
20190707/user4/user4-4-51-r2.dat,4,4,51,2
20190707/user4/user4-1-76-r2.dat,4,1,76,2
20190707/user4/user4-4-7-r5.dat,4,4,7,5
20190707/user4/user4-2-93-r1.dat,4,2,93,1
20190707/user4/user4-3-90-r4.dat,4,3,90,4
20190707/user4/user4-1-93-r1.dat,4,1,93,1
20190707/user4/user4-3-70-r3.dat,4,3,70,3
20190707/user4/user4-3-75-r5.dat,4,3,75,5
20190707/user4/user4-3-72-r6.dat,4,3,72,6
20190707/user4/user4-1-53-r1.dat,4,1,53,1
20190707/user4/user4-3-93-r3.dat,4,3,93,3
20190707/user4/user4-2-87-r3.dat,4,2,87,3
20190707/user4/user4-4-27-r1.dat,4,4,27,1
20190707/user4/user4-3-53-r2.dat,4,3,53,2
20190707/user4/user4-1-53-r5.dat,4,1,53,5
20190707/user4/user4-1-16-r6.dat,4,1,16,6
20190707/user4/user4-4-50-r6.dat,4,4,50,6
20190707/user4/user4-2-57-r3.dat,4,2,57,3
20190707/user4/user4-4-7-r2.dat,4,4,7,2
20190707/user4/user4-4-73-r2.dat,4,4,73,2
20190707/user4/user4-1-9-r2.dat,4,1,9,2
20190707/user4/user4-4-75-r5.dat,4,4,75,5
20190707/user4/user4-3-58-r6.dat,4,3,58,6
20190707/user4/user4-1-66-r6.dat,4,1,66,6
20190707/user4/user4-4-39-r5.dat,4,4,39,5
20190707/user4/user4-2-27-r4.dat,4,2,27,4
20190707/user4/user4-4-45-r4.dat,4,4,45,4
20190707/user4/user4-3-87-r4.dat,4,3,87,4
20190707/user4/user4-3-11-r4.dat,4,3,11,4
20190707/user4/user4-3-39-r2.dat,4,3,39,2
20190707/user4/user4-3-51-r2.dat,4,3,51,2
20190707/user4/user4-3-76-r4.dat,4,3,76,4
20190707/user4/user4-2-62-r2.dat,4,2,62,2
20190707/user4/user4-3-50-r4.dat,4,3,50,4
20190707/user4/user4-3-57-r3.dat,4,3,57,3
20190707/user4/user4-3-87-r3.dat,4,3,87,3
20190707/user4/user4-1-75-r1.dat,4,1,75,1
20190707/user4/user4-2-14-r5.dat,4,2,14,5
20190707/user4/user4-3-56-r2.dat,4,3,56,2
20190707/user4/user4-4-24-r3.dat,4,4,24,3
20190707/user4/user4-1-39-r6.dat,4,1,39,6
20190707/user4/user4-2-89-r3.dat,4,2,89,3
20190707/user4/user4-4-92-r1.dat,4,4,92,1
20190707/user4/user4-4-56-r5.dat,4,4,56,5
20190707/user4/user4-1-54-r6.dat,4,1,54,6
20190707/user4/user4-2-62-r3.dat,4,2,62,3
20190707/user4/user4-1-34-r6.dat,4,1,34,6
20190707/user4/user4-2-34-r5.dat,4,2,34,5
20190707/user4/user4-4-3-r6.dat,4,4,3,6
20190707/user4/user4-1-70-r4.dat,4,1,70,4
20190707/user4/user4-3-67-r1.dat,4,3,67,1
20190707/user4/user4-4-92-r2.dat,4,4,92,2
20190707/user4/user4-1-43-r4.dat,4,1,43,4
20190707/user4/user4-4-19-r4.dat,4,4,19,4
20190707/user4/user4-1-1-r2.dat,4,1,1,2
20190707/user4/user4-2-54-r5.dat,4,2,54,5
20190707/user4/user4-3-77-r4.dat,4,3,77,4
20190707/user4/user4-1-73-r4.dat,4,1,73,4
20190707/user4/user4-4-5-r3.dat,4,4,5,3
20190707/user4/user4-1-80-r6.dat,4,1,80,6
20190707/user4/user4-1-86-r4.dat,4,1,86,4
20190707/user4/user4-4-86-r4.dat,4,4,86,4
20190707/user4/user4-2-85-r3.dat,4,2,85,3
20190707/user4/user4-3-31-r3.dat,4,3,31,3
20190707/user4/user4-2-60-r4.dat,4,2,60,4
20190707/user4/user4-3-10-r6.dat,4,3,10,6
20190707/user4/user4-1-29-r2.dat,4,1,29,2
20190707/user4/user4-1-82-r5.dat,4,1,82,5
20190707/user4/user4-3-86-r2.dat,4,3,86,2
20190707/user4/user4-1-5-r3.dat,4,1,5,3
20190707/user4/user4-1-94-r2.dat,4,1,94,2
20190707/user4/user4-1-88-r6.dat,4,1,88,6
20190707/user4/user4-4-61-r4.dat,4,4,61,4
20190707/user4/user4-1-36-r2.dat,4,1,36,2
20190707/user4/user4-2-11-r3.dat,4,2,11,3
20190707/user4/user4-3-97-r2.dat,4,3,97,2
20190707/user4/user4-4-24-r2.dat,4,4,24,2
20190707/user4/user4-3-80-r3.dat,4,3,80,3
20190707/user4/user4-4-8-r4.dat,4,4,8,4
20190707/user4/user4-4-35-r6.dat,4,4,35,6
20190707/user4/user4-4-66-r1.dat,4,4,66,1
20190707/user4/user4-4-80-r3.dat,4,4,80,3
20190707/user4/user4-4-77-r3.dat,4,4,77,3
20190707/user4/user4-1-26-r2.dat,4,1,26,2
20190707/user4/user4-4-54-r5.dat,4,4,54,5
20190707/user4/user4-2-84-r4.dat,4,2,84,4
20190707/user4/user4-3-41-r5.dat,4,3,41,5
20190707/user4/user4-3-34-r3.dat,4,3,34,3
20190707/user4/user4-3-46-r1.dat,4,3,46,1
20190707/user4/user4-3-80-r1.dat,4,3,80,1
20190707/user4/user4-2-67-r6.dat,4,2,67,6
20190707/user4/user4-1-97-r5.dat,4,1,97,5
20190707/user4/user4-2-97-r1.dat,4,2,97,1
20190707/user4/user4-2-14-r4.dat,4,2,14,4
20190707/user4/user4-3-91-r2.dat,4,3,91,2
20190707/user4/user4-2-11-r2.dat,4,2,11,2
20190707/user4/user4-3-79-r4.dat,4,3,79,4
20190707/user4/user4-2-84-r1.dat,4,2,84,1
20190707/user4/user4-4-29-r6.dat,4,4,29,6
20190707/user4/user4-1-99-r2.dat,4,1,99,2
20190707/user4/user4-1-75-r5.dat,4,1,75,5
20190707/user4/user4-2-54-r2.dat,4,2,54,2
20190707/user4/user4-1-81-r3.dat,4,1,81,3
20190707/user4/user4-2-91-r6.dat,4,2,91,6
20190707/user4/user4-1-26-r1.dat,4,1,26,1
20190707/user4/user4-1-69-r4.dat,4,1,69,4
20190707/user4/user4-3-92-r1.dat,4,3,92,1
20190707/user4/user4-1-16-r3.dat,4,1,16,3
20190707/user4/user4-3-40-r4.dat,4,3,40,4
20190707/user4/user4-4-8-r1.dat,4,4,8,1
20190707/user4/user4-3-34-r2.dat,4,3,34,2
20190707/user4/user4-4-14-r2.dat,4,4,14,2
20190707/user4/user4-2-38-r1.dat,4,2,38,1
20190707/user4/user4-2-61-r3.dat,4,2,61,3
20190707/user4/user4-2-63-r6.dat,4,2,63,6
20190707/user4/user4-3-98-r2.dat,4,3,98,2
20190707/user4/user4-1-75-r6.dat,4,1,75,6
20190707/user4/user4-2-51-r3.dat,4,2,51,3
20190707/user4/user4-1-49-r1.dat,4,1,49,1
20190707/user4/user4-4-22-r5.dat,4,4,22,5
20190707/user4/user4-4-92-r4.dat,4,4,92,4
20190707/user4/user4-3-50-r2.dat,4,3,50,2
20190707/user4/user4-4-37-r6.dat,4,4,37,6
20190707/user4/user4-4-84-r5.dat,4,4,84,5
20190707/user4/user4-3-35-r5.dat,4,3,35,5
20190707/user4/user4-1-65-r2.dat,4,1,65,2
20190707/user4/user4-3-82-r6.dat,4,3,82,6
20190707/user4/user4-3-21-r1.dat,4,3,21,1
20190707/user4/user4-4-9-r5.dat,4,4,9,5
20190707/user4/user4-2-97-r4.dat,4,2,97,4
20190707/user4/user4-1-1-r6.dat,4,1,1,6
20190707/user4/user4-3-52-r1.dat,4,3,52,1
20190707/user4/user4-2-4-r6.dat,4,2,4,6
20190707/user4/user4-2-29-r2.dat,4,2,29,2
20190707/user4/user4-3-69-r6.dat,4,3,69,6
20190707/user4/user4-4-51-r4.dat,4,4,51,4
20190707/user4/user4-1-24-r4.dat,4,1,24,4
20190707/user4/user4-4-21-r6.dat,4,4,21,6
20190707/user4/user4-3-23-r1.dat,4,3,23,1
20190707/user4/user4-2-36-r1.dat,4,2,36,1
20190707/user4/user4-2-86-r1.dat,4,2,86,1
20190707/user4/user4-3-54-r2.dat,4,3,54,2
20190707/user4/user4-3-20-r2.dat,4,3,20,2
20190707/user4/user4-4-37-r2.dat,4,4,37,2
20190707/user4/user4-1-72-r6.dat,4,1,72,6
20190707/user4/user4-3-37-r3.dat,4,3,37,3
20190707/user4/user4-1-40-r1.dat,4,1,40,1
20190707/user4/user4-1-41-r1.dat,4,1,41,1
20190707/user4/user4-3-79-r2.dat,4,3,79,2
20190707/user4/user4-3-74-r1.dat,4,3,74,1
20190707/user4/user4-2-93-r6.dat,4,2,93,6
20190707/user4/user4-4-36-r1.dat,4,4,36,1
20190707/user4/user4-1-71-r1.dat,4,1,71,1
20190707/user4/user4-4-40-r4.dat,4,4,40,4
20190707/user4/user4-4-42-r2.dat,4,4,42,2
20190707/user4/user4-1-19-r6.dat,4,1,19,6
20190707/user4/user4-2-100-r4.dat,4,2,100,4
20190707/user4/user4-3-75-r6.dat,4,3,75,6
20190707/user4/user4-4-59-r2.dat,4,4,59,2
20190707/user4/user4-3-73-r5.dat,4,3,73,5
20190707/user4/user4-1-24-r2.dat,4,1,24,2
20190707/user4/user4-4-68-r2.dat,4,4,68,2
20190707/user4/user4-4-19-r2.dat,4,4,19,2
20190707/user4/user4-4-29-r4.dat,4,4,29,4
20190707/user4/user4-1-42-r5.dat,4,1,42,5
20190707/user4/user4-2-96-r3.dat,4,2,96,3
20190707/user4/user4-2-43-r2.dat,4,2,43,2
20190707/user4/user4-2-19-r6.dat,4,2,19,6
20190707/user4/user4-2-19-r4.dat,4,2,19,4
20190707/user4/user4-1-95-r5.dat,4,1,95,5
20190707/user4/user4-3-2-r6.dat,4,3,2,6
20190707/user4/user4-2-46-r4.dat,4,2,46,4
20190707/user4/user4-1-80-r5.dat,4,1,80,5
20190707/user4/user4-4-71-r4.dat,4,4,71,4
20190707/user4/user4-4-70-r1.dat,4,4,70,1
20190707/user4/user4-2-10-r6.dat,4,2,10,6
20190707/user4/user4-4-80-r2.dat,4,4,80,2
20190707/user4/user4-2-78-r3.dat,4,2,78,3
20190707/user4/user4-2-63-r4.dat,4,2,63,4
20190707/user4/user4-4-43-r6.dat,4,4,43,6
20190707/user4/user4-1-46-r4.dat,4,1,46,4
20190707/user4/user4-2-87-r2.dat,4,2,87,2
20190707/user4/user4-1-3-r4.dat,4,1,3,4
20190707/user4/user4-3-36-r3.dat,4,3,36,3
20190707/user4/user4-1-30-r3.dat,4,1,30,3
20190707/user4/user4-1-80-r4.dat,4,1,80,4
20190707/user4/user4-2-58-r6.dat,4,2,58,6
20190707/user4/user4-3-85-r4.dat,4,3,85,4
20190707/user4/user4-2-56-r3.dat,4,2,56,3
20190707/user4/user4-2-80-r4.dat,4,2,80,4
20190707/user4/user4-2-43-r1.dat,4,2,43,1
20190707/user4/user4-4-40-r2.dat,4,4,40,2
20190707/user4/user4-2-49-r5.dat,4,2,49,5
20190707/user4/user4-1-8-r2.dat,4,1,8,2
20190707/user4/user4-1-28-r1.dat,4,1,28,1
20190707/user4/user4-4-76-r1.dat,4,4,76,1
20190707/user4/user4-1-18-r1.dat,4,1,18,1
20190707/user4/user4-1-56-r1.dat,4,1,56,1
20190707/user4/user4-3-99-r6.dat,4,3,99,6
20190707/user4/user4-4-44-r2.dat,4,4,44,2
20190707/user4/user4-2-44-r3.dat,4,2,44,3
20190707/user4/user4-4-26-r5.dat,4,4,26,5
20190707/user4/user4-2-17-r5.dat,4,2,17,5
20190707/user4/user4-4-54-r3.dat,4,4,54,3
20190707/user4/user4-1-94-r1.dat,4,1,94,1
20190707/user4/user4-3-74-r4.dat,4,3,74,4
20190707/user4/user4-1-84-r2.dat,4,1,84,2
20190707/user4/user4-3-97-r4.dat,4,3,97,4
20190707/user4/user4-3-55-r4.dat,4,3,55,4
20190707/user4/user4-3-37-r6.dat,4,3,37,6
20190707/user4/user4-3-17-r4.dat,4,3,17,4
20190707/user4/user4-4-5-r1.dat,4,4,5,1
20190707/user4/user4-3-15-r2.dat,4,3,15,2
20190707/user4/user4-4-28-r4.dat,4,4,28,4
20190707/user4/user4-2-81-r6.dat,4,2,81,6
20190707/user4/user4-2-1-r2.dat,4,2,1,2
20190707/user4/user4-2-90-r2.dat,4,2,90,2
20190707/user4/user4-3-19-r1.dat,4,3,19,1
20190707/user4/user4-1-21-r6.dat,4,1,21,6
20190707/user4/user4-3-44-r6.dat,4,3,44,6
20190707/user4/user4-1-2-r1.dat,4,1,2,1
20190707/user4/user4-2-71-r1.dat,4,2,71,1
20190707/user4/user4-1-21-r2.dat,4,1,21,2
20190707/user4/user4-1-85-r5.dat,4,1,85,5
20190707/user4/user4-4-32-r2.dat,4,4,32,2
20190707/user4/user4-4-9-r4.dat,4,4,9,4
20190707/user4/user4-3-34-r5.dat,4,3,34,5
20190707/user4/user4-2-6-r6.dat,4,2,6,6
20190707/user4/user4-4-52-r4.dat,4,4,52,4
20190707/user4/user4-4-7-r4.dat,4,4,7,4
20190707/user4/user4-1-35-r3.dat,4,1,35,3
20190707/user4/user4-3-98-r4.dat,4,3,98,4
20190707/user4/user4-3-49-r2.dat,4,3,49,2
20190707/user4/user4-3-15-r5.dat,4,3,15,5
20190707/user4/user4-3-57-r6.dat,4,3,57,6
20190707/user4/user4-3-34-r6.dat,4,3,34,6
20190707/user4/user4-4-16-r3.dat,4,4,16,3
20190707/user4/user4-3-43-r2.dat,4,3,43,2
20190707/user4/user4-1-54-r1.dat,4,1,54,1
20190707/user4/user4-3-15-r3.dat,4,3,15,3
20190707/user4/user4-4-63-r6.dat,4,4,63,6
20190707/user4/user4-3-85-r3.dat,4,3,85,3
20190707/user4/user4-1-32-r2.dat,4,1,32,2
20190707/user4/user4-3-13-r4.dat,4,3,13,4
20190707/user4/user4-2-17-r2.dat,4,2,17,2
20190707/user4/user4-1-24-r5.dat,4,1,24,5
20190707/user4/user4-4-14-r4.dat,4,4,14,4
20190707/user4/user4-3-14-r5.dat,4,3,14,5
20190707/user4/user4-4-79-r5.dat,4,4,79,5
20190707/user4/user4-1-57-r4.dat,4,1,57,4
20190707/user4/user4-1-15-r4.dat,4,1,15,4
20190707/user4/user4-2-30-r3.dat,4,2,30,3
20190707/user4/user4-4-74-r2.dat,4,4,74,2
20190707/user4/user4-1-64-r6.dat,4,1,64,6
20190707/user4/user4-4-41-r3.dat,4,4,41,3
20190707/user4/user4-3-84-r6.dat,4,3,84,6
20190707/user4/user4-1-30-r6.dat,4,1,30,6
20190707/user4/user4-3-77-r5.dat,4,3,77,5
20190707/user4/user4-4-34-r2.dat,4,4,34,2
20190707/user4/user4-2-11-r5.dat,4,2,11,5
20190707/user4/user4-3-68-r3.dat,4,3,68,3
20190707/user4/user4-2-20-r4.dat,4,2,20,4
20190707/user4/user4-3-17-r1.dat,4,3,17,1
20190707/user4/user4-2-57-r1.dat,4,2,57,1
20190707/user4/user4-2-44-r5.dat,4,2,44,5
20190707/user4/user4-3-18-r2.dat,4,3,18,2
20190707/user4/user4-1-28-r3.dat,4,1,28,3
20190707/user4/user4-4-89-r1.dat,4,4,89,1
20190707/user4/user4-3-4-r3.dat,4,3,4,3
20190707/user4/user4-4-5-r5.dat,4,4,5,5
20190707/user4/user4-3-9-r4.dat,4,3,9,4
20190707/user4/user4-4-23-r2.dat,4,4,23,2
20190707/user4/user4-1-12-r5.dat,4,1,12,5
20190707/user4/user4-4-82-r1.dat,4,4,82,1
20190707/user4/user4-2-17-r4.dat,4,2,17,4
20190707/user4/user4-2-48-r1.dat,4,2,48,1
20190707/user4/user4-1-38-r5.dat,4,1,38,5
20190707/user4/user4-3-69-r4.dat,4,3,69,4
20190707/user4/user4-1-100-r5.dat,4,1,100,5
20190707/user4/user4-3-83-r6.dat,4,3,83,6
20190707/user4/user4-3-32-r4.dat,4,3,32,4
20190707/user4/user4-3-79-r3.dat,4,3,79,3
20190707/user4/user4-3-28-r2.dat,4,3,28,2
20190707/user4/user4-3-4-r4.dat,4,3,4,4
20190707/user4/user4-1-68-r1.dat,4,1,68,1
20190707/user4/user4-4-32-r4.dat,4,4,32,4
20190707/user4/user4-3-33-r1.dat,4,3,33,1
20190707/user4/user4-2-82-r6.dat,4,2,82,6
20190707/user4/user4-1-2-r2.dat,4,1,2,2
20190707/user4/user4-4-13-r3.dat,4,4,13,3
20190707/user4/user4-1-86-r6.dat,4,1,86,6
20190707/user4/user4-3-68-r5.dat,4,3,68,5
20190707/user4/user4-4-94-r2.dat,4,4,94,2
20190707/user4/user4-1-57-r5.dat,4,1,57,5
20190707/user4/user4-3-27-r1.dat,4,3,27,1
20190707/user4/user4-4-12-r4.dat,4,4,12,4
20190707/user4/user4-4-21-r2.dat,4,4,21,2
20190707/user4/user4-2-32-r4.dat,4,2,32,4
20190707/user4/user4-3-84-r3.dat,4,3,84,3
20190707/user4/user4-1-53-r3.dat,4,1,53,3
20190707/user4/user4-2-38-r6.dat,4,2,38,6
20190707/user4/user4-3-75-r3.dat,4,3,75,3
20190707/user4/user4-3-9-r6.dat,4,3,9,6
20190707/user4/user4-1-89-r6.dat,4,1,89,6
20190707/user4/user4-2-47-r4.dat,4,2,47,4
20190707/user4/user4-4-17-r4.dat,4,4,17,4
20190707/user4/user4-2-10-r3.dat,4,2,10,3
20190707/user4/user4-3-90-r5.dat,4,3,90,5
20190707/user4/user4-4-20-r3.dat,4,4,20,3
20190707/user4/user4-2-98-r3.dat,4,2,98,3
20190707/user4/user4-3-5-r6.dat,4,3,5,6
20190707/user4/user4-1-74-r2.dat,4,1,74,2
20190707/user4/user4-2-40-r3.dat,4,2,40,3
20190707/user4/user4-1-47-r5.dat,4,1,47,5
20190707/user4/user4-1-65-r6.dat,4,1,65,6
20190707/user4/user4-2-14-r1.dat,4,2,14,1
20190707/user4/user4-1-39-r3.dat,4,1,39,3
20190707/user4/user4-3-59-r5.dat,4,3,59,5
20190707/user4/user4-1-86-r3.dat,4,1,86,3
20190707/user4/user4-3-44-r5.dat,4,3,44,5
20190707/user4/user4-2-82-r1.dat,4,2,82,1
20190707/user4/user4-1-60-r4.dat,4,1,60,4
20190707/user4/user4-1-25-r6.dat,4,1,25,6
20190707/user4/user4-2-11-r4.dat,4,2,11,4
20190707/user4/user4-2-12-r4.dat,4,2,12,4
20190707/user4/user4-3-90-r2.dat,4,3,90,2
20190707/user4/user4-1-17-r6.dat,4,1,17,6
20190707/user4/user4-4-64-r2.dat,4,4,64,2
20190707/user4/user4-3-59-r6.dat,4,3,59,6
20190707/user4/user4-2-52-r5.dat,4,2,52,5
20190707/user4/user4-3-17-r3.dat,4,3,17,3
20190707/user4/user4-2-77-r3.dat,4,2,77,3
20190707/user4/user4-2-50-r2.dat,4,2,50,2
20190707/user4/user4-2-42-r4.dat,4,2,42,4
20190707/user4/user4-1-36-r4.dat,4,1,36,4
20190707/user4/user4-1-6-r3.dat,4,1,6,3
20190707/user4/user4-2-64-r6.dat,4,2,64,6
20190707/user4/user4-4-31-r1.dat,4,4,31,1
20190707/user4/user4-1-84-r6.dat,4,1,84,6
20190707/user4/user4-2-94-r3.dat,4,2,94,3
20190707/user4/user4-1-13-r6.dat,4,1,13,6
20190707/user4/user4-4-71-r6.dat,4,4,71,6
20190707/user4/user4-3-36-r5.dat,4,3,36,5
20190707/user4/user4-1-9-r1.dat,4,1,9,1
20190707/user4/user4-2-8-r3.dat,4,2,8,3
20190707/user4/user4-3-80-r5.dat,4,3,80,5
20190707/user4/user4-2-7-r1.dat,4,2,7,1
20190707/user4/user4-1-81-r5.dat,4,1,81,5
20190707/user4/user4-4-35-r5.dat,4,4,35,5
20190707/user4/user4-4-88-r6.dat,4,4,88,6
20190707/user4/user4-2-31-r3.dat,4,2,31,3
20190707/user4/user4-2-41-r2.dat,4,2,41,2
20190707/user4/user4-4-77-r6.dat,4,4,77,6
20190707/user4/user4-3-83-r2.dat,4,3,83,2
20190707/user4/user4-3-4-r1.dat,4,3,4,1
20190707/user4/user4-3-58-r1.dat,4,3,58,1
20190707/user4/user4-3-30-r2.dat,4,3,30,2
20190707/user4/user4-4-93-r2.dat,4,4,93,2
20190707/user4/user4-4-13-r1.dat,4,4,13,1
20190707/user4/user4-3-75-r4.dat,4,3,75,4
20190707/user4/user4-2-61-r1.dat,4,2,61,1
20190707/user4/user4-3-19-r6.dat,4,3,19,6
20190707/user4/user4-1-1-r3.dat,4,1,1,3
20190707/user4/user4-1-29-r1.dat,4,1,29,1
20190707/user4/user4-2-53-r5.dat,4,2,53,5
20190707/user4/user4-1-77-r4.dat,4,1,77,4
20190707/user4/user4-4-85-r1.dat,4,4,85,1
20190707/user4/user4-1-13-r4.dat,4,1,13,4
20190707/user4/user4-4-73-r1.dat,4,4,73,1
20190707/user4/user4-4-85-r2.dat,4,4,85,2
20190707/user4/user4-4-78-r3.dat,4,4,78,3
20190707/user4/user4-4-58-r2.dat,4,4,58,2
20190707/user4/user4-1-65-r4.dat,4,1,65,4
20190707/user4/user4-2-64-r4.dat,4,2,64,4
20190707/user4/user4-4-31-r6.dat,4,4,31,6
20190707/user4/user4-1-15-r6.dat,4,1,15,6
20190707/user4/user4-1-8-r3.dat,4,1,8,3
20190707/user4/user4-2-34-r3.dat,4,2,34,3
20190707/user4/user4-2-52-r1.dat,4,2,52,1
20190707/user4/user4-4-95-r6.dat,4,4,95,6
20190707/user4/user4-4-33-r2.dat,4,4,33,2
20190707/user4/user4-2-18-r6.dat,4,2,18,6
20190707/user4/user4-1-79-r2.dat,4,1,79,2
20190707/user4/user4-1-17-r4.dat,4,1,17,4
20190707/user4/user4-4-19-r3.dat,4,4,19,3
20190707/user4/user4-1-70-r1.dat,4,1,70,1
20190707/user4/user4-4-58-r1.dat,4,4,58,1
20190707/user4/user4-3-97-r3.dat,4,3,97,3
20190707/user4/user4-3-57-r5.dat,4,3,57,5
20190707/user4/user4-2-28-r3.dat,4,2,28,3
20190707/user4/user4-1-42-r4.dat,4,1,42,4
20190707/user4/user4-2-100-r6.dat,4,2,100,6
20190707/user4/user4-1-37-r3.dat,4,1,37,3
20190707/user4/user4-3-57-r1.dat,4,3,57,1
20190707/user4/user4-2-12-r1.dat,4,2,12,1
20190707/user4/user4-1-90-r4.dat,4,1,90,4
20190707/user4/user4-4-28-r5.dat,4,4,28,5
20190707/user4/user4-3-35-r2.dat,4,3,35,2
20190707/user4/user4-2-36-r4.dat,4,2,36,4
20190707/user4/user4-2-48-r6.dat,4,2,48,6
20190707/user4/user4-1-23-r2.dat,4,1,23,2
20190707/user4/user4-4-95-r3.dat,4,4,95,3
20190707/user4/user4-1-3-r5.dat,4,1,3,5
20190707/user4/user4-4-12-r6.dat,4,4,12,6
20190707/user4/user4-3-29-r3.dat,4,3,29,3
20190707/user4/user4-2-8-r5.dat,4,2,8,5
20190707/user4/user4-3-5-r5.dat,4,3,5,5
20190707/user4/user4-4-51-r1.dat,4,4,51,1
20190707/user4/user4-1-20-r1.dat,4,1,20,1
20190707/user4/user4-4-64-r5.dat,4,4,64,5
20190707/user4/user4-4-23-r4.dat,4,4,23,4
20190707/user4/user4-1-28-r2.dat,4,1,28,2
20190707/user4/user4-2-71-r5.dat,4,2,71,5
20190707/user4/user4-2-79-r3.dat,4,2,79,3
20190707/user4/user4-3-100-r4.dat,4,3,100,4
20190707/user4/user4-1-45-r5.dat,4,1,45,5
20190707/user4/user4-1-38-r6.dat,4,1,38,6
20190707/user4/user4-4-58-r5.dat,4,4,58,5
20190707/user4/user4-1-42-r3.dat,4,1,42,3
20190707/user4/user4-1-61-r2.dat,4,1,61,2
20190707/user4/user4-1-1-r4.dat,4,1,1,4
20190707/user4/user4-3-70-r1.dat,4,3,70,1
20190707/user4/user4-4-42-r4.dat,4,4,42,4
20190707/user4/user4-3-62-r6.dat,4,3,62,6
20190707/user4/user4-4-25-r3.dat,4,4,25,3
20190707/user4/user4-4-53-r3.dat,4,4,53,3
20190707/user4/user4-1-16-r5.dat,4,1,16,5
20190707/user4/user4-3-45-r1.dat,4,3,45,1
20190707/user4/user4-1-99-r5.dat,4,1,99,5
20190707/user4/user4-2-92-r2.dat,4,2,92,2
20190707/user4/user4-1-73-r1.dat,4,1,73,1
20190707/user4/user4-1-27-r5.dat,4,1,27,5
20190707/user4/user4-1-85-r6.dat,4,1,85,6
20190707/user4/user4-4-88-r3.dat,4,4,88,3
20190707/user4/user4-1-37-r2.dat,4,1,37,2
20190707/user4/user4-1-60-r6.dat,4,1,60,6
20190707/user4/user4-2-90-r5.dat,4,2,90,5
20190707/user4/user4-2-98-r6.dat,4,2,98,6
20190707/user4/user4-1-93-r5.dat,4,1,93,5
20190707/user4/user4-4-85-r4.dat,4,4,85,4
20190707/user4/user4-3-23-r5.dat,4,3,23,5
20190707/user4/user4-4-91-r1.dat,4,4,91,1
20190707/user4/user4-2-12-r2.dat,4,2,12,2
20190707/user4/user4-2-92-r1.dat,4,2,92,1
20190707/user4/user4-4-9-r6.dat,4,4,9,6
20190707/user4/user4-2-43-r5.dat,4,2,43,5
20190707/user4/user4-4-23-r5.dat,4,4,23,5
20190707/user4/user4-3-12-r6.dat,4,3,12,6
20190707/user4/user4-1-50-r3.dat,4,1,50,3
20190707/user4/user4-1-55-r1.dat,4,1,55,1
20190707/user4/user4-4-65-r6.dat,4,4,65,6
20190707/user4/user4-1-36-r1.dat,4,1,36,1
20190707/user4/user4-4-49-r3.dat,4,4,49,3
20190707/user4/user4-1-32-r1.dat,4,1,32,1
20190707/user4/user4-3-38-r6.dat,4,3,38,6
20190707/user4/user4-4-64-r3.dat,4,4,64,3
20190707/user4/user4-4-96-r1.dat,4,4,96,1
20190707/user4/user4-1-82-r2.dat,4,1,82,2
20190707/user4/user4-3-25-r5.dat,4,3,25,5
20190707/user4/user4-1-55-r6.dat,4,1,55,6
20190707/user4/user4-4-74-r1.dat,4,4,74,1
20190707/user4/user4-1-74-r6.dat,4,1,74,6
20190707/user4/user4-2-74-r4.dat,4,2,74,4
20190707/user4/user4-1-68-r5.dat,4,1,68,5
20190707/user4/user4-4-16-r1.dat,4,4,16,1
20190707/user4/user4-3-98-r5.dat,4,3,98,5
20190707/user4/user4-3-47-r4.dat,4,3,47,4
20190707/user4/user4-1-90-r3.dat,4,1,90,3
20190707/user4/user4-2-29-r3.dat,4,2,29,3
20190707/user4/user4-4-48-r4.dat,4,4,48,4
20190707/user4/user4-2-71-r3.dat,4,2,71,3
20190707/user4/user4-3-73-r6.dat,4,3,73,6
20190707/user4/user4-2-9-r5.dat,4,2,9,5
20190707/user4/user4-2-69-r6.dat,4,2,69,6
20190707/user4/user4-2-2-r3.dat,4,2,2,3
20190707/user4/user4-4-32-r5.dat,4,4,32,5
20190707/user4/user4-4-25-r1.dat,4,4,25,1
20190707/user4/user4-2-30-r2.dat,4,2,30,2
20190707/user4/user4-4-56-r4.dat,4,4,56,4
20190707/user4/user4-1-46-r3.dat,4,1,46,3
20190707/user4/user4-2-41-r3.dat,4,2,41,3
20190707/user4/user4-4-32-r3.dat,4,4,32,3
20190707/user4/user4-4-37-r1.dat,4,4,37,1
20190707/user4/user4-3-77-r1.dat,4,3,77,1
20190707/user4/user4-2-23-r6.dat,4,2,23,6
20190707/user4/user4-3-70-r2.dat,4,3,70,2
20190707/user4/user4-2-40-r5.dat,4,2,40,5
20190707/user4/user4-1-37-r5.dat,4,1,37,5
20190707/user4/user4-3-57-r2.dat,4,3,57,2
20190707/user4/user4-2-25-r3.dat,4,2,25,3
20190707/user4/user4-2-76-r1.dat,4,2,76,1
20190707/user4/user4-3-50-r5.dat,4,3,50,5
20190707/user4/user4-1-24-r1.dat,4,1,24,1
20190707/user4/user4-2-41-r1.dat,4,2,41,1
20190707/user4/user4-4-77-r2.dat,4,4,77,2
20190707/user4/user4-4-74-r6.dat,4,4,74,6
20190707/user4/user4-3-27-r5.dat,4,3,27,5
20190707/user4/user4-3-2-r2.dat,4,3,2,2
20190707/user4/user4-2-70-r1.dat,4,2,70,1
20190707/user4/user4-1-34-r5.dat,4,1,34,5
20190707/user4/user4-2-48-r4.dat,4,2,48,4
20190707/user4/user4-3-78-r5.dat,4,3,78,5
20190707/user4/user4-3-90-r3.dat,4,3,90,3
20190707/user4/user4-4-6-r5.dat,4,4,6,5
20190707/user4/user4-2-12-r6.dat,4,2,12,6
20190707/user4/user4-4-58-r6.dat,4,4,58,6
20190707/user4/user4-3-14-r1.dat,4,3,14,1
20190707/user4/user4-1-92-r3.dat,4,1,92,3
20190707/user4/user4-4-61-r1.dat,4,4,61,1
20190707/user4/user4-1-67-r4.dat,4,1,67,4
20190707/user4/user4-3-62-r3.dat,4,3,62,3
20190707/user4/user4-1-78-r5.dat,4,1,78,5
20190707/user4/user4-2-49-r3.dat,4,2,49,3
20190707/user4/user4-1-27-r1.dat,4,1,27,1
20190707/user4/user4-1-83-r3.dat,4,1,83,3
20190707/user4/user4-2-20-r3.dat,4,2,20,3
20190707/user4/user4-4-27-r2.dat,4,4,27,2
20190707/user4/user4-2-99-r5.dat,4,2,99,5
20190707/user4/user4-1-73-r6.dat,4,1,73,6
20190707/user4/user4-4-52-r3.dat,4,4,52,3
20190707/user4/user4-2-9-r1.dat,4,2,9,1
20190707/user4/user4-4-61-r6.dat,4,4,61,6
20190707/user4/user4-3-16-r2.dat,4,3,16,2
20190707/user4/user4-2-48-r3.dat,4,2,48,3
20190707/user4/user4-3-99-r4.dat,4,3,99,4
20190707/user4/user4-2-99-r4.dat,4,2,99,4
20190707/user4/user4-2-75-r6.dat,4,2,75,6
20190707/user4/user4-1-76-r4.dat,4,1,76,4
20190707/user4/user4-3-24-r1.dat,4,3,24,1
20190707/user4/user4-2-37-r3.dat,4,2,37,3
20190707/user4/user4-2-99-r6.dat,4,2,99,6
20190707/user4/user4-1-86-r1.dat,4,1,86,1
20190707/user4/user4-4-34-r1.dat,4,4,34,1
20190707/user4/user4-4-38-r2.dat,4,4,38,2
20190707/user4/user4-3-8-r5.dat,4,3,8,5
20190707/user4/user4-1-4-r4.dat,4,1,4,4
20190707/user4/user4-2-31-r6.dat,4,2,31,6
20190707/user4/user4-3-11-r1.dat,4,3,11,1
20190707/user4/user4-4-5-r4.dat,4,4,5,4
20190707/user4/user4-3-99-r2.dat,4,3,99,2
20190707/user4/user4-4-83-r1.dat,4,4,83,1
20190707/user4/user4-4-9-r2.dat,4,4,9,2
20190707/user4/user4-3-16-r5.dat,4,3,16,5
20190707/user4/user4-2-49-r1.dat,4,2,49,1
20190707/user4/user4-3-97-r6.dat,4,3,97,6
20190707/user4/user4-1-90-r1.dat,4,1,90,1
20190707/user4/user4-4-87-r3.dat,4,4,87,3
20190707/user4/user4-1-95-r6.dat,4,1,95,6
20190707/user4/user4-3-24-r5.dat,4,3,24,5
20190707/user4/user4-1-15-r1.dat,4,1,15,1
20190707/user4/user4-1-66-r2.dat,4,1,66,2
20190707/user4/user4-2-87-r1.dat,4,2,87,1
20190707/user4/user4-3-79-r1.dat,4,3,79,1
20190707/user4/user4-1-42-r2.dat,4,1,42,2
20190707/user4/user4-2-73-r6.dat,4,2,73,6
20190707/user4/user4-3-41-r3.dat,4,3,41,3
20190707/user4/user4-4-56-r1.dat,4,4,56,1
20190707/user4/user4-1-30-r4.dat,4,1,30,4
20190707/user4/user4-2-25-r4.dat,4,2,25,4
20190707/user4/user4-4-96-r6.dat,4,4,96,6
20190707/user4/user4-2-72-r1.dat,4,2,72,1
20190707/user4/user4-3-62-r1.dat,4,3,62,1
20190707/user4/user4-2-91-r4.dat,4,2,91,4
20190707/user4/user4-3-53-r5.dat,4,3,53,5
20190707/user4/user4-1-73-r3.dat,4,1,73,3
20190707/user4/user4-2-3-r3.dat,4,2,3,3
20190707/user4/user4-2-15-r6.dat,4,2,15,6
20190707/user4/user4-4-19-r5.dat,4,4,19,5
20190707/user4/user4-1-31-r1.dat,4,1,31,1
20190707/user4/user4-3-40-r2.dat,4,3,40,2
20190707/user4/user4-3-81-r5.dat,4,3,81,5
20190707/user4/user4-4-42-r6.dat,4,4,42,6
20190707/user4/user4-4-98-r1.dat,4,4,98,1
20190707/user4/user4-1-52-r1.dat,4,1,52,1
20190707/user4/user4-3-35-r3.dat,4,3,35,3
20190707/user4/user4-2-20-r5.dat,4,2,20,5
20190707/user4/user4-4-41-r1.dat,4,4,41,1
20190707/user4/user4-4-80-r6.dat,4,4,80,6
20190707/user4/user4-3-43-r6.dat,4,3,43,6
20190707/user4/user4-2-6-r3.dat,4,2,6,3
20190707/user4/user4-4-60-r1.dat,4,4,60,1
20190707/user4/user4-2-92-r5.dat,4,2,92,5
20190707/user4/user4-1-72-r4.dat,4,1,72,4
20190707/user4/user4-2-90-r6.dat,4,2,90,6
20190707/user4/user4-4-78-r2.dat,4,4,78,2
20190707/user4/user4-4-93-r4.dat,4,4,93,4
20190707/user4/user4-1-79-r5.dat,4,1,79,5
20190707/user4/user4-1-86-r5.dat,4,1,86,5
20190707/user4/user4-1-60-r3.dat,4,1,60,3
20190707/user4/user4-2-28-r4.dat,4,2,28,4
20190707/user4/user4-1-93-r6.dat,4,1,93,6
20190707/user4/user4-2-88-r3.dat,4,2,88,3
20190707/user4/user4-3-94-r3.dat,4,3,94,3
20190707/user4/user4-1-61-r5.dat,4,1,61,5
20190707/user4/user4-3-9-r1.dat,4,3,9,1
20190707/user4/user4-2-15-r3.dat,4,2,15,3
20190707/user4/user4-1-35-r1.dat,4,1,35,1
20190707/user4/user4-1-70-r3.dat,4,1,70,3
20190707/user4/user4-4-32-r1.dat,4,4,32,1
20190707/user4/user4-4-15-r5.dat,4,4,15,5
20190707/user4/user4-4-70-r6.dat,4,4,70,6
20190707/user4/user4-4-68-r4.dat,4,4,68,4
20190707/user4/user4-2-45-r2.dat,4,2,45,2
20190707/user4/user4-4-41-r6.dat,4,4,41,6
20190707/user4/user4-3-95-r3.dat,4,3,95,3
20190707/user4/user4-3-39-r4.dat,4,3,39,4
20190707/user4/user4-1-26-r4.dat,4,1,26,4
20190707/user4/user4-4-24-r5.dat,4,4,24,5
20190707/user4/user4-1-12-r6.dat,4,1,12,6
20190707/user4/user4-3-71-r3.dat,4,3,71,3
20190707/user4/user4-4-75-r6.dat,4,4,75,6
20190707/user4/user4-4-33-r5.dat,4,4,33,5
20190707/user4/user4-3-4-r5.dat,4,3,4,5
20190707/user4/user4-4-39-r1.dat,4,4,39,1
20190707/user4/user4-1-99-r4.dat,4,1,99,4
20190707/user4/user4-3-41-r1.dat,4,3,41,1
20190707/user4/user4-1-6-r6.dat,4,1,6,6
20190707/user4/user4-4-38-r5.dat,4,4,38,5
20190707/user4/user4-2-45-r6.dat,4,2,45,6
20190707/user4/user4-3-61-r4.dat,4,3,61,4
20190707/user4/user4-4-94-r5.dat,4,4,94,5
20190707/user4/user4-3-8-r1.dat,4,3,8,1
20190707/user4/user4-2-26-r5.dat,4,2,26,5
20190707/user4/user4-3-48-r6.dat,4,3,48,6
20190707/user4/user4-3-91-r4.dat,4,3,91,4
20190707/user4/user4-2-56-r6.dat,4,2,56,6
20190707/user4/user4-4-36-r5.dat,4,4,36,5
20190707/user4/user4-2-15-r4.dat,4,2,15,4
20190707/user4/user4-4-61-r3.dat,4,4,61,3
20190707/user4/user4-2-84-r5.dat,4,2,84,5
20190707/user4/user4-3-66-r5.dat,4,3,66,5
20190707/user4/user4-2-33-r5.dat,4,2,33,5
20190707/user4/user4-3-71-r5.dat,4,3,71,5
20190707/user4/user4-2-65-r4.dat,4,2,65,4
20190707/user4/user4-4-94-r3.dat,4,4,94,3
20190707/user4/user4-3-31-r6.dat,4,3,31,6
20190707/user4/user4-2-52-r2.dat,4,2,52,2
20190707/user4/user4-2-44-r6.dat,4,2,44,6
20190707/user4/user4-4-95-r4.dat,4,4,95,4
20190707/user4/user4-3-94-r6.dat,4,3,94,6
20190707/user4/user4-1-76-r3.dat,4,1,76,3
20190707/user4/user4-1-9-r6.dat,4,1,9,6
20190707/user4/user4-3-76-r6.dat,4,3,76,6
20190707/user4/user4-3-65-r3.dat,4,3,65,3
20190707/user4/user4-1-41-r4.dat,4,1,41,4
20190707/user4/user4-3-35-r6.dat,4,3,35,6
20190707/user4/user4-2-3-r6.dat,4,2,3,6
20190707/user4/user4-4-70-r3.dat,4,4,70,3
20190707/user4/user4-1-10-r5.dat,4,1,10,5
20190707/user4/user4-3-63-r4.dat,4,3,63,4
20190707/user4/user4-4-73-r3.dat,4,4,73,3
20190707/user4/user4-4-2-r6.dat,4,4,2,6
20190707/user4/user4-1-83-r4.dat,4,1,83,4
20190707/user4/user4-1-54-r5.dat,4,1,54,5
20190707/user4/user4-2-4-r3.dat,4,2,4,3
20190707/user4/user4-3-89-r5.dat,4,3,89,5
20190707/user4/user4-4-45-r2.dat,4,4,45,2
20190707/user4/user4-4-30-r5.dat,4,4,30,5
20190707/user4/user4-4-81-r2.dat,4,4,81,2
20190707/user4/user4-2-56-r4.dat,4,2,56,4
20190707/user4/user4-4-35-r4.dat,4,4,35,4
20190707/user4/user4-2-84-r6.dat,4,2,84,6
20190707/user4/user4-3-30-r3.dat,4,3,30,3
20190707/user4/user4-1-87-r6.dat,4,1,87,6
20190707/user4/user4-1-91-r6.dat,4,1,91,6
20190707/user4/user4-3-55-r3.dat,4,3,55,3
20190707/user4/user4-2-86-r2.dat,4,2,86,2
20190707/user4/user4-1-33-r6.dat,4,1,33,6
20190707/user4/user4-1-11-r2.dat,4,1,11,2
20190707/user4/user4-1-5-r6.dat,4,1,5,6
20190707/user4/user4-4-90-r5.dat,4,4,90,5
20190707/user4/user4-3-76-r5.dat,4,3,76,5
20190707/user4/user4-4-54-r2.dat,4,4,54,2
20190707/user4/user4-2-74-r3.dat,4,2,74,3
20190707/user4/user4-1-45-r2.dat,4,1,45,2
20190707/user4/user4-4-67-r4.dat,4,4,67,4
20190707/user4/user4-3-99-r3.dat,4,3,99,3
20190707/user4/user4-3-93-r4.dat,4,3,93,4
20190707/user4/user4-1-29-r6.dat,4,1,29,6
20190707/user4/user4-2-74-r2.dat,4,2,74,2
20190707/user4/user4-1-85-r4.dat,4,1,85,4
20190707/user4/user4-4-100-r5.dat,4,4,100,5
20190707/user4/user4-1-98-r2.dat,4,1,98,2
20190707/user4/user4-3-39-r3.dat,4,3,39,3
20190707/user4/user4-2-22-r4.dat,4,2,22,4
20190707/user4/user4-3-82-r3.dat,4,3,82,3
20190707/user4/user4-2-8-r6.dat,4,2,8,6
20190707/user4/user4-2-95-r4.dat,4,2,95,4
20190707/user4/user4-4-51-r3.dat,4,4,51,3
20190707/user4/user4-3-31-r1.dat,4,3,31,1
20190707/user4/user4-1-53-r6.dat,4,1,53,6
20190707/user4/user4-4-39-r6.dat,4,4,39,6
20190707/user4/user4-1-40-r2.dat,4,1,40,2
20190707/user4/user4-3-19-r4.dat,4,3,19,4
20190707/user4/user4-1-58-r6.dat,4,1,58,6
20190707/user4/user4-4-61-r5.dat,4,4,61,5
20190707/user4/user4-1-59-r4.dat,4,1,59,4
20190707/user4/user4-4-59-r3.dat,4,4,59,3
20190707/user4/user4-2-18-r5.dat,4,2,18,5
20190707/user4/user4-2-82-r4.dat,4,2,82,4
20190707/user4/user4-4-34-r6.dat,4,4,34,6
20190707/user4/user4-4-5-r2.dat,4,4,5,2
20190707/user4/user4-3-96-r2.dat,4,3,96,2
20190707/user4/user4-1-36-r5.dat,4,1,36,5
20190707/user4/user4-3-5-r1.dat,4,3,5,1
20190707/user4/user4-2-99-r1.dat,4,2,99,1
20190707/user4/user4-4-21-r1.dat,4,4,21,1
20190707/user4/user4-1-2-r6.dat,4,1,2,6
20190707/user4/user4-4-50-r5.dat,4,4,50,5
20190707/user4/user4-3-68-r4.dat,4,3,68,4
20190707/user4/user4-2-69-r1.dat,4,2,69,1
20190707/user4/user4-1-21-r5.dat,4,1,21,5
20190707/user4/user4-2-32-r1.dat,4,2,32,1
20190707/user4/user4-1-67-r5.dat,4,1,67,5
20190707/user4/user4-2-96-r1.dat,4,2,96,1
20190707/user4/user4-3-41-r6.dat,4,3,41,6
20190707/user4/user4-4-40-r3.dat,4,4,40,3
20190707/user4/user4-2-14-r6.dat,4,2,14,6
20190707/user4/user4-4-97-r6.dat,4,4,97,6
20190707/user4/user4-1-25-r4.dat,4,1,25,4
20190707/user4/user4-3-77-r3.dat,4,3,77,3
20190707/user4/user4-2-83-r2.dat,4,2,83,2
20190707/user4/user4-4-66-r2.dat,4,4,66,2
20190707/user4/user4-2-73-r2.dat,4,2,73,2
20190707/user4/user4-2-47-r3.dat,4,2,47,3
20190707/user4/user4-3-40-r1.dat,4,3,40,1
20190707/user4/user4-2-86-r4.dat,4,2,86,4
20190707/user4/user4-3-71-r2.dat,4,3,71,2
20190707/user4/user4-4-68-r3.dat,4,4,68,3
20190707/user4/user4-1-6-r1.dat,4,1,6,1
20190707/user4/user4-3-87-r5.dat,4,3,87,5
20190707/user4/user4-1-8-r4.dat,4,1,8,4
20190707/user4/user4-2-90-r3.dat,4,2,90,3
20190707/user4/user4-1-62-r1.dat,4,1,62,1
20190707/user4/user4-2-36-r3.dat,4,2,36,3
20190707/user4/user4-2-52-r6.dat,4,2,52,6
20190707/user4/user4-1-90-r6.dat,4,1,90,6
20190707/user4/user4-2-47-r2.dat,4,2,47,2
20190707/user4/user4-2-96-r6.dat,4,2,96,6
20190707/user4/user4-2-16-r2.dat,4,2,16,2
20190707/user4/user4-1-56-r4.dat,4,1,56,4
20190707/user4/user4-3-42-r5.dat,4,3,42,5
20190707/user4/user4-1-71-r3.dat,4,1,71,3
20190707/user4/user4-1-87-r4.dat,4,1,87,4
20190707/user4/user4-1-38-r4.dat,4,1,38,4
20190707/user4/user4-2-92-r3.dat,4,2,92,3
20190707/user4/user4-2-4-r2.dat,4,2,4,2
20190707/user4/user4-2-97-r6.dat,4,2,97,6
20190707/user4/user4-3-53-r3.dat,4,3,53,3
20190707/user4/user4-4-82-r6.dat,4,4,82,6
20190707/user4/user4-4-72-r1.dat,4,4,72,1
20190707/user4/user4-3-76-r2.dat,4,3,76,2
20190707/user4/user4-2-66-r4.dat,4,2,66,4
20190707/user4/user4-1-26-r6.dat,4,1,26,6
20190707/user4/user4-2-42-r6.dat,4,2,42,6
20190707/user4/user4-1-32-r4.dat,4,1,32,4
20190707/user4/user4-2-41-r4.dat,4,2,41,4
20190707/user4/user4-2-100-r3.dat,4,2,100,3
20190707/user4/user4-2-37-r6.dat,4,2,37,6
20190707/user4/user4-4-10-r5.dat,4,4,10,5
20190707/user4/user4-2-57-r6.dat,4,2,57,6
20190707/user4/user4-4-6-r1.dat,4,4,6,1
20190707/user4/user4-1-2-r3.dat,4,1,2,3
20190707/user4/user4-1-25-r3.dat,4,1,25,3
20190707/user4/user4-1-49-r4.dat,4,1,49,4
20190707/user4/user4-3-52-r2.dat,4,3,52,2
20190707/user4/user4-1-89-r3.dat,4,1,89,3
20190707/user4/user4-4-5-r6.dat,4,4,5,6
20190707/user4/user4-2-28-r1.dat,4,2,28,1
20190707/user4/user4-4-18-r4.dat,4,4,18,4
20190707/user4/user4-2-41-r5.dat,4,2,41,5
20190707/user4/user4-3-29-r6.dat,4,3,29,6
20190707/user4/user4-2-54-r6.dat,4,2,54,6
20190707/user4/user4-1-69-r3.dat,4,1,69,3
20190707/user4/user4-2-58-r4.dat,4,2,58,4
20190707/user4/user4-4-1-r3.dat,4,4,1,3
20190707/user4/user4-4-79-r3.dat,4,4,79,3
20190707/user4/user4-3-68-r1.dat,4,3,68,1
20190707/user4/user4-4-65-r4.dat,4,4,65,4
20190707/user4/user4-3-61-r2.dat,4,3,61,2
20190707/user4/user4-1-43-r3.dat,4,1,43,3
20190707/user4/user4-1-72-r5.dat,4,1,72,5
20190707/user4/user4-4-41-r4.dat,4,4,41,4
20190707/user4/user4-1-48-r6.dat,4,1,48,6
20190707/user4/user4-3-58-r3.dat,4,3,58,3
20190707/user4/user4-3-7-r6.dat,4,3,7,6
20190707/user4/user4-4-58-r4.dat,4,4,58,4
20190707/user4/user4-4-87-r6.dat,4,4,87,6
20190707/user4/user4-4-3-r1.dat,4,4,3,1
20190707/user4/user4-4-99-r5.dat,4,4,99,5
20190707/user4/user4-3-74-r2.dat,4,3,74,2
20190707/user4/user4-1-14-r6.dat,4,1,14,6
20190707/user4/user4-3-18-r6.dat,4,3,18,6
20190707/user4/user4-1-62-r4.dat,4,1,62,4
20190707/user4/user4-3-51-r1.dat,4,3,51,1
20190707/user4/user4-3-30-r6.dat,4,3,30,6
20190707/user4/user4-1-74-r3.dat,4,1,74,3
20190707/user4/user4-2-80-r5.dat,4,2,80,5
20190707/user4/user4-3-32-r5.dat,4,3,32,5
20190707/user4/user4-2-24-r5.dat,4,2,24,5
20190707/user4/user4-3-8-r2.dat,4,3,8,2
20190707/user4/user4-2-42-r2.dat,4,2,42,2
20190707/user4/user4-4-16-r6.dat,4,4,16,6
20190707/user4/user4-2-93-r2.dat,4,2,93,2
20190707/user4/user4-4-29-r1.dat,4,4,29,1
20190707/user4/user4-1-79-r1.dat,4,1,79,1
20190707/user4/user4-1-70-r5.dat,4,1,70,5
20190707/user4/user4-2-23-r4.dat,4,2,23,4
20190707/user4/user4-2-93-r5.dat,4,2,93,5
20190707/user4/user4-2-16-r1.dat,4,2,16,1
20190707/user4/user4-4-99-r4.dat,4,4,99,4
20190707/user4/user4-2-7-r5.dat,4,2,7,5
20190707/user4/user4-2-91-r3.dat,4,2,91,3
20190707/user4/user4-2-83-r1.dat,4,2,83,1
20190707/user4/user4-3-91-r5.dat,4,3,91,5
20190707/user4/user4-3-87-r1.dat,4,3,87,1
20190707/user4/user4-3-91-r6.dat,4,3,91,6
20190707/user4/user4-4-53-r6.dat,4,4,53,6
20190707/user4/user4-1-42-r1.dat,4,1,42,1
20190707/user4/user4-3-43-r4.dat,4,3,43,4
20190707/user4/user4-3-29-r2.dat,4,3,29,2
20190707/user4/user4-1-60-r5.dat,4,1,60,5
20190707/user4/user4-4-37-r5.dat,4,4,37,5
20190707/user4/user4-2-80-r2.dat,4,2,80,2
20190707/user4/user4-2-58-r1.dat,4,2,58,1
20190707/user4/user4-3-26-r6.dat,4,3,26,6
20190707/user4/user4-1-55-r5.dat,4,1,55,5
20190707/user4/user4-1-27-r4.dat,4,1,27,4
20190707/user4/user4-3-25-r1.dat,4,3,25,1
20190707/user4/user4-4-2-r1.dat,4,4,2,1
20190707/user4/user4-2-21-r1.dat,4,2,21,1
20190707/user4/user4-4-83-r4.dat,4,4,83,4
20190707/user4/user4-2-64-r3.dat,4,2,64,3
20190707/user4/user4-2-95-r2.dat,4,2,95,2
20190707/user4/user4-3-67-r5.dat,4,3,67,5
20190707/user4/user4-4-67-r2.dat,4,4,67,2
20190707/user4/user4-2-39-r1.dat,4,2,39,1
20190707/user4/user4-4-66-r5.dat,4,4,66,5
20190707/user4/user4-3-69-r3.dat,4,3,69,3
20190707/user4/user4-2-5-r4.dat,4,2,5,4
20190707/user4/user4-1-15-r5.dat,4,1,15,5
20190707/user4/user4-1-46-r6.dat,4,1,46,6
20190707/user4/user4-3-90-r6.dat,4,3,90,6
20190707/user4/user4-2-56-r5.dat,4,2,56,5
20190707/user4/user4-1-47-r1.dat,4,1,47,1
20190707/user4/user4-1-69-r6.dat,4,1,69,6
20190707/user4/user4-1-51-r4.dat,4,1,51,4
20190707/user4/user4-2-25-r2.dat,4,2,25,2
20190707/user4/user4-3-63-r6.dat,4,3,63,6
20190707/user4/user4-2-98-r5.dat,4,2,98,5
20190707/user4/user4-3-6-r3.dat,4,3,6,3
20190707/user4/user4-3-72-r1.dat,4,3,72,1
20190707/user4/user4-3-64-r2.dat,4,3,64,2
20190707/user4/user4-2-14-r3.dat,4,2,14,3
20190707/user4/user4-1-52-r6.dat,4,1,52,6
20190707/user4/user4-3-67-r6.dat,4,3,67,6
20190707/user4/user4-4-86-r6.dat,4,4,86,6
20190707/user4/user4-2-59-r3.dat,4,2,59,3
20190707/user4/user4-2-58-r2.dat,4,2,58,2
20190707/user4/user4-3-22-r1.dat,4,3,22,1
20190707/user4/user4-1-47-r2.dat,4,1,47,2
20190707/user4/user4-2-35-r5.dat,4,2,35,5
20190707/user4/user4-2-94-r1.dat,4,2,94,1
20190707/user4/user4-2-64-r5.dat,4,2,64,5
20190707/user4/user4-1-34-r2.dat,4,1,34,2
20190707/user4/user4-3-12-r5.dat,4,3,12,5
20190707/user4/user4-1-96-r5.dat,4,1,96,5
20190707/user4/user4-1-14-r1.dat,4,1,14,1
20190707/user4/user4-1-25-r5.dat,4,1,25,5
20190707/user4/user4-3-41-r4.dat,4,3,41,4
20190707/user4/user4-1-19-r4.dat,4,1,19,4
20190707/user4/user4-2-82-r3.dat,4,2,82,3
20190707/user4/user4-4-84-r4.dat,4,4,84,4
20190707/user4/user4-3-1-r4.dat,4,3,1,4
20190707/user4/user4-4-13-r4.dat,4,4,13,4
20190707/user4/user4-1-22-r5.dat,4,1,22,5
20190707/user4/user4-1-98-r5.dat,4,1,98,5
20190707/user4/user4-4-72-r3.dat,4,4,72,3
20190707/user4/user4-1-49-r6.dat,4,1,49,6
20190707/user4/user4-1-67-r3.dat,4,1,67,3
20190707/user4/user4-1-18-r2.dat,4,1,18,2
20190707/user4/user4-1-49-r3.dat,4,1,49,3
20190707/user4/user4-3-63-r5.dat,4,3,63,5
20190707/user4/user4-2-59-r1.dat,4,2,59,1
20190707/user4/user4-4-47-r2.dat,4,4,47,2
20190707/user4/user4-3-36-r1.dat,4,3,36,1
20190707/user4/user4-3-72-r3.dat,4,3,72,3
20190707/user4/user4-4-76-r2.dat,4,4,76,2
20190707/user4/user4-1-32-r5.dat,4,1,32,5
20190707/user4/user4-4-47-r4.dat,4,4,47,4
20190707/user4/user4-4-88-r2.dat,4,4,88,2
20190707/user4/user4-1-4-r1.dat,4,1,4,1
20190707/user4/user4-3-99-r1.dat,4,3,99,1
20190707/user4/user4-2-48-r5.dat,4,2,48,5
20190707/user4/user4-1-89-r2.dat,4,1,89,2
20190707/user4/user4-1-78-r6.dat,4,1,78,6
20190707/user4/user4-1-12-r2.dat,4,1,12,2
20190707/user4/user4-4-1-r6.dat,4,4,1,6
20190707/user4/user4-4-49-r6.dat,4,4,49,6
20190707/user4/user4-2-6-r2.dat,4,2,6,2
20190707/user4/user4-2-24-r2.dat,4,2,24,2
20190707/user4/user4-3-48-r2.dat,4,3,48,2
20190707/user4/user4-3-23-r3.dat,4,3,23,3
20190707/user4/user4-1-1-r5.dat,4,1,1,5
20190707/user4/user4-4-6-r2.dat,4,4,6,2
20190707/user4/user4-1-33-r1.dat,4,1,33,1
20190707/user4/user4-3-3-r1.dat,4,3,3,1
20190707/user4/user4-1-7-r2.dat,4,1,7,2
20190707/user4/user4-4-38-r6.dat,4,4,38,6
20190707/user4/user4-4-82-r3.dat,4,4,82,3
20190707/user4/user4-3-64-r5.dat,4,3,64,5
20190707/user4/user4-3-54-r1.dat,4,3,54,1
20190707/user4/user4-4-40-r1.dat,4,4,40,1
20190707/user4/user4-1-96-r6.dat,4,1,96,6
20190707/user4/user4-4-19-r1.dat,4,4,19,1
20190707/user4/user4-4-65-r3.dat,4,4,65,3
20190707/user4/user4-4-85-r5.dat,4,4,85,5
20190707/user4/user4-4-2-r2.dat,4,4,2,2
20190707/user4/user4-1-56-r6.dat,4,1,56,6
20190707/user4/user4-2-88-r1.dat,4,2,88,1
20190707/user4/user4-2-61-r5.dat,4,2,61,5
20190707/user4/user4-2-29-r1.dat,4,2,29,1
20190707/user4/user4-1-47-r6.dat,4,1,47,6
20190707/user4/user4-1-61-r3.dat,4,1,61,3
20190707/user4/user4-3-27-r6.dat,4,3,27,6
20190707/user4/user4-4-52-r6.dat,4,4,52,6
20190707/user4/user4-1-8-r1.dat,4,1,8,1
20190707/user4/user4-4-100-r6.dat,4,4,100,6
20190707/user4/user4-1-80-r1.dat,4,1,80,1
20190707/user4/user4-1-1-r1.dat,4,1,1,1
20190707/user4/user4-2-65-r3.dat,4,2,65,3
20190707/user4/user4-4-11-r5.dat,4,4,11,5
20190707/user4/user4-4-3-r3.dat,4,4,3,3
20190707/user4/user4-4-11-r3.dat,4,4,11,3
20190707/user4/user4-2-56-r1.dat,4,2,56,1
20190707/user4/user4-2-99-r2.dat,4,2,99,2
20190707/user4/user4-3-96-r5.dat,4,3,96,5
20190707/user4/user4-3-77-r6.dat,4,3,77,6
20190707/user4/user4-4-18-r1.dat,4,4,18,1
20190707/user4/user4-1-23-r4.dat,4,1,23,4
20190707/user4/user4-1-94-r5.dat,4,1,94,5
20190707/user4/user4-4-20-r1.dat,4,4,20,1
20190707/user4/user4-3-36-r2.dat,4,3,36,2
20190707/user4/user4-1-18-r3.dat,4,1,18,3
20190707/user4/user4-1-32-r3.dat,4,1,32,3
20190707/user4/user4-1-49-r5.dat,4,1,49,5
20190707/user4/user4-4-28-r3.dat,4,4,28,3
20190707/user4/user4-2-28-r2.dat,4,2,28,2
20190707/user4/user4-3-2-r5.dat,4,3,2,5
20190707/user4/user4-2-36-r6.dat,4,2,36,6
20190707/user4/user4-2-30-r4.dat,4,2,30,4
20190707/user4/user4-3-62-r5.dat,4,3,62,5
20190707/user4/user4-3-24-r4.dat,4,3,24,4
20190707/user4/user4-1-41-r2.dat,4,1,41,2
20190707/user4/user4-2-8-r4.dat,4,2,8,4
20190707/user4/user4-3-93-r6.dat,4,3,93,6
20190707/user4/user4-3-30-r4.dat,4,3,30,4
20190707/user4/user4-2-33-r1.dat,4,2,33,1
20190707/user4/user4-3-80-r4.dat,4,3,80,4
20190707/user4/user4-4-23-r1.dat,4,4,23,1
20190707/user4/user4-1-70-r6.dat,4,1,70,6
20190707/user4/user4-2-61-r6.dat,4,2,61,6
20190707/user4/user4-2-79-r5.dat,4,2,79,5
20190707/user4/user4-3-28-r5.dat,4,3,28,5
20190707/user4/user4-1-82-r1.dat,4,1,82,1
20190707/user4/user4-1-83-r2.dat,4,1,83,2
20190707/user4/user4-1-83-r6.dat,4,1,83,6
20190707/user4/user4-4-56-r3.dat,4,4,56,3
20190707/user4/user4-4-45-r5.dat,4,4,45,5
20190707/user4/user4-2-7-r6.dat,4,2,7,6
20190707/user4/user4-2-90-r4.dat,4,2,90,4
20190707/user4/user4-1-45-r6.dat,4,1,45,6
20190707/user4/user4-3-74-r3.dat,4,3,74,3
20190707/user4/user4-4-40-r5.dat,4,4,40,5
20190707/user4/user4-1-34-r4.dat,4,1,34,4
20190707/user4/user4-1-39-r4.dat,4,1,39,4
20190707/user4/user4-3-33-r5.dat,4,3,33,5
20190707/user4/user4-2-63-r5.dat,4,2,63,5
20190707/user4/user4-4-79-r6.dat,4,4,79,6
20190707/user4/user4-3-88-r6.dat,4,3,88,6
20190707/user4/user4-2-66-r2.dat,4,2,66,2
20190707/user4/user4-1-67-r6.dat,4,1,67,6
20190707/user4/user4-3-32-r1.dat,4,3,32,1
20190707/user4/user4-4-15-r6.dat,4,4,15,6
20190707/user4/user4-1-2-r4.dat,4,1,2,4
20190707/user4/user4-2-11-r6.dat,4,2,11,6
20190707/user4/user4-4-17-r2.dat,4,4,17,2
20190707/user4/user4-4-35-r3.dat,4,4,35,3
20190707/user4/user4-1-87-r3.dat,4,1,87,3
20190707/user4/user4-4-37-r4.dat,4,4,37,4
20190707/user4/user4-3-85-r6.dat,4,3,85,6
20190707/user4/user4-3-51-r3.dat,4,3,51,3
20190707/user4/user4-2-87-r5.dat,4,2,87,5
20190707/user4/user4-1-88-r1.dat,4,1,88,1
20190707/user4/user4-3-98-r1.dat,4,3,98,1
20190707/user4/user4-4-96-r2.dat,4,4,96,2
20190707/user4/user4-1-22-r3.dat,4,1,22,3
20190707/user4/user4-4-78-r4.dat,4,4,78,4
20190707/user4/user4-3-27-r2.dat,4,3,27,2
20190707/user4/user4-4-22-r6.dat,4,4,22,6
20190707/user4/user4-1-43-r5.dat,4,1,43,5
20190707/user4/user4-4-68-r5.dat,4,4,68,5
20190707/user4/user4-4-33-r6.dat,4,4,33,6
20190707/user4/user4-3-21-r2.dat,4,3,21,2
20190707/user4/user4-1-50-r6.dat,4,1,50,6
20190707/user4/user4-3-81-r4.dat,4,3,81,4
20190707/user4/user4-4-59-r5.dat,4,4,59,5
20190707/user4/user4-2-13-r3.dat,4,2,13,3
20190707/user4/user4-4-28-r2.dat,4,4,28,2
20190707/user4/user4-2-67-r5.dat,4,2,67,5
20190707/user4/user4-2-63-r1.dat,4,2,63,1
20190707/user4/user4-1-59-r5.dat,4,1,59,5
20190707/user4/user4-1-5-r2.dat,4,1,5,2
20190707/user4/user4-3-84-r5.dat,4,3,84,5
20190707/user4/user4-2-71-r6.dat,4,2,71,6
20190707/user4/user4-4-54-r6.dat,4,4,54,6
20190707/user4/user4-3-32-r3.dat,4,3,32,3
20190707/user4/user4-3-68-r2.dat,4,3,68,2
20190707/user4/user4-1-18-r4.dat,4,1,18,4
20190707/user4/user4-2-37-r2.dat,4,2,37,2
20190707/user4/user4-3-71-r1.dat,4,3,71,1
20190707/user4/user4-2-15-r2.dat,4,2,15,2
20190707/user4/user4-2-45-r4.dat,4,2,45,4
20190707/user4/user4-4-77-r1.dat,4,4,77,1
20190707/user4/user4-1-32-r6.dat,4,1,32,6
20190707/user4/user4-4-98-r3.dat,4,4,98,3
20190707/user4/user4-3-64-r4.dat,4,3,64,4
20190707/user4/user4-3-20-r3.dat,4,3,20,3
20190707/user4/user4-1-89-r1.dat,4,1,89,1
20190707/user4/user4-1-96-r4.dat,4,1,96,4
20190707/user4/user4-1-64-r5.dat,4,1,64,5
20190707/user4/user4-4-67-r1.dat,4,4,67,1
20190707/user4/user4-1-82-r4.dat,4,1,82,4
20190707/user4/user4-4-81-r1.dat,4,4,81,1
20190707/user4/user4-2-47-r6.dat,4,2,47,6
20190707/user4/user4-4-99-r2.dat,4,4,99,2
20190707/user4/user4-3-36-r6.dat,4,3,36,6
20190707/user4/user4-2-69-r5.dat,4,2,69,5
20190707/user4/user4-4-17-r6.dat,4,4,17,6
20190707/user4/user4-1-88-r3.dat,4,1,88,3
20190707/user4/user4-2-67-r1.dat,4,2,67,1
20190707/user4/user4-3-49-r5.dat,4,3,49,5
20190707/user4/user4-4-72-r4.dat,4,4,72,4
20190707/user4/user4-3-34-r1.dat,4,3,34,1
20190707/user4/user4-3-66-r4.dat,4,3,66,4
20190707/user4/user4-4-87-r4.dat,4,4,87,4
20190707/user4/user4-2-6-r1.dat,4,2,6,1
20190707/user4/user4-3-55-r6.dat,4,3,55,6
20190707/user4/user4-3-89-r6.dat,4,3,89,6
20190707/user4/user4-2-75-r3.dat,4,2,75,3
20190707/user4/user4-2-16-r5.dat,4,2,16,5
20190707/user4/user4-1-71-r2.dat,4,1,71,2
20190707/user4/user4-2-7-r4.dat,4,2,7,4
20190707/user4/user4-1-88-r5.dat,4,1,88,5
20190707/user4/user4-1-45-r3.dat,4,1,45,3
20190707/user4/user4-4-95-r5.dat,4,4,95,5
20190707/user4/user4-3-91-r3.dat,4,3,91,3
20190707/user4/user4-2-48-r2.dat,4,2,48,2
20190707/user4/user4-2-77-r2.dat,4,2,77,2
20190707/user4/user4-2-70-r4.dat,4,2,70,4
20190707/user4/user4-1-90-r2.dat,4,1,90,2
20190707/user4/user4-2-86-r6.dat,4,2,86,6
20190707/user4/user4-1-77-r3.dat,4,1,77,3
20190707/user4/user4-2-50-r6.dat,4,2,50,6
20190707/user4/user4-3-9-r5.dat,4,3,9,5
20190707/user4/user4-4-81-r3.dat,4,4,81,3
20190707/user4/user4-4-34-r5.dat,4,4,34,5
20190707/user4/user4-3-78-r6.dat,4,3,78,6
20190707/user4/user4-4-24-r1.dat,4,4,24,1
20190707/user4/user4-1-43-r1.dat,4,1,43,1
20190707/user4/user4-4-46-r1.dat,4,4,46,1
20190707/user4/user4-1-61-r6.dat,4,1,61,6
20190707/user4/user4-2-46-r3.dat,4,2,46,3
20190707/user4/user4-4-97-r5.dat,4,4,97,5
20190707/user4/user4-1-4-r2.dat,4,1,4,2
20190707/user4/user4-3-55-r2.dat,4,3,55,2
20190707/user4/user4-3-6-r6.dat,4,3,6,6
20190707/user4/user4-3-84-r4.dat,4,3,84,4
20190707/user4/user4-1-73-r5.dat,4,1,73,5
20190707/user4/user4-1-75-r4.dat,4,1,75,4
20190707/user4/user4-1-41-r6.dat,4,1,41,6
20190707/user4/user4-1-78-r2.dat,4,1,78,2
20190707/user4/user4-4-35-r1.dat,4,4,35,1
20190707/user4/user4-4-7-r6.dat,4,4,7,6
20190707/user4/user4-1-98-r4.dat,4,1,98,4
20190707/user4/user4-1-54-r2.dat,4,1,54,2
20190707/user4/user4-3-71-r6.dat,4,3,71,6
20190707/user4/user4-2-77-r4.dat,4,2,77,4
20190707/user4/user4-2-50-r1.dat,4,2,50,1
20190707/user4/user4-4-34-r4.dat,4,4,34,4
20190707/user4/user4-4-39-r4.dat,4,4,39,4
20190707/user4/user4-3-84-r2.dat,4,3,84,2
20190707/user4/user4-4-59-r1.dat,4,4,59,1
20190707/user4/user4-3-5-r3.dat,4,3,5,3
20190707/user4/user4-4-89-r6.dat,4,4,89,6
20190707/user4/user4-3-72-r2.dat,4,3,72,2
20190707/user4/user4-2-95-r1.dat,4,2,95,1
20190707/user4/user4-3-81-r2.dat,4,3,81,2
20190707/user4/user4-4-13-r5.dat,4,4,13,5
20190707/user4/user4-2-79-r4.dat,4,2,79,4
20190707/user4/user4-3-89-r2.dat,4,3,89,2
20190707/user4/user4-2-98-r4.dat,4,2,98,4
20190707/user4/user4-1-17-r1.dat,4,1,17,1
20190707/user4/user4-4-54-r1.dat,4,4,54,1
20190707/user4/user4-4-47-r5.dat,4,4,47,5
20190707/user4/user4-3-67-r3.dat,4,3,67,3
20190707/user4/user4-3-32-r6.dat,4,3,32,6
20190707/user4/user4-1-3-r6.dat,4,1,3,6
20190707/user4/user4-3-11-r3.dat,4,3,11,3
20190707/user4/user4-4-81-r4.dat,4,4,81,4
20190707/user4/user4-1-95-r1.dat,4,1,95,1
20190707/user4/user4-1-30-r1.dat,4,1,30,1
20190707/user4/user4-1-41-r3.dat,4,1,41,3
20190707/user4/user4-4-31-r3.dat,4,4,31,3
20190707/user4/user4-1-38-r2.dat,4,1,38,2
20190707/user4/user4-1-78-r4.dat,4,1,78,4
20190707/user4/user4-4-63-r5.dat,4,4,63,5
20190707/user4/user4-3-16-r4.dat,4,3,16,4
20190707/user4/user4-1-6-r5.dat,4,1,6,5
20190707/user4/user4-1-95-r3.dat,4,1,95,3
20190707/user4/user4-4-69-r1.dat,4,4,69,1
20190707/user4/user4-2-45-r5.dat,4,2,45,5
20190707/user4/user4-1-87-r2.dat,4,1,87,2
20190707/user4/user4-3-61-r6.dat,4,3,61,6
20190707/user4/user4-3-7-r3.dat,4,3,7,3
20190707/user4/user4-1-31-r5.dat,4,1,31,5
20190707/user4/user4-4-90-r3.dat,4,4,90,3
20190707/user4/user4-3-48-r4.dat,4,3,48,4
20190707/user4/user4-4-52-r2.dat,4,4,52,2
20190707/user4/user4-1-93-r2.dat,4,1,93,2
20190707/user4/user4-2-73-r3.dat,4,2,73,3
20190707/user4/user4-2-33-r6.dat,4,2,33,6
20190707/user4/user4-4-93-r3.dat,4,4,93,3
20190707/user4/user4-2-65-r2.dat,4,2,65,2
20190707/user4/user4-2-22-r3.dat,4,2,22,3
20190707/user4/user4-3-46-r2.dat,4,3,46,2
20190707/user4/user4-2-39-r2.dat,4,2,39,2
20190707/user4/user4-3-12-r2.dat,4,3,12,2
20190707/user4/user4-3-65-r2.dat,4,3,65,2
20190707/user4/user4-4-88-r4.dat,4,4,88,4
20190707/user4/user4-1-6-r4.dat,4,1,6,4
20190707/user4/user4-2-89-r1.dat,4,2,89,1
20190707/user4/user4-4-36-r3.dat,4,4,36,3
20190707/user4/user4-1-67-r2.dat,4,1,67,2
20190707/user4/user4-3-28-r4.dat,4,3,28,4
20190707/user4/user4-1-21-r1.dat,4,1,21,1
20190707/user4/user4-4-65-r2.dat,4,4,65,2
20190707/user4/user4-1-57-r2.dat,4,1,57,2
20190707/user4/user4-1-62-r3.dat,4,1,62,3
20190707/user4/user4-4-49-r2.dat,4,4,49,2
20190707/user4/user4-3-24-r2.dat,4,3,24,2
20190707/user4/user4-4-57-r6.dat,4,4,57,6
20190707/user4/user4-3-28-r6.dat,4,3,28,6
20190707/user4/user4-2-37-r1.dat,4,2,37,1
20190707/user4/user4-4-38-r3.dat,4,4,38,3
20190707/user4/user4-2-81-r4.dat,4,2,81,4
20190707/user4/user4-3-53-r4.dat,4,3,53,4
20190707/user4/user4-4-82-r4.dat,4,4,82,4
20190707/user4/user4-1-20-r3.dat,4,1,20,3
20190707/user4/user4-3-86-r4.dat,4,3,86,4
20190707/user4/user4-1-99-r3.dat,4,1,99,3
20190707/user4/user4-1-59-r6.dat,4,1,59,6
20190707/user4/user4-4-51-r5.dat,4,4,51,5
20190707/user4/user4-4-75-r3.dat,4,4,75,3
20190707/user4/user4-2-22-r2.dat,4,2,22,2
20190707/user4/user4-3-47-r1.dat,4,3,47,1
20190707/user4/user4-2-31-r2.dat,4,2,31,2
20190707/user4/user4-2-47-r1.dat,4,2,47,1
20190707/user4/user4-3-73-r2.dat,4,3,73,2
20190707/user4/user4-4-84-r2.dat,4,4,84,2
20190707/user4/user4-3-14-r4.dat,4,3,14,4
20190707/user4/user4-3-53-r6.dat,4,3,53,6
20190707/user4/user4-2-76-r4.dat,4,2,76,4
20190707/user4/user4-1-13-r1.dat,4,1,13,1
20190707/user4/user4-2-80-r6.dat,4,2,80,6
20190707/user4/user4-1-66-r1.dat,4,1,66,1
20190707/user4/user4-1-65-r3.dat,4,1,65,3
20190707/user4/user4-1-33-r5.dat,4,1,33,5
20190707/user4/user4-1-17-r3.dat,4,1,17,3
20190707/user4/user4-4-27-r4.dat,4,4,27,4
20190707/user4/user4-2-39-r4.dat,4,2,39,4
20190707/user4/user4-3-93-r2.dat,4,3,93,2
20190707/user4/user4-4-44-r3.dat,4,4,44,3
20190707/user4/user4-2-5-r3.dat,4,2,5,3
20190707/user4/user4-2-88-r6.dat,4,2,88,6
20190707/user4/user4-1-92-r2.dat,4,1,92,2
20190707/user4/user4-3-13-r2.dat,4,3,13,2
20190707/user4/user4-2-23-r5.dat,4,2,23,5
20190707/user4/user4-1-79-r3.dat,4,1,79,3
20190707/user4/user4-1-12-r3.dat,4,1,12,3
20190707/user4/user4-1-18-r6.dat,4,1,18,6
20190707/user4/user4-3-65-r5.dat,4,3,65,5
20190707/user4/user4-2-18-r3.dat,4,2,18,3
20190707/user4/user4-1-26-r5.dat,4,1,26,5
20190707/user4/user4-2-1-r4.dat,4,2,1,4
20190707/user4/user4-3-47-r6.dat,4,3,47,6
20190707/user4/user4-1-44-r1.dat,4,1,44,1
20190707/user4/user4-1-81-r2.dat,4,1,81,2
20190707/user4/user4-2-63-r3.dat,4,2,63,3
20190707/user4/user4-2-32-r5.dat,4,2,32,5
20190707/user4/user4-2-95-r5.dat,4,2,95,5
20190707/user4/user4-1-30-r2.dat,4,1,30,2
20190707/user4/user4-2-1-r6.dat,4,2,1,6
20190707/user4/user4-1-12-r4.dat,4,1,12,4
20190707/user4/user4-3-53-r1.dat,4,3,53,1
20190707/user4/user4-4-4-r2.dat,4,4,4,2
20190707/user4/user4-4-15-r4.dat,4,4,15,4
20190707/user4/user4-2-83-r4.dat,4,2,83,4
20190707/user4/user4-2-26-r4.dat,4,2,26,4
20190707/user4/user4-1-17-r2.dat,4,1,17,2
20190707/user4/user4-1-50-r5.dat,4,1,50,5
20190707/user4/user4-2-36-r2.dat,4,2,36,2
20190707/user4/user4-1-37-r6.dat,4,1,37,6
20190707/user4/user4-4-62-r4.dat,4,4,62,4
20190707/user4/user4-1-3-r3.dat,4,1,3,3
20190707/user4/user4-2-50-r4.dat,4,2,50,4
20190707/user4/user4-2-4-r5.dat,4,2,4,5
20190707/user4/user4-4-27-r5.dat,4,4,27,5
20190707/user4/user4-2-35-r4.dat,4,2,35,4
20190707/user4/user4-1-63-r4.dat,4,1,63,4
20190707/user4/user4-2-13-r1.dat,4,2,13,1
20190707/user4/user4-2-26-r6.dat,4,2,26,6
20190707/user4/user4-1-98-r1.dat,4,1,98,1
20190707/user4/user4-4-14-r1.dat,4,4,14,1
20190707/user4/user4-4-99-r6.dat,4,4,99,6
20190707/user4/user4-2-25-r5.dat,4,2,25,5
20190707/user4/user4-4-44-r1.dat,4,4,44,1
20190707/user4/user4-3-38-r1.dat,4,3,38,1
20190707/user4/user4-3-2-r1.dat,4,3,2,1
20190707/user4/user4-3-62-r4.dat,4,3,62,4
20190707/user4/user4-1-64-r3.dat,4,1,64,3
20190707/user4/user4-1-7-r5.dat,4,1,7,5
20190707/user4/user4-4-54-r4.dat,4,4,54,4
20190707/user4/user4-2-53-r4.dat,4,2,53,4
20190707/user4/user4-4-62-r2.dat,4,4,62,2
20190707/user4/user4-1-25-r2.dat,4,1,25,2
20190707/user4/user4-3-38-r5.dat,4,3,38,5
20190707/user4/user4-2-54-r3.dat,4,2,54,3
20190707/user4/user4-4-23-r6.dat,4,4,23,6
20190707/user4/user4-4-86-r1.dat,4,4,86,1
20190707/user4/user4-4-89-r2.dat,4,4,89,2
20190707/user4/user4-2-49-r6.dat,4,2,49,6
20190707/user4/user4-4-31-r4.dat,4,4,31,4
20190707/user4/user4-1-66-r5.dat,4,1,66,5
20190707/user4/user4-2-34-r6.dat,4,2,34,6
20190707/user4/user4-3-25-r3.dat,4,3,25,3
20190707/user4/user4-2-56-r2.dat,4,2,56,2
20190707/user4/user4-1-82-r6.dat,4,1,82,6
20190707/user4/user4-3-26-r1.dat,4,3,26,1
20190707/user4/user4-4-4-r1.dat,4,4,4,1
20190707/user4/user4-3-46-r3.dat,4,3,46,3
20190707/user4/user4-4-87-r5.dat,4,4,87,5
20190707/user4/user4-2-67-r2.dat,4,2,67,2
20190707/user4/user4-1-22-r6.dat,4,1,22,6
20190707/user4/user4-1-20-r6.dat,4,1,20,6
20190707/user4/user4-1-88-r4.dat,4,1,88,4
20190707/user4/user4-2-12-r3.dat,4,2,12,3
20190707/user4/user4-2-2-r2.dat,4,2,2,2
20190707/user4/user4-3-52-r3.dat,4,3,52,3
20190707/user4/user4-2-29-r4.dat,4,2,29,4
20190707/user4/user4-2-9-r6.dat,4,2,9,6
20190707/user4/user4-4-53-r2.dat,4,4,53,2
20190707/user4/user4-1-100-r6.dat,4,1,100,6
20190707/user4/user4-1-99-r6.dat,4,1,99,6
20190707/user4/user4-2-72-r6.dat,4,2,72,6
20190707/user4/user4-1-5-r1.dat,4,1,5,1
20190707/user4/user4-4-10-r4.dat,4,4,10,4
20190707/user4/user4-3-96-r3.dat,4,3,96,3
20190707/user4/user4-2-40-r1.dat,4,2,40,1
20190707/user4/user4-1-63-r6.dat,4,1,63,6
20190707/user4/user4-2-67-r3.dat,4,2,67,3
20190707/user4/user4-3-75-r1.dat,4,3,75,1
20190707/user4/user4-2-69-r2.dat,4,2,69,2
20190707/user4/user4-2-93-r4.dat,4,2,93,4
20190707/user4/user4-3-3-r5.dat,4,3,3,5
20190707/user4/user4-3-10-r1.dat,4,3,10,1
20190707/user4/user4-1-31-r3.dat,4,1,31,3
20190707/user4/user4-3-82-r2.dat,4,3,82,2
20190707/user4/user4-4-98-r5.dat,4,4,98,5
20190707/user4/user4-3-66-r1.dat,4,3,66,1
20190707/user4/user4-1-35-r4.dat,4,1,35,4
20190707/user4/user4-1-26-r3.dat,4,1,26,3
20190707/user4/user4-3-1-r2.dat,4,3,1,2
20190707/user4/user4-3-50-r3.dat,4,3,50,3
20190707/user4/user4-4-78-r5.dat,4,4,78,5
20190707/user4/user4-1-11-r1.dat,4,1,11,1
20190707/user4/user4-3-6-r4.dat,4,3,6,4
20190707/user4/user4-3-80-r2.dat,4,3,80,2
20190707/user4/user4-4-14-r3.dat,4,4,14,3
20190707/user4/user4-3-34-r4.dat,4,3,34,4
20190707/user4/user4-2-7-r2.dat,4,2,7,2
20190707/user4/user4-2-30-r6.dat,4,2,30,6
20190707/user4/user4-1-20-r5.dat,4,1,20,5
20190707/user4/user4-1-13-r3.dat,4,1,13,3
20190707/user4/user4-2-1-r5.dat,4,2,1,5
20190707/user4/user4-1-59-r2.dat,4,1,59,2
20190707/user4/user4-1-16-r1.dat,4,1,16,1
20190707/user4/user4-1-38-r3.dat,4,1,38,3
20190707/user4/user4-1-14-r5.dat,4,1,14,5
20190707/user4/user4-1-3-r1.dat,4,1,3,1
20190707/user4/user4-4-24-r4.dat,4,4,24,4
20190707/user4/user4-4-29-r5.dat,4,4,29,5
20190707/user4/user4-4-53-r4.dat,4,4,53,4
20190707/user4/user4-3-21-r4.dat,4,3,21,4
20190707/user4/user4-4-73-r5.dat,4,4,73,5
20190707/user4/user4-1-98-r6.dat,4,1,98,6
20190707/user4/user4-2-16-r3.dat,4,2,16,3
20190707/user4/user4-2-76-r3.dat,4,2,76,3
20190707/user4/user4-1-97-r4.dat,4,1,97,4
20190707/user4/user4-4-55-r6.dat,4,4,55,6
20190707/user4/user4-2-55-r1.dat,4,2,55,1
20190707/user4/user4-1-100-r2.dat,4,1,100,2
20190707/user4/user4-1-84-r5.dat,4,1,84,5
20190707/user4/user4-1-92-r5.dat,4,1,92,5
20190707/user4/user4-2-74-r6.dat,4,2,74,6
20190707/user4/user4-4-97-r1.dat,4,4,97,1
20190707/user4/user4-2-3-r2.dat,4,2,3,2
20190707/user4/user4-1-78-r1.dat,4,1,78,1
20190707/user4/user4-3-78-r4.dat,4,3,78,4
20190707/user4/user4-3-95-r5.dat,4,3,95,5
20190707/user4/user4-2-8-r1.dat,4,2,8,1
20190707/user4/user4-4-8-r5.dat,4,4,8,5
20190707/user4/user4-1-36-r6.dat,4,1,36,6
20190707/user4/user4-2-3-r4.dat,4,2,3,4
20190707/user4/user4-4-11-r2.dat,4,4,11,2
20190707/user4/user4-2-89-r5.dat,4,2,89,5
20190707/user4/user4-2-43-r3.dat,4,2,43,3
20190707/user4/user4-3-17-r2.dat,4,3,17,2
20190707/user4/user4-1-62-r2.dat,4,1,62,2
20190707/user4/user4-4-53-r5.dat,4,4,53,5
20190707/user4/user4-3-45-r3.dat,4,3,45,3
20190707/user4/user4-2-94-r2.dat,4,2,94,2
20190707/user4/user4-2-68-r3.dat,4,2,68,3
20190707/user4/user4-1-4-r3.dat,4,1,4,3
20190707/user4/user4-2-73-r5.dat,4,2,73,5
20190707/user4/user4-1-51-r6.dat,4,1,51,6
20190707/user4/user4-3-56-r4.dat,4,3,56,4
20190707/user4/user4-3-3-r6.dat,4,3,3,6
20190707/user4/user4-1-41-r5.dat,4,1,41,5
20190707/user4/user4-2-80-r3.dat,4,2,80,3
20190707/user4/user4-2-83-r6.dat,4,2,83,6
20190707/user4/user4-4-42-r3.dat,4,4,42,3
20190707/user4/user4-1-94-r6.dat,4,1,94,6
20190707/user4/user4-4-80-r1.dat,4,4,80,1
20190707/user4/user4-3-65-r1.dat,4,3,65,1
20190707/user4/user4-4-39-r3.dat,4,4,39,3
20190707/user4/user4-1-77-r6.dat,4,1,77,6
20190707/user4/user4-3-2-r4.dat,4,3,2,4
20190707/user4/user4-3-10-r4.dat,4,3,10,4
20190707/user4/user4-4-49-r5.dat,4,4,49,5
20190707/user4/user4-4-21-r3.dat,4,4,21,3
20190707/user4/user4-2-23-r1.dat,4,2,23,1
20190707/user4/user4-3-98-r6.dat,4,3,98,6
20190707/user4/user4-4-90-r6.dat,4,4,90,6
20190707/user4/user4-2-9-r2.dat,4,2,9,2
20190707/user4/user4-4-90-r4.dat,4,4,90,4
20190707/user4/user4-2-92-r6.dat,4,2,92,6
20190707/user4/user4-2-31-r1.dat,4,2,31,1
20190707/user4/user4-3-33-r6.dat,4,3,33,6
20190707/user4/user4-4-41-r2.dat,4,4,41,2
20190707/user4/user4-3-27-r3.dat,4,3,27,3
20190707/user4/user4-4-20-r6.dat,4,4,20,6
20190707/user4/user4-2-51-r6.dat,4,2,51,6
20190707/user4/user4-2-33-r4.dat,4,2,33,4
20190707/user4/user4-3-25-r4.dat,4,3,25,4
20190707/user4/user4-1-40-r6.dat,4,1,40,6
20190707/user4/user4-1-48-r2.dat,4,1,48,2
20190707/user4/user4-3-66-r3.dat,4,3,66,3
20190707/user4/user4-3-91-r1.dat,4,3,91,1
20190707/user4/user4-3-43-r1.dat,4,3,43,1
20190707/user4/user4-1-14-r4.dat,4,1,14,4
20190707/user4/user4-3-42-r2.dat,4,3,42,2
20190707/user4/user4-2-6-r5.dat,4,2,6,5
20190707/user4/user4-1-67-r1.dat,4,1,67,1
20190707/user4/user4-2-77-r5.dat,4,2,77,5
20190707/user4/user4-2-62-r1.dat,4,2,62,1
20190707/user4/user4-1-59-r1.dat,4,1,59,1
20190707/user4/user4-2-85-r5.dat,4,2,85,5
20190707/user4/user4-4-64-r6.dat,4,4,64,6
20190707/user4/user4-1-91-r4.dat,4,1,91,4
20190707/user4/user4-4-53-r1.dat,4,4,53,1
20190707/user4/user4-1-82-r3.dat,4,1,82,3
20190707/user4/user4-2-87-r4.dat,4,2,87,4
20190707/user4/user4-4-41-r5.dat,4,4,41,5
20190707/user4/user4-2-79-r2.dat,4,2,79,2
20190707/user4/user4-1-9-r5.dat,4,1,9,5
20190707/user4/user4-4-79-r1.dat,4,4,79,1
20190707/user4/user4-2-21-r4.dat,4,2,21,4
20190707/user4/user4-3-25-r2.dat,4,3,25,2
20190707/user4/user4-2-20-r6.dat,4,2,20,6
20190707/user4/user4-1-76-r1.dat,4,1,76,1
20190707/user4/user4-2-20-r2.dat,4,2,20,2
20190707/user4/user4-3-18-r4.dat,4,3,18,4
20190707/user4/user4-2-26-r3.dat,4,2,26,3
20190707/user4/user4-2-24-r3.dat,4,2,24,3
20190707/user4/user4-3-74-r5.dat,4,3,74,5
20190707/user4/user4-1-19-r1.dat,4,1,19,1
20190707/user4/user4-2-68-r5.dat,4,2,68,5
20190707/user4/user4-1-65-r5.dat,4,1,65,5
20190707/user4/user4-4-1-r4.dat,4,4,1,4
20190707/user4/user4-4-4-r3.dat,4,4,4,3
20190707/user4/user4-4-73-r4.dat,4,4,73,4
20190707/user4/user4-2-7-r3.dat,4,2,7,3
20190707/user4/user4-3-73-r4.dat,4,3,73,4
20190707/user4/user4-3-33-r3.dat,4,3,33,3
20190707/user4/user4-1-100-r4.dat,4,1,100,4
20190707/user4/user4-1-10-r2.dat,4,1,10,2
20190707/user4/user4-1-19-r3.dat,4,1,19,3
20190707/user4/user4-3-63-r3.dat,4,3,63,3
20190707/user4/user4-3-60-r3.dat,4,3,60,3
20190707/user4/user4-4-8-r2.dat,4,4,8,2
20190707/user4/user4-3-42-r3.dat,4,3,42,3
20190707/user4/user4-4-47-r3.dat,4,4,47,3
20190707/user4/user4-4-44-r4.dat,4,4,44,4
20190707/user4/user4-4-64-r1.dat,4,4,64,1
20190707/user4/user4-4-38-r4.dat,4,4,38,4
20190707/user4/user4-3-78-r3.dat,4,3,78,3
20190707/user4/user4-3-76-r3.dat,4,3,76,3
20190707/user4/user4-3-7-r4.dat,4,3,7,4
20190707/user4/user4-2-23-r3.dat,4,2,23,3
20190707/user4/user4-2-75-r5.dat,4,2,75,5
20190707/user4/user4-4-43-r3.dat,4,4,43,3
20190707/user4/user4-4-62-r5.dat,4,4,62,5
20190707/user4/user4-4-11-r1.dat,4,4,11,1
20190707/user4/user4-4-66-r3.dat,4,4,66,3
20190707/user4/user4-1-46-r5.dat,4,1,46,5
20190707/user4/user4-4-45-r3.dat,4,4,45,3
20190707/user4/user4-1-5-r5.dat,4,1,5,5
20190707/user4/user4-1-49-r2.dat,4,1,49,2
20190707/user4/user4-4-67-r6.dat,4,4,67,6
20190707/user4/user4-3-45-r2.dat,4,3,45,2
20190707/user4/user4-2-75-r4.dat,4,2,75,4
20190707/user4/user4-3-68-r6.dat,4,3,68,6
20190707/user4/user4-1-53-r4.dat,4,1,53,4
20190707/user4/user4-3-75-r2.dat,4,3,75,2
20190707/user4/user4-2-30-r1.dat,4,2,30,1
20190707/user4/user4-2-37-r5.dat,4,2,37,5
20190707/user4/user4-2-32-r6.dat,4,2,32,6
20190707/user4/user4-1-40-r3.dat,4,1,40,3
20190707/user4/user4-3-82-r1.dat,4,3,82,1
20190707/user4/user4-4-69-r5.dat,4,4,69,5
20190707/user4/user4-2-54-r4.dat,4,2,54,4
20190707/user4/user4-4-10-r3.dat,4,4,10,3
20190707/user4/user4-4-96-r3.dat,4,4,96,3
20190707/user4/user4-2-100-r2.dat,4,2,100,2
20190707/user4/user4-3-22-r3.dat,4,3,22,3
20190707/user4/user4-3-66-r2.dat,4,3,66,2
20190707/user4/user4-2-71-r4.dat,4,2,71,4
20190707/user4/user4-3-49-r3.dat,4,3,49,3
20190707/user4/user4-1-80-r3.dat,4,1,80,3
20190707/user4/user4-4-10-r1.dat,4,4,10,1
20190707/user4/user4-4-89-r5.dat,4,4,89,5
20190707/user4/user4-2-2-r1.dat,4,2,2,1
20190707/user4/user4-2-17-r6.dat,4,2,17,6
20190707/user4/user4-2-97-r3.dat,4,2,97,3
20190707/user4/user4-4-43-r4.dat,4,4,43,4
20190707/user4/user4-2-60-r5.dat,4,2,60,5
20190707/user4/user4-4-98-r6.dat,4,4,98,6
20190707/user4/user4-1-58-r2.dat,4,1,58,2
20190707/user4/user4-2-98-r1.dat,4,2,98,1
20190707/user4/user4-2-21-r3.dat,4,2,21,3
20190707/user4/user4-2-38-r3.dat,4,2,38,3
20190707/user4/user4-1-36-r3.dat,4,1,36,3
20190707/user4/user4-2-51-r4.dat,4,2,51,4
20190707/user4/user4-4-89-r3.dat,4,4,89,3
20190707/user4/user4-2-96-r4.dat,4,2,96,4
20190707/user4/user4-3-100-r5.dat,4,3,100,5
20190707/user4/user4-1-72-r3.dat,4,1,72,3
20190707/user4/user4-1-100-r3.dat,4,1,100,3
20190707/user4/user4-3-87-r2.dat,4,3,87,2
20190707/user4/user4-2-12-r5.dat,4,2,12,5
20190707/user4/user4-2-18-r4.dat,4,2,18,4
20190707/user4/user4-1-52-r2.dat,4,1,52,2
20190707/user4/user4-2-72-r4.dat,4,2,72,4
20190707/user4/user4-2-10-r1.dat,4,2,10,1
20190707/user4/user4-2-44-r2.dat,4,2,44,2
20190707/user4/user4-3-11-r5.dat,4,3,11,5
20190707/user4/user4-1-92-r6.dat,4,1,92,6
20190707/user4/user4-3-22-r4.dat,4,3,22,4
20190707/user4/user4-1-77-r1.dat,4,1,77,1
20190707/user4/user4-2-80-r1.dat,4,2,80,1
20190707/user4/user4-1-27-r6.dat,4,1,27,6
20190707/user4/user4-1-46-r2.dat,4,1,46,2
20190707/user4/user4-3-83-r4.dat,4,3,83,4
20190707/user4/user4-2-68-r2.dat,4,2,68,2
20190707/user4/user4-3-26-r2.dat,4,3,26,2
20190707/user4/user4-3-60-r4.dat,4,3,60,4
20190707/user4/user4-3-46-r6.dat,4,3,46,6
20190707/user4/user4-1-87-r5.dat,4,1,87,5
20190707/user4/user4-4-6-r6.dat,4,4,6,6
20190707/user4/user4-4-81-r5.dat,4,4,81,5
20190707/user4/user4-1-39-r2.dat,4,1,39,2
20190707/user4/user4-1-11-r6.dat,4,1,11,6
20190707/user4/user4-3-74-r6.dat,4,3,74,6
20190707/user4/user4-3-44-r4.dat,4,3,44,4
20190707/user4/user4-1-100-r1.dat,4,1,100,1
20190707/user4/user4-2-18-r2.dat,4,2,18,2
20190707/user4/user4-4-7-r3.dat,4,4,7,3
20190707/user4/user4-2-57-r2.dat,4,2,57,2
20190707/user4/user4-4-62-r3.dat,4,4,62,3
20190707/user4/user4-2-83-r5.dat,4,2,83,5
20190707/user4/user4-1-92-r1.dat,4,1,92,1
20190707/user4/user4-3-96-r1.dat,4,3,96,1
20190707/user4/user4-2-47-r5.dat,4,2,47,5
20190707/user4/user4-3-22-r5.dat,4,3,22,5
20190707/user4/user4-3-99-r5.dat,4,3,99,5
20190707/user4/user4-1-19-r5.dat,4,1,19,5
20190707/user4/user4-2-4-r4.dat,4,2,4,4
20190707/user4/user4-1-90-r5.dat,4,1,90,5
20190707/user4/user4-1-76-r5.dat,4,1,76,5
20190707/user4/user4-4-58-r3.dat,4,4,58,3
20190707/user4/user4-4-36-r4.dat,4,4,36,4
20190707/user4/user4-2-3-r5.dat,4,2,3,5
20190707/user4/user4-1-23-r5.dat,4,1,23,5
20190707/user4/user4-1-63-r5.dat,4,1,63,5
20190707/user4/user4-1-86-r2.dat,4,1,86,2
20190707/user4/user4-3-86-r1.dat,4,3,86,1
20190707/user4/user4-1-69-r1.dat,4,1,69,1
20190707/user4/user4-1-75-r2.dat,4,1,75,2
20190707/user4/user4-2-28-r5.dat,4,2,28,5
20190707/user4/user4-3-83-r1.dat,4,3,83,1
20190707/user4/user4-4-14-r5.dat,4,4,14,5
20190707/user4/user4-2-91-r2.dat,4,2,91,2
20190707/user4/user4-4-60-r2.dat,4,4,60,2
20190707/user4/user4-4-24-r6.dat,4,4,24,6
20190707/user4/user4-1-44-r2.dat,4,1,44,2
20190707/user4/user4-4-26-r2.dat,4,4,26,2
20190707/user4/user4-4-77-r5.dat,4,4,77,5
20190707/user4/user4-2-40-r6.dat,4,2,40,6
20190707/user4/user4-2-53-r2.dat,4,2,53,2
20190707/user4/user4-1-14-r2.dat,4,1,14,2
20190707/user4/user4-3-59-r4.dat,4,3,59,4
20190707/user4/user4-1-29-r3.dat,4,1,29,3
20190707/user4/user4-1-54-r3.dat,4,1,54,3
20190707/user4/user4-2-57-r4.dat,4,2,57,4
20190707/user4/user4-2-43-r4.dat,4,2,43,4
20190707/user4/user4-2-41-r6.dat,4,2,41,6
20190707/user4/user4-4-50-r3.dat,4,4,50,3
20190707/user4/user4-2-55-r2.dat,4,2,55,2
20190707/user4/user4-3-79-r5.dat,4,3,79,5
20190707/user4/user4-2-81-r1.dat,4,2,81,1
20190707/user4/user4-2-18-r1.dat,4,2,18,1
20190707/user4/user4-1-16-r4.dat,4,1,16,4
20190707/user4/user4-2-82-r5.dat,4,2,82,5
20190707/user4/user4-2-70-r3.dat,4,2,70,3
20190707/user4/user4-1-29-r5.dat,4,1,29,5
20190707/user4/user4-1-17-r5.dat,4,1,17,5
20190707/user4/user4-4-9-r1.dat,4,4,9,1
20190707/user4/user4-2-51-r2.dat,4,2,51,2
20190707/user4/user4-2-22-r6.dat,4,2,22,6
20190707/user4/user4-1-58-r4.dat,4,1,58,4
20190707/user4/user4-2-60-r2.dat,4,2,60,2
20190707/user4/user4-1-44-r5.dat,4,1,44,5
20190707/user4/user4-3-13-r6.dat,4,3,13,6
20190707/user4/user4-2-63-r2.dat,4,2,63,2
20190707/user4/user4-2-70-r2.dat,4,2,70,2
20190707/user4/user4-1-50-r4.dat,4,1,50,4
20190707/user4/user4-3-21-r5.dat,4,3,21,5
20190707/user4/user4-1-48-r5.dat,4,1,48,5
20190707/user4/user4-4-99-r3.dat,4,4,99,3
20190707/user4/user4-4-57-r1.dat,4,4,57,1
20190707/user4/user4-2-67-r4.dat,4,2,67,4
20190707/user4/user4-3-83-r3.dat,4,3,83,3
20190707/user4/user4-1-15-r3.dat,4,1,15,3
20190707/user4/user4-2-13-r6.dat,4,2,13,6
20190707/user4/user4-1-96-r2.dat,4,1,96,2
20190707/user4/user4-4-30-r3.dat,4,4,30,3
20190707/user4/user4-3-94-r5.dat,4,3,94,5
20190707/user4/user4-3-59-r1.dat,4,3,59,1
20190707/user4/user4-2-94-r5.dat,4,2,94,5
20190707/user4/user4-3-38-r3.dat,4,3,38,3
20190707/user4/user4-1-45-r1.dat,4,1,45,1
20190707/user4/user4-3-37-r1.dat,4,3,37,1
20190707/user4/user4-2-58-r3.dat,4,2,58,3
20190707/user4/user4-4-91-r6.dat,4,4,91,6
20190707/user4/user4-3-7-r1.dat,4,3,7,1
20190707/user4/user4-1-91-r2.dat,4,1,91,2
20190707/user4/user4-4-91-r2.dat,4,4,91,2
20190707/user4/user4-1-31-r2.dat,4,1,31,2
20190707/user4/user4-4-13-r2.dat,4,4,13,2
20190707/user4/user4-1-11-r4.dat,4,1,11,4
20190707/user4/user4-2-95-r6.dat,4,2,95,6
20190707/user4/user4-2-15-r1.dat,4,2,15,1
20190707/user4/user4-1-94-r4.dat,4,1,94,4
20190707/user4/user4-3-88-r1.dat,4,3,88,1
20190707/user4/user4-3-12-r4.dat,4,3,12,4
20190707/user4/user4-1-7-r4.dat,4,1,7,4
20190707/user4/user4-1-73-r2.dat,4,1,73,2
20190707/user4/user4-1-31-r4.dat,4,1,31,4
20190707/user4/user4-1-13-r5.dat,4,1,13,5
20190707/user4/user4-2-81-r5.dat,4,2,81,5
20190707/user4/user4-4-65-r5.dat,4,4,65,5
20190707/user4/user4-1-45-r4.dat,4,1,45,4
20190707/user4/user4-1-22-r1.dat,4,1,22,1
20190707/user4/user4-3-13-r3.dat,4,3,13,3
20190707/user4/user4-4-46-r2.dat,4,4,46,2
20190707/user4/user4-2-13-r4.dat,4,2,13,4
20190707/user4/user4-3-54-r5.dat,4,3,54,5
20190707/user4/user4-3-23-r2.dat,4,3,23,2
20190707/user4/user4-3-35-r1.dat,4,3,35,1
20190707/user4/user4-3-72-r4.dat,4,3,72,4
20190707/user4/user4-1-10-r3.dat,4,1,10,3
20190707/user4/user4-2-72-r5.dat,4,2,72,5
20190707/user4/user4-2-19-r2.dat,4,2,19,2
20190707/user4/user4-1-84-r4.dat,4,1,84,4
20190707/user4/user4-3-14-r6.dat,4,3,14,6
20190707/user4/user4-1-93-r3.dat,4,1,93,3
20190707/user4/user4-4-48-r3.dat,4,4,48,3
20190707/user4/user4-3-56-r6.dat,4,3,56,6
20190707/user4/user4-3-78-r2.dat,4,3,78,2
20190707/user4/user4-1-68-r6.dat,4,1,68,6
20190707/user4/user4-4-59-r6.dat,4,4,59,6
20190707/user4/user4-2-68-r4.dat,4,2,68,4
20190707/user4/user4-3-11-r2.dat,4,3,11,2
20190707/user4/user4-2-33-r3.dat,4,2,33,3
20190707/user4/user4-3-42-r1.dat,4,3,42,1
20190707/user4/user4-1-7-r3.dat,4,1,7,3
20190707/user4/user4-4-64-r4.dat,4,4,64,4
20190707/user4/user4-3-57-r4.dat,4,3,57,4
20190707/user4/user4-3-54-r6.dat,4,3,54,6
20190707/user4/user4-2-88-r2.dat,4,2,88,2
20190707/user4/user4-3-89-r1.dat,4,3,89,1
20190707/user4/user4-3-3-r4.dat,4,3,3,4
20190718/user9/user9-3-19-r5.dat,9,3,19,5
20190718/user9/user9-1-2-r3.dat,9,1,2,3
20190718/user9/user9-4-46-r3.dat,9,4,46,3
20190718/user9/user9-3-28-r6.dat,9,3,28,6
20190718/user9/user9-1-37-r5.dat,9,1,37,5
20190718/user9/user9-4-37-r6.dat,9,4,37,6
20190718/user9/user9-1-26-r3.dat,9,1,26,3
20190718/user9/user9-3-50-r1.dat,9,3,50,1
20190718/user9/user9-4-42-r4.dat,9,4,42,4
20190718/user9/user9-3-40-r1.dat,9,3,40,1
20190718/user9/user9-3-18-r3.dat,9,3,18,3
20190718/user9/user9-4-38-r3.dat,9,4,38,3
20190718/user9/user9-2-1-r1.dat,9,2,1,1
20190718/user9/user9-3-47-r4.dat,9,3,47,4
20190718/user9/user9-3-39-r2.dat,9,3,39,2
20190718/user9/user9-4-21-r4.dat,9,4,21,4
20190718/user9/user9-2-28-r3.dat,9,2,28,3
20190718/user9/user9-2-5-r5.dat,9,2,5,5
20190718/user9/user9-1-21-r5.dat,9,1,21,5
20190718/user9/user9-3-4-r5.dat,9,3,4,5
20190718/user9/user9-3-30-r3.dat,9,3,30,3
20190718/user9/user9-2-48-r4.dat,9,2,48,4
20190718/user9/user9-1-31-r4.dat,9,1,31,4
20190718/user9/user9-4-10-r4.dat,9,4,10,4
20190718/user9/user9-3-44-r1.dat,9,3,44,1
20190718/user9/user9-1-18-r3.dat,9,1,18,3
20190718/user9/user9-2-27-r5.dat,9,2,27,5
20190718/user9/user9-1-47-r1.dat,9,1,47,1
20190718/user9/user9-3-17-r4.dat,9,3,17,4
20190718/user9/user9-1-31-r6.dat,9,1,31,6
20190718/user9/user9-3-43-r5.dat,9,3,43,5
20190718/user9/user9-3-35-r6.dat,9,3,35,6
20190718/user9/user9-1-1-r5.dat,9,1,1,5
20190718/user9/user9-3-6-r4.dat,9,3,6,4
20190718/user9/user9-4-10-r6.dat,9,4,10,6
20190718/user9/user9-3-8-r6.dat,9,3,8,6
20190718/user9/user9-1-38-r4.dat,9,1,38,4
20190718/user9/user9-1-19-r6.dat,9,1,19,6
20190718/user9/user9-1-41-r5.dat,9,1,41,5
20190718/user9/user9-2-32-r5.dat,9,2,32,5
20190718/user9/user9-1-22-r5.dat,9,1,22,5
20190718/user9/user9-4-11-r2.dat,9,4,11,2
20190718/user9/user9-4-36-r5.dat,9,4,36,5
20190718/user9/user9-3-7-r1.dat,9,3,7,1
20190718/user9/user9-1-6-r3.dat,9,1,6,3
20190718/user9/user9-3-16-r3.dat,9,3,16,3
20190718/user9/user9-3-6-r5.dat,9,3,6,5
20190718/user9/user9-2-8-r1.dat,9,2,8,1
20190718/user9/user9-2-42-r5.dat,9,2,42,5
20190718/user9/user9-3-47-r3.dat,9,3,47,3
20190718/user9/user9-3-43-r2.dat,9,3,43,2
20190718/user9/user9-1-50-r5.dat,9,1,50,5
20190718/user9/user9-1-14-r6.dat,9,1,14,6
20190718/user9/user9-4-23-r4.dat,9,4,23,4
20190718/user9/user9-1-49-r6.dat,9,1,49,6
20190718/user9/user9-1-17-r4.dat,9,1,17,4
20190718/user9/user9-3-24-r4.dat,9,3,24,4
20190718/user9/user9-2-12-r1.dat,9,2,12,1
20190718/user9/user9-4-8-r6.dat,9,4,8,6
20190718/user9/user9-1-35-r1.dat,9,1,35,1
20190718/user9/user9-4-23-r6.dat,9,4,23,6
20190718/user9/user9-1-2-r6.dat,9,1,2,6
20190718/user9/user9-2-40-r6.dat,9,2,40,6
20190718/user9/user9-1-46-r2.dat,9,1,46,2
20190718/user9/user9-1-28-r3.dat,9,1,28,3
20190718/user9/user9-4-13-r1.dat,9,4,13,1
20190718/user9/user9-2-9-r2.dat,9,2,9,2
20190718/user9/user9-1-6-r5.dat,9,1,6,5
20190718/user9/user9-2-27-r6.dat,9,2,27,6
20190718/user9/user9-2-11-r5.dat,9,2,11,5
20190718/user9/user9-1-15-r6.dat,9,1,15,6
20190718/user9/user9-3-9-r6.dat,9,3,9,6
20190718/user9/user9-4-44-r3.dat,9,4,44,3
20190718/user9/user9-1-26-r2.dat,9,1,26,2
20190718/user9/user9-4-25-r5.dat,9,4,25,5
20190718/user9/user9-4-12-r3.dat,9,4,12,3
20190718/user9/user9-3-46-r4.dat,9,3,46,4
20190718/user9/user9-3-16-r6.dat,9,3,16,6
20190718/user9/user9-2-12-r4.dat,9,2,12,4
20190718/user9/user9-3-44-r2.dat,9,3,44,2
20190718/user9/user9-2-23-r3.dat,9,2,23,3
20190718/user9/user9-4-21-r2.dat,9,4,21,2
20190718/user9/user9-1-33-r1.dat,9,1,33,1
20190718/user9/user9-2-18-r2.dat,9,2,18,2
20190718/user9/user9-3-37-r3.dat,9,3,37,3
20190718/user9/user9-1-44-r2.dat,9,1,44,2
20190718/user9/user9-2-23-r6.dat,9,2,23,6
20190718/user9/user9-3-34-r2.dat,9,3,34,2
20190718/user9/user9-3-19-r2.dat,9,3,19,2
20190718/user9/user9-3-26-r3.dat,9,3,26,3
20190718/user9/user9-4-49-r5.dat,9,4,49,5
20190718/user9/user9-1-33-r4.dat,9,1,33,4
20190718/user9/user9-3-45-r1.dat,9,3,45,1
20190718/user9/user9-1-8-r2.dat,9,1,8,2
20190718/user9/user9-4-15-r6.dat,9,4,15,6
20190718/user9/user9-3-14-r3.dat,9,3,14,3
20190718/user9/user9-2-15-r4.dat,9,2,15,4
20190718/user9/user9-3-50-r6.dat,9,3,50,6
20190718/user9/user9-1-7-r3.dat,9,1,7,3
20190718/user9/user9-1-38-r2.dat,9,1,38,2
20190718/user9/user9-1-32-r5.dat,9,1,32,5
20190718/user9/user9-1-46-r5.dat,9,1,46,5
20190718/user9/user9-4-49-r2.dat,9,4,49,2
20190718/user9/user9-3-38-r4.dat,9,3,38,4
20190718/user9/user9-4-3-r2.dat,9,4,3,2
20190718/user9/user9-4-2-r5.dat,9,4,2,5
20190718/user9/user9-2-11-r4.dat,9,2,11,4
20190718/user9/user9-2-34-r1.dat,9,2,34,1
20190718/user9/user9-4-28-r5.dat,9,4,28,5
20190718/user9/user9-2-29-r6.dat,9,2,29,6
20190718/user9/user9-3-2-r2.dat,9,3,2,2
20190718/user9/user9-4-6-r4.dat,9,4,6,4
20190718/user9/user9-2-8-r4.dat,9,2,8,4
20190718/user9/user9-3-39-r4.dat,9,3,39,4
20190718/user9/user9-3-18-r2.dat,9,3,18,2
20190718/user9/user9-4-34-r3.dat,9,4,34,3
20190718/user9/user9-4-44-r5.dat,9,4,44,5
20190718/user9/user9-3-2-r3.dat,9,3,2,3
20190718/user9/user9-1-20-r3.dat,9,1,20,3
20190718/user9/user9-3-31-r5.dat,9,3,31,5
20190718/user9/user9-3-38-r2.dat,9,3,38,2
20190718/user9/user9-1-39-r1.dat,9,1,39,1
20190718/user9/user9-3-9-r5.dat,9,3,9,5
20190718/user9/user9-3-43-r3.dat,9,3,43,3
20190718/user9/user9-4-24-r6.dat,9,4,24,6
20190718/user9/user9-1-4-r1.dat,9,1,4,1
20190718/user9/user9-1-27-r2.dat,9,1,27,2
20190718/user9/user9-3-20-r4.dat,9,3,20,4
20190718/user9/user9-2-25-r4.dat,9,2,25,4
20190718/user9/user9-4-41-r2.dat,9,4,41,2
20190718/user9/user9-2-23-r4.dat,9,2,23,4
20190718/user9/user9-1-42-r1.dat,9,1,42,1
20190718/user9/user9-1-8-r5.dat,9,1,8,5
20190718/user9/user9-2-45-r3.dat,9,2,45,3
20190718/user9/user9-4-29-r4.dat,9,4,29,4
20190718/user9/user9-1-38-r5.dat,9,1,38,5
20190718/user9/user9-3-50-r3.dat,9,3,50,3
20190718/user9/user9-2-31-r2.dat,9,2,31,2
20190718/user9/user9-2-19-r1.dat,9,2,19,1
20190718/user9/user9-2-27-r3.dat,9,2,27,3
20190718/user9/user9-3-11-r5.dat,9,3,11,5
20190718/user9/user9-4-40-r3.dat,9,4,40,3
20190718/user9/user9-2-14-r4.dat,9,2,14,4
20190718/user9/user9-4-18-r6.dat,9,4,18,6
20190718/user9/user9-1-6-r2.dat,9,1,6,2
20190718/user9/user9-3-5-r2.dat,9,3,5,2
20190718/user9/user9-3-46-r1.dat,9,3,46,1
20190718/user9/user9-1-16-r3.dat,9,1,16,3
20190718/user9/user9-3-25-r4.dat,9,3,25,4
20190718/user9/user9-1-18-r4.dat,9,1,18,4
20190718/user9/user9-4-5-r3.dat,9,4,5,3
20190718/user9/user9-4-11-r3.dat,9,4,11,3
20190718/user9/user9-1-24-r4.dat,9,1,24,4
20190718/user9/user9-2-18-r5.dat,9,2,18,5
20190718/user9/user9-4-12-r4.dat,9,4,12,4
20190718/user9/user9-4-2-r1.dat,9,4,2,1
20190718/user9/user9-4-14-r4.dat,9,4,14,4
20190718/user9/user9-1-30-r2.dat,9,1,30,2
20190718/user9/user9-1-10-r3.dat,9,1,10,3
20190718/user9/user9-4-6-r1.dat,9,4,6,1
20190718/user9/user9-3-20-r6.dat,9,3,20,6
20190718/user9/user9-1-37-r6.dat,9,1,37,6
20190718/user9/user9-4-41-r4.dat,9,4,41,4
20190718/user9/user9-4-49-r1.dat,9,4,49,1
20190718/user9/user9-2-13-r4.dat,9,2,13,4
20190718/user9/user9-2-15-r2.dat,9,2,15,2
20190718/user9/user9-1-40-r3.dat,9,1,40,3
20190718/user9/user9-1-25-r3.dat,9,1,25,3
20190718/user9/user9-4-1-r4.dat,9,4,1,4
20190718/user9/user9-2-33-r3.dat,9,2,33,3
20190718/user9/user9-4-28-r2.dat,9,4,28,2
20190718/user9/user9-1-45-r4.dat,9,1,45,4
20190718/user9/user9-1-48-r6.dat,9,1,48,6
20190718/user9/user9-2-3-r4.dat,9,2,3,4
20190718/user9/user9-3-29-r4.dat,9,3,29,4
20190718/user9/user9-1-24-r1.dat,9,1,24,1
20190718/user9/user9-4-23-r5.dat,9,4,23,5
20190718/user9/user9-2-9-r6.dat,9,2,9,6
20190718/user9/user9-4-7-r3.dat,9,4,7,3
20190718/user9/user9-2-30-r1.dat,9,2,30,1
20190718/user9/user9-1-43-r5.dat,9,1,43,5
20190718/user9/user9-4-5-r1.dat,9,4,5,1
20190718/user9/user9-4-4-r4.dat,9,4,4,4
20190718/user9/user9-4-20-r4.dat,9,4,20,4
20190718/user9/user9-4-3-r4.dat,9,4,3,4
20190718/user9/user9-3-8-r5.dat,9,3,8,5
20190718/user9/user9-1-42-r6.dat,9,1,42,6
20190718/user9/user9-2-6-r1.dat,9,2,6,1
20190718/user9/user9-3-28-r3.dat,9,3,28,3
20190718/user9/user9-2-20-r2.dat,9,2,20,2
20190718/user9/user9-4-6-r3.dat,9,4,6,3
20190718/user9/user9-2-16-r4.dat,9,2,16,4
20190718/user9/user9-2-16-r2.dat,9,2,16,2
20190718/user9/user9-3-42-r6.dat,9,3,42,6
20190718/user9/user9-2-40-r2.dat,9,2,40,2
20190718/user9/user9-3-36-r3.dat,9,3,36,3
20190718/user9/user9-3-39-r6.dat,9,3,39,6
20190718/user9/user9-2-8-r3.dat,9,2,8,3
20190718/user9/user9-2-26-r6.dat,9,2,26,6
20190718/user9/user9-4-33-r5.dat,9,4,33,5
20190718/user9/user9-4-36-r4.dat,9,4,36,4
20190718/user9/user9-4-39-r3.dat,9,4,39,3
20190718/user9/user9-2-30-r3.dat,9,2,30,3
20190718/user9/user9-3-31-r1.dat,9,3,31,1
20190718/user9/user9-3-28-r4.dat,9,3,28,4
20190718/user9/user9-2-47-r1.dat,9,2,47,1
20190718/user9/user9-3-35-r5.dat,9,3,35,5
20190718/user9/user9-3-19-r6.dat,9,3,19,6
20190718/user9/user9-3-17-r1.dat,9,3,17,1
20190718/user9/user9-2-31-r5.dat,9,2,31,5
20190718/user9/user9-1-25-r5.dat,9,1,25,5
20190718/user9/user9-2-43-r3.dat,9,2,43,3
20190718/user9/user9-4-46-r5.dat,9,4,46,5
20190718/user9/user9-1-14-r5.dat,9,1,14,5
20190718/user9/user9-3-24-r6.dat,9,3,24,6
20190718/user9/user9-4-9-r5.dat,9,4,9,5
20190718/user9/user9-3-48-r6.dat,9,3,48,6
20190718/user9/user9-1-31-r1.dat,9,1,31,1
20190718/user9/user9-1-20-r2.dat,9,1,20,2
20190718/user9/user9-4-20-r3.dat,9,4,20,3
20190718/user9/user9-3-24-r5.dat,9,3,24,5
20190718/user9/user9-2-11-r1.dat,9,2,11,1
20190718/user9/user9-1-2-r5.dat,9,1,2,5
20190718/user9/user9-2-46-r6.dat,9,2,46,6
20190718/user9/user9-1-11-r3.dat,9,1,11,3
20190718/user9/user9-1-15-r5.dat,9,1,15,5
20190718/user9/user9-2-17-r2.dat,9,2,17,2
20190718/user9/user9-2-29-r1.dat,9,2,29,1
20190718/user9/user9-4-24-r4.dat,9,4,24,4
20190718/user9/user9-2-46-r2.dat,9,2,46,2
20190718/user9/user9-3-43-r1.dat,9,3,43,1
20190718/user9/user9-2-4-r5.dat,9,2,4,5
20190718/user9/user9-3-37-r2.dat,9,3,37,2
20190718/user9/user9-2-23-r1.dat,9,2,23,1
20190718/user9/user9-4-5-r4.dat,9,4,5,4
20190718/user9/user9-1-34-r5.dat,9,1,34,5
20190718/user9/user9-2-2-r1.dat,9,2,2,1
20190718/user9/user9-3-24-r3.dat,9,3,24,3
20190718/user9/user9-1-10-r5.dat,9,1,10,5
20190718/user9/user9-2-28-r6.dat,9,2,28,6
20190718/user9/user9-1-20-r1.dat,9,1,20,1
20190718/user9/user9-1-26-r4.dat,9,1,26,4
20190718/user9/user9-3-49-r1.dat,9,3,49,1
20190718/user9/user9-2-31-r6.dat,9,2,31,6
20190718/user9/user9-3-28-r1.dat,9,3,28,1
20190718/user9/user9-2-25-r6.dat,9,2,25,6
20190718/user9/user9-4-40-r1.dat,9,4,40,1
20190718/user9/user9-1-12-r2.dat,9,1,12,2
20190718/user9/user9-3-20-r3.dat,9,3,20,3
20190718/user9/user9-4-1-r5.dat,9,4,1,5
20190718/user9/user9-2-28-r1.dat,9,2,28,1
20190718/user9/user9-4-15-r5.dat,9,4,15,5
20190718/user9/user9-1-19-r2.dat,9,1,19,2
20190718/user9/user9-4-4-r3.dat,9,4,4,3
20190718/user9/user9-2-3-r1.dat,9,2,3,1
20190718/user9/user9-3-42-r1.dat,9,3,42,1
20190718/user9/user9-2-13-r3.dat,9,2,13,3
20190718/user9/user9-2-36-r5.dat,9,2,36,5
20190718/user9/user9-2-11-r3.dat,9,2,11,3
20190718/user9/user9-3-3-r2.dat,9,3,3,2
20190718/user9/user9-1-14-r2.dat,9,1,14,2
20190718/user9/user9-2-39-r3.dat,9,2,39,3
20190718/user9/user9-3-45-r6.dat,9,3,45,6
20190718/user9/user9-4-39-r1.dat,9,4,39,1
20190718/user9/user9-1-16-r5.dat,9,1,16,5
20190718/user9/user9-3-26-r1.dat,9,3,26,1
20190718/user9/user9-4-38-r1.dat,9,4,38,1
20190718/user9/user9-4-32-r4.dat,9,4,32,4
20190718/user9/user9-2-32-r4.dat,9,2,32,4
20190718/user9/user9-2-37-r4.dat,9,2,37,4
20190718/user9/user9-2-33-r5.dat,9,2,33,5
20190718/user9/user9-4-50-r5.dat,9,4,50,5
20190718/user9/user9-3-6-r1.dat,9,3,6,1
20190718/user9/user9-1-28-r4.dat,9,1,28,4
20190718/user9/user9-1-36-r4.dat,9,1,36,4
20190718/user9/user9-4-33-r4.dat,9,4,33,4
20190718/user9/user9-1-18-r2.dat,9,1,18,2
20190718/user9/user9-3-19-r3.dat,9,3,19,3
20190718/user9/user9-4-35-r3.dat,9,4,35,3
20190718/user9/user9-4-18-r3.dat,9,4,18,3
20190718/user9/user9-4-33-r6.dat,9,4,33,6
20190718/user9/user9-1-10-r2.dat,9,1,10,2
20190718/user9/user9-3-8-r2.dat,9,3,8,2
20190718/user9/user9-3-12-r6.dat,9,3,12,6
20190718/user9/user9-4-13-r6.dat,9,4,13,6
20190718/user9/user9-3-11-r1.dat,9,3,11,1
20190718/user9/user9-3-30-r6.dat,9,3,30,6
20190718/user9/user9-1-37-r2.dat,9,1,37,2
20190718/user9/user9-3-9-r3.dat,9,3,9,3
20190718/user9/user9-2-1-r6.dat,9,2,1,6
20190718/user9/user9-3-1-r3.dat,9,3,1,3
20190718/user9/user9-1-2-r2.dat,9,1,2,2
20190718/user9/user9-1-4-r6.dat,9,1,4,6
20190718/user9/user9-2-2-r5.dat,9,2,2,5
20190718/user9/user9-4-17-r1.dat,9,4,17,1
20190718/user9/user9-1-14-r3.dat,9,1,14,3
20190718/user9/user9-1-7-r6.dat,9,1,7,6
20190718/user9/user9-4-21-r3.dat,9,4,21,3
20190718/user9/user9-4-30-r5.dat,9,4,30,5
20190718/user9/user9-1-1-r3.dat,9,1,1,3
20190718/user9/user9-4-29-r3.dat,9,4,29,3
20190718/user9/user9-3-42-r3.dat,9,3,42,3
20190718/user9/user9-1-45-r5.dat,9,1,45,5
20190718/user9/user9-2-4-r1.dat,9,2,4,1
20190718/user9/user9-3-3-r4.dat,9,3,3,4
20190718/user9/user9-4-17-r3.dat,9,4,17,3
20190718/user9/user9-3-1-r6.dat,9,3,1,6
20190718/user9/user9-3-39-r3.dat,9,3,39,3
20190718/user9/user9-1-26-r5.dat,9,1,26,5
20190718/user9/user9-4-29-r6.dat,9,4,29,6
20190718/user9/user9-1-9-r1.dat,9,1,9,1
20190718/user9/user9-4-15-r3.dat,9,4,15,3
20190718/user9/user9-1-9-r5.dat,9,1,9,5
20190718/user9/user9-4-32-r1.dat,9,4,32,1
20190718/user9/user9-1-28-r6.dat,9,1,28,6
20190718/user9/user9-3-1-r4.dat,9,3,1,4
20190718/user9/user9-4-20-r2.dat,9,4,20,2
20190718/user9/user9-2-48-r3.dat,9,2,48,3
20190718/user9/user9-4-35-r1.dat,9,4,35,1
20190718/user9/user9-4-1-r2.dat,9,4,1,2
20190718/user9/user9-4-2-r6.dat,9,4,2,6
20190718/user9/user9-4-18-r2.dat,9,4,18,2
20190718/user9/user9-1-8-r6.dat,9,1,8,6
20190718/user9/user9-4-9-r1.dat,9,4,9,1
20190718/user9/user9-3-17-r2.dat,9,3,17,2
20190718/user9/user9-4-26-r5.dat,9,4,26,5
20190718/user9/user9-1-33-r3.dat,9,1,33,3
20190718/user9/user9-2-4-r4.dat,9,2,4,4
20190718/user9/user9-3-20-r1.dat,9,3,20,1
20190718/user9/user9-2-17-r4.dat,9,2,17,4
20190718/user9/user9-4-35-r4.dat,9,4,35,4
20190718/user9/user9-1-35-r4.dat,9,1,35,4
20190718/user9/user9-2-5-r6.dat,9,2,5,6
20190718/user9/user9-1-21-r4.dat,9,1,21,4
20190718/user9/user9-4-25-r1.dat,9,4,25,1
20190718/user9/user9-4-34-r1.dat,9,4,34,1
20190718/user9/user9-3-26-r6.dat,9,3,26,6
20190718/user9/user9-4-48-r2.dat,9,4,48,2
20190718/user9/user9-2-44-r2.dat,9,2,44,2
20190718/user9/user9-1-12-r3.dat,9,1,12,3
20190718/user9/user9-4-34-r5.dat,9,4,34,5
20190718/user9/user9-3-33-r6.dat,9,3,33,6
20190718/user9/user9-1-44-r3.dat,9,1,44,3
20190718/user9/user9-4-4-r5.dat,9,4,4,5
20190718/user9/user9-1-28-r5.dat,9,1,28,5
20190718/user9/user9-4-47-r5.dat,9,4,47,5
20190718/user9/user9-3-6-r3.dat,9,3,6,3
20190718/user9/user9-1-19-r5.dat,9,1,19,5
20190718/user9/user9-1-5-r4.dat,9,1,5,4
20190718/user9/user9-4-2-r2.dat,9,4,2,2
20190718/user9/user9-1-31-r5.dat,9,1,31,5
20190718/user9/user9-1-47-r3.dat,9,1,47,3
20190718/user9/user9-2-38-r5.dat,9,2,38,5
20190718/user9/user9-1-43-r4.dat,9,1,43,4
20190718/user9/user9-4-44-r2.dat,9,4,44,2
20190718/user9/user9-2-6-r5.dat,9,2,6,5
20190718/user9/user9-1-38-r3.dat,9,1,38,3
20190718/user9/user9-4-19-r2.dat,9,4,19,2
20190718/user9/user9-4-9-r6.dat,9,4,9,6
20190718/user9/user9-4-48-r6.dat,9,4,48,6
20190718/user9/user9-3-16-r2.dat,9,3,16,2
20190718/user9/user9-3-6-r2.dat,9,3,6,2
20190718/user9/user9-4-41-r5.dat,9,4,41,5
20190718/user9/user9-3-16-r5.dat,9,3,16,5
20190718/user9/user9-2-43-r2.dat,9,2,43,2
20190718/user9/user9-4-12-r5.dat,9,4,12,5
20190718/user9/user9-2-41-r1.dat,9,2,41,1
20190718/user9/user9-2-48-r6.dat,9,2,48,6
20190718/user9/user9-3-29-r6.dat,9,3,29,6
20190718/user9/user9-3-15-r4.dat,9,3,15,4
20190718/user9/user9-4-47-r6.dat,9,4,47,6
20190718/user9/user9-2-44-r4.dat,9,2,44,4
20190718/user9/user9-2-15-r5.dat,9,2,15,5
20190718/user9/user9-2-6-r6.dat,9,2,6,6
20190718/user9/user9-3-42-r2.dat,9,3,42,2
20190718/user9/user9-2-14-r6.dat,9,2,14,6
20190718/user9/user9-4-27-r6.dat,9,4,27,6
20190718/user9/user9-3-16-r1.dat,9,3,16,1
20190718/user9/user9-1-41-r6.dat,9,1,41,6
20190718/user9/user9-1-16-r2.dat,9,1,16,2
20190718/user9/user9-3-1-r5.dat,9,3,1,5
20190718/user9/user9-1-16-r1.dat,9,1,16,1
20190718/user9/user9-4-40-r6.dat,9,4,40,6
20190718/user9/user9-3-6-r6.dat,9,3,6,6
20190718/user9/user9-3-36-r6.dat,9,3,36,6
20190718/user9/user9-3-31-r2.dat,9,3,31,2
20190718/user9/user9-1-5-r2.dat,9,1,5,2
20190718/user9/user9-3-21-r3.dat,9,3,21,3
20190718/user9/user9-1-25-r2.dat,9,1,25,2
20190718/user9/user9-1-42-r5.dat,9,1,42,5
20190718/user9/user9-4-5-r6.dat,9,4,5,6
20190718/user9/user9-2-41-r6.dat,9,2,41,6
20190718/user9/user9-3-15-r2.dat,9,3,15,2
20190718/user9/user9-3-7-r3.dat,9,3,7,3
20190718/user9/user9-3-10-r2.dat,9,3,10,2
20190718/user9/user9-2-1-r2.dat,9,2,1,2
20190718/user9/user9-1-39-r3.dat,9,1,39,3
20190718/user9/user9-4-37-r1.dat,9,4,37,1
20190718/user9/user9-4-43-r4.dat,9,4,43,4
20190718/user9/user9-1-32-r3.dat,9,1,32,3
20190718/user9/user9-1-43-r3.dat,9,1,43,3
20190718/user9/user9-1-8-r4.dat,9,1,8,4
20190718/user9/user9-4-50-r3.dat,9,4,50,3
20190718/user9/user9-2-38-r4.dat,9,2,38,4
20190718/user9/user9-4-12-r1.dat,9,4,12,1
20190718/user9/user9-3-24-r2.dat,9,3,24,2
20190718/user9/user9-1-40-r1.dat,9,1,40,1
20190718/user9/user9-1-8-r3.dat,9,1,8,3
20190718/user9/user9-2-47-r3.dat,9,2,47,3
20190718/user9/user9-3-47-r5.dat,9,3,47,5
20190718/user9/user9-1-5-r3.dat,9,1,5,3
20190718/user9/user9-4-49-r3.dat,9,4,49,3
20190718/user9/user9-1-39-r4.dat,9,1,39,4
20190718/user9/user9-2-4-r3.dat,9,2,4,3
20190718/user9/user9-2-41-r2.dat,9,2,41,2
20190718/user9/user9-3-49-r2.dat,9,3,49,2
20190718/user9/user9-2-14-r5.dat,9,2,14,5
20190718/user9/user9-4-42-r1.dat,9,4,42,1
20190718/user9/user9-2-21-r3.dat,9,2,21,3
20190718/user9/user9-4-13-r2.dat,9,4,13,2
20190718/user9/user9-4-50-r4.dat,9,4,50,4
20190718/user9/user9-2-12-r6.dat,9,2,12,6
20190718/user9/user9-2-48-r2.dat,9,2,48,2
20190718/user9/user9-1-6-r6.dat,9,1,6,6
20190718/user9/user9-4-28-r6.dat,9,4,28,6
20190718/user9/user9-1-32-r2.dat,9,1,32,2
20190718/user9/user9-3-29-r3.dat,9,3,29,3
20190718/user9/user9-4-10-r5.dat,9,4,10,5
20190718/user9/user9-4-29-r5.dat,9,4,29,5
20190718/user9/user9-1-21-r1.dat,9,1,21,1
20190718/user9/user9-1-36-r6.dat,9,1,36,6
20190718/user9/user9-2-39-r4.dat,9,2,39,4
20190718/user9/user9-4-16-r2.dat,9,4,16,2
20190718/user9/user9-2-42-r3.dat,9,2,42,3
20190718/user9/user9-4-26-r2.dat,9,4,26,2
20190718/user9/user9-2-20-r3.dat,9,2,20,3
20190718/user9/user9-4-4-r6.dat,9,4,4,6
20190718/user9/user9-2-22-r6.dat,9,2,22,6
20190718/user9/user9-4-47-r3.dat,9,4,47,3
20190718/user9/user9-4-37-r2.dat,9,4,37,2
20190718/user9/user9-2-10-r1.dat,9,2,10,1
20190718/user9/user9-4-30-r1.dat,9,4,30,1
20190718/user9/user9-3-25-r1.dat,9,3,25,1
20190718/user9/user9-3-15-r5.dat,9,3,15,5
20190718/user9/user9-3-11-r4.dat,9,3,11,4
20190718/user9/user9-3-32-r1.dat,9,3,32,1
20190718/user9/user9-3-9-r4.dat,9,3,9,4
20190718/user9/user9-2-8-r6.dat,9,2,8,6
20190718/user9/user9-4-37-r5.dat,9,4,37,5
20190718/user9/user9-1-12-r5.dat,9,1,12,5
20190718/user9/user9-4-42-r2.dat,9,4,42,2
20190718/user9/user9-1-6-r1.dat,9,1,6,1
20190718/user9/user9-2-7-r1.dat,9,2,7,1
20190718/user9/user9-1-41-r4.dat,9,1,41,4
20190718/user9/user9-3-17-r5.dat,9,3,17,5
20190718/user9/user9-4-15-r4.dat,9,4,15,4
20190718/user9/user9-3-12-r1.dat,9,3,12,1
20190718/user9/user9-2-37-r6.dat,9,2,37,6
20190718/user9/user9-3-46-r3.dat,9,3,46,3
20190718/user9/user9-1-23-r3.dat,9,1,23,3
20190718/user9/user9-3-21-r1.dat,9,3,21,1
20190718/user9/user9-4-48-r4.dat,9,4,48,4
20190718/user9/user9-4-50-r1.dat,9,4,50,1
20190718/user9/user9-2-28-r5.dat,9,2,28,5
20190718/user9/user9-1-25-r6.dat,9,1,25,6
20190718/user9/user9-1-22-r1.dat,9,1,22,1
20190718/user9/user9-1-48-r3.dat,9,1,48,3
20190718/user9/user9-2-40-r1.dat,9,2,40,1
20190718/user9/user9-2-5-r2.dat,9,2,5,2
20190718/user9/user9-3-46-r5.dat,9,3,46,5
20190718/user9/user9-1-42-r3.dat,9,1,42,3
20190718/user9/user9-1-36-r2.dat,9,1,36,2
20190718/user9/user9-3-13-r4.dat,9,3,13,4
20190718/user9/user9-4-3-r5.dat,9,4,3,5
20190718/user9/user9-2-7-r6.dat,9,2,7,6
20190718/user9/user9-2-6-r2.dat,9,2,6,2
20190718/user9/user9-1-15-r3.dat,9,1,15,3
20190718/user9/user9-4-28-r3.dat,9,4,28,3
20190718/user9/user9-1-11-r6.dat,9,1,11,6
20190718/user9/user9-1-29-r6.dat,9,1,29,6
20190718/user9/user9-2-34-r2.dat,9,2,34,2
20190718/user9/user9-2-12-r3.dat,9,2,12,3
20190718/user9/user9-4-49-r4.dat,9,4,49,4
20190718/user9/user9-4-48-r5.dat,9,4,48,5
20190718/user9/user9-2-47-r5.dat,9,2,47,5
20190718/user9/user9-4-14-r1.dat,9,4,14,1
20190718/user9/user9-1-43-r6.dat,9,1,43,6
20190718/user9/user9-1-41-r1.dat,9,1,41,1
20190718/user9/user9-4-43-r1.dat,9,4,43,1
20190718/user9/user9-4-31-r3.dat,9,4,31,3
20190718/user9/user9-3-13-r2.dat,9,3,13,2
20190718/user9/user9-2-18-r6.dat,9,2,18,6
20190718/user9/user9-2-37-r1.dat,9,2,37,1
20190718/user9/user9-3-36-r5.dat,9,3,36,5
20190718/user9/user9-4-27-r4.dat,9,4,27,4
20190718/user9/user9-4-13-r3.dat,9,4,13,3
20190718/user9/user9-2-26-r2.dat,9,2,26,2
20190718/user9/user9-2-16-r6.dat,9,2,16,6
20190718/user9/user9-2-21-r1.dat,9,2,21,1
20190718/user9/user9-4-16-r5.dat,9,4,16,5
20190718/user9/user9-2-9-r3.dat,9,2,9,3
20190718/user9/user9-4-27-r5.dat,9,4,27,5
20190718/user9/user9-3-10-r4.dat,9,3,10,4
20190718/user9/user9-3-7-r2.dat,9,3,7,2
20190718/user9/user9-2-46-r3.dat,9,2,46,3
20190718/user9/user9-3-27-r1.dat,9,3,27,1
20190718/user9/user9-3-22-r4.dat,9,3,22,4
20190718/user9/user9-2-43-r4.dat,9,2,43,4
20190718/user9/user9-2-36-r6.dat,9,2,36,6
20190718/user9/user9-2-13-r5.dat,9,2,13,5
20190718/user9/user9-4-7-r5.dat,9,4,7,5
20190718/user9/user9-3-41-r6.dat,9,3,41,6
20190718/user9/user9-4-29-r2.dat,9,4,29,2
20190718/user9/user9-1-36-r1.dat,9,1,36,1
20190718/user9/user9-1-17-r6.dat,9,1,17,6
20190718/user9/user9-2-47-r4.dat,9,2,47,4
20190718/user9/user9-1-34-r1.dat,9,1,34,1
20190718/user9/user9-1-48-r5.dat,9,1,48,5
20190718/user9/user9-2-11-r2.dat,9,2,11,2
20190718/user9/user9-1-24-r2.dat,9,1,24,2
20190718/user9/user9-2-22-r5.dat,9,2,22,5
20190718/user9/user9-3-41-r2.dat,9,3,41,2
20190718/user9/user9-4-41-r6.dat,9,4,41,6
20190718/user9/user9-3-14-r6.dat,9,3,14,6
20190718/user9/user9-2-11-r6.dat,9,2,11,6
20190718/user9/user9-3-50-r2.dat,9,3,50,2
20190718/user9/user9-4-32-r3.dat,9,4,32,3
20190718/user9/user9-3-26-r4.dat,9,3,26,4
20190718/user9/user9-4-24-r1.dat,9,4,24,1
20190718/user9/user9-2-46-r1.dat,9,2,46,1
20190718/user9/user9-4-24-r5.dat,9,4,24,5
20190718/user9/user9-4-41-r1.dat,9,4,41,1
20190718/user9/user9-2-38-r6.dat,9,2,38,6
20190718/user9/user9-4-10-r1.dat,9,4,10,1
20190718/user9/user9-4-11-r4.dat,9,4,11,4
20190718/user9/user9-4-17-r6.dat,9,4,17,6
20190718/user9/user9-2-26-r5.dat,9,2,26,5
20190718/user9/user9-2-32-r3.dat,9,2,32,3
20190718/user9/user9-3-4-r3.dat,9,3,4,3
20190718/user9/user9-3-33-r3.dat,9,3,33,3
20190718/user9/user9-1-19-r1.dat,9,1,19,1
20190718/user9/user9-2-32-r6.dat,9,2,32,6
20190718/user9/user9-2-27-r2.dat,9,2,27,2
20190718/user9/user9-3-41-r4.dat,9,3,41,4
20190718/user9/user9-4-41-r3.dat,9,4,41,3
20190718/user9/user9-2-18-r1.dat,9,2,18,1
20190718/user9/user9-4-28-r1.dat,9,4,28,1
20190718/user9/user9-3-9-r1.dat,9,3,9,1
20190718/user9/user9-2-23-r2.dat,9,2,23,2
20190718/user9/user9-1-20-r4.dat,9,1,20,4
20190718/user9/user9-4-49-r6.dat,9,4,49,6
20190718/user9/user9-1-11-r4.dat,9,1,11,4
20190718/user9/user9-2-24-r4.dat,9,2,24,4
20190718/user9/user9-4-20-r5.dat,9,4,20,5
20190718/user9/user9-2-8-r5.dat,9,2,8,5
20190718/user9/user9-4-26-r1.dat,9,4,26,1
20190718/user9/user9-3-40-r3.dat,9,3,40,3
20190718/user9/user9-2-7-r2.dat,9,2,7,2
20190718/user9/user9-3-12-r4.dat,9,3,12,4
20190718/user9/user9-2-10-r5.dat,9,2,10,5
20190718/user9/user9-3-37-r4.dat,9,3,37,4
20190718/user9/user9-4-39-r5.dat,9,4,39,5
20190718/user9/user9-2-12-r2.dat,9,2,12,2
20190718/user9/user9-1-42-r2.dat,9,1,42,2
20190718/user9/user9-4-32-r2.dat,9,4,32,2
20190718/user9/user9-1-5-r6.dat,9,1,5,6
20190718/user9/user9-2-26-r4.dat,9,2,26,4
20190718/user9/user9-3-36-r1.dat,9,3,36,1
20190718/user9/user9-4-36-r3.dat,9,4,36,3
20190718/user9/user9-4-38-r6.dat,9,4,38,6
20190718/user9/user9-3-14-r5.dat,9,3,14,5
20190718/user9/user9-1-13-r6.dat,9,1,13,6
20190718/user9/user9-1-44-r1.dat,9,1,44,1
20190718/user9/user9-4-23-r3.dat,9,4,23,3
20190718/user9/user9-1-14-r1.dat,9,1,14,1
20190718/user9/user9-3-23-r4.dat,9,3,23,4
20190718/user9/user9-2-33-r4.dat,9,2,33,4
20190718/user9/user9-1-16-r4.dat,9,1,16,4
20190718/user9/user9-4-36-r2.dat,9,4,36,2
20190718/user9/user9-4-12-r6.dat,9,4,12,6
20190718/user9/user9-4-45-r4.dat,9,4,45,4
20190718/user9/user9-4-42-r6.dat,9,4,42,6
20190718/user9/user9-1-19-r4.dat,9,1,19,4
20190718/user9/user9-4-1-r6.dat,9,4,1,6
20190718/user9/user9-1-13-r4.dat,9,1,13,4
20190718/user9/user9-4-19-r4.dat,9,4,19,4
20190718/user9/user9-3-25-r2.dat,9,3,25,2
20190718/user9/user9-2-41-r3.dat,9,2,41,3
20190718/user9/user9-1-34-r6.dat,9,1,34,6
20190718/user9/user9-1-11-r1.dat,9,1,11,1
20190718/user9/user9-3-50-r5.dat,9,3,50,5
20190718/user9/user9-2-28-r2.dat,9,2,28,2
20190718/user9/user9-3-21-r2.dat,9,3,21,2
20190718/user9/user9-2-34-r5.dat,9,2,34,5
20190718/user9/user9-2-3-r5.dat,9,2,3,5
20190718/user9/user9-4-18-r4.dat,9,4,18,4
20190718/user9/user9-2-49-r2.dat,9,2,49,2
20190718/user9/user9-2-41-r5.dat,9,2,41,5
20190718/user9/user9-2-36-r4.dat,9,2,36,4
20190718/user9/user9-4-38-r2.dat,9,4,38,2
20190718/user9/user9-1-24-r3.dat,9,1,24,3
20190718/user9/user9-2-4-r2.dat,9,2,4,2
20190718/user9/user9-1-35-r6.dat,9,1,35,6
20190718/user9/user9-3-11-r3.dat,9,3,11,3
20190718/user9/user9-3-50-r4.dat,9,3,50,4
20190718/user9/user9-3-30-r5.dat,9,3,30,5
20190718/user9/user9-2-25-r2.dat,9,2,25,2
20190718/user9/user9-1-23-r2.dat,9,1,23,2
20190718/user9/user9-3-4-r6.dat,9,3,4,6
20190718/user9/user9-4-6-r5.dat,9,4,6,5
20190718/user9/user9-2-38-r3.dat,9,2,38,3
20190718/user9/user9-4-32-r6.dat,9,4,32,6
20190718/user9/user9-2-10-r3.dat,9,2,10,3
20190718/user9/user9-4-34-r4.dat,9,4,34,4
20190718/user9/user9-1-46-r3.dat,9,1,46,3
20190718/user9/user9-2-17-r1.dat,9,2,17,1
20190718/user9/user9-2-50-r1.dat,9,2,50,1
20190718/user9/user9-3-12-r5.dat,9,3,12,5
20190718/user9/user9-1-50-r6.dat,9,1,50,6
20190718/user9/user9-1-45-r6.dat,9,1,45,6
20190718/user9/user9-3-12-r3.dat,9,3,12,3
20190718/user9/user9-1-44-r4.dat,9,1,44,4
20190718/user9/user9-2-37-r3.dat,9,2,37,3
20190718/user9/user9-2-19-r4.dat,9,2,19,4
20190718/user9/user9-1-17-r3.dat,9,1,17,3
20190718/user9/user9-3-48-r4.dat,9,3,48,4
20190718/user9/user9-2-49-r1.dat,9,2,49,1
20190718/user9/user9-1-15-r4.dat,9,1,15,4
20190718/user9/user9-4-46-r2.dat,9,4,46,2
20190718/user9/user9-1-20-r6.dat,9,1,20,6
20190718/user9/user9-2-3-r2.dat,9,2,3,2
20190718/user9/user9-2-16-r3.dat,9,2,16,3
20190718/user9/user9-4-7-r4.dat,9,4,7,4
20190718/user9/user9-3-35-r3.dat,9,3,35,3
20190718/user9/user9-3-5-r4.dat,9,3,5,4
20190718/user9/user9-4-9-r2.dat,9,4,9,2
20190718/user9/user9-2-42-r6.dat,9,2,42,6
20190718/user9/user9-1-32-r4.dat,9,1,32,4
20190718/user9/user9-4-8-r1.dat,9,4,8,1
20190718/user9/user9-2-5-r1.dat,9,2,5,1
20190718/user9/user9-3-29-r2.dat,9,3,29,2
20190718/user9/user9-3-21-r5.dat,9,3,21,5
20190718/user9/user9-1-47-r4.dat,9,1,47,4
20190718/user9/user9-4-15-r2.dat,9,4,15,2
20190718/user9/user9-2-7-r3.dat,9,2,7,3
20190718/user9/user9-3-10-r3.dat,9,3,10,3
20190718/user9/user9-4-10-r2.dat,9,4,10,2
20190718/user9/user9-2-25-r3.dat,9,2,25,3
20190718/user9/user9-3-14-r2.dat,9,3,14,2
20190718/user9/user9-3-17-r6.dat,9,3,17,6
20190718/user9/user9-4-39-r6.dat,9,4,39,6
20190718/user9/user9-2-30-r6.dat,9,2,30,6
20190718/user9/user9-2-29-r4.dat,9,2,29,4
20190718/user9/user9-2-31-r3.dat,9,2,31,3
20190718/user9/user9-1-48-r1.dat,9,1,48,1
20190718/user9/user9-4-39-r2.dat,9,4,39,2
20190718/user9/user9-4-46-r4.dat,9,4,46,4
20190718/user9/user9-1-27-r4.dat,9,1,27,4
20190718/user9/user9-4-45-r1.dat,9,4,45,1
20190718/user9/user9-3-15-r1.dat,9,3,15,1
20190718/user9/user9-1-1-r4.dat,9,1,1,4
20190718/user9/user9-1-39-r5.dat,9,1,39,5
20190718/user9/user9-4-30-r6.dat,9,4,30,6
20190718/user9/user9-4-36-r6.dat,9,4,36,6
20190718/user9/user9-3-23-r6.dat,9,3,23,6
20190718/user9/user9-2-2-r4.dat,9,2,2,4
20190718/user9/user9-2-40-r4.dat,9,2,40,4
20190718/user9/user9-3-2-r5.dat,9,3,2,5
20190718/user9/user9-1-46-r1.dat,9,1,46,1
20190718/user9/user9-4-24-r3.dat,9,4,24,3
20190718/user9/user9-1-21-r2.dat,9,1,21,2
20190718/user9/user9-4-25-r4.dat,9,4,25,4
20190718/user9/user9-2-39-r2.dat,9,2,39,2
20190718/user9/user9-4-32-r5.dat,9,4,32,5
20190718/user9/user9-1-1-r6.dat,9,1,1,6
20190718/user9/user9-1-29-r2.dat,9,1,29,2
20190718/user9/user9-2-24-r2.dat,9,2,24,2
20190718/user9/user9-1-50-r1.dat,9,1,50,1
20190718/user9/user9-4-16-r3.dat,9,4,16,3
20190718/user9/user9-4-15-r1.dat,9,4,15,1
20190718/user9/user9-4-35-r2.dat,9,4,35,2
20190718/user9/user9-3-48-r2.dat,9,3,48,2
20190718/user9/user9-1-4-r2.dat,9,1,4,2
20190718/user9/user9-2-32-r2.dat,9,2,32,2
20190718/user9/user9-3-13-r6.dat,9,3,13,6
20190718/user9/user9-2-50-r2.dat,9,2,50,2
20190718/user9/user9-2-39-r5.dat,9,2,39,5
20190718/user9/user9-1-9-r4.dat,9,1,9,4
20190718/user9/user9-2-18-r4.dat,9,2,18,4
20190718/user9/user9-1-37-r1.dat,9,1,37,1
20190718/user9/user9-3-33-r5.dat,9,3,33,5
20190718/user9/user9-2-39-r6.dat,9,2,39,6
20190718/user9/user9-3-34-r3.dat,9,3,34,3
20190718/user9/user9-2-16-r1.dat,9,2,16,1
20190718/user9/user9-3-32-r5.dat,9,3,32,5
20190718/user9/user9-2-33-r2.dat,9,2,33,2
20190718/user9/user9-4-22-r1.dat,9,4,22,1
20190718/user9/user9-4-8-r5.dat,9,4,8,5
20190718/user9/user9-1-7-r5.dat,9,1,7,5
20190718/user9/user9-4-17-r2.dat,9,4,17,2
20190718/user9/user9-3-28-r5.dat,9,3,28,5
20190718/user9/user9-2-44-r1.dat,9,2,44,1
20190718/user9/user9-3-11-r2.dat,9,3,11,2
20190718/user9/user9-1-22-r2.dat,9,1,22,2
20190718/user9/user9-3-32-r6.dat,9,3,32,6
20190718/user9/user9-4-40-r4.dat,9,4,40,4
20190718/user9/user9-2-26-r3.dat,9,2,26,3
20190718/user9/user9-4-3-r1.dat,9,4,3,1
20190718/user9/user9-3-41-r1.dat,9,3,41,1
20190718/user9/user9-4-13-r5.dat,9,4,13,5
20190718/user9/user9-4-21-r1.dat,9,4,21,1
20190718/user9/user9-1-49-r2.dat,9,1,49,2
20190718/user9/user9-2-10-r4.dat,9,2,10,4
20190718/user9/user9-4-13-r4.dat,9,4,13,4
20190718/user9/user9-2-22-r2.dat,9,2,22,2
20190718/user9/user9-4-27-r3.dat,9,4,27,3
20190718/user9/user9-3-27-r2.dat,9,3,27,2
20190718/user9/user9-3-49-r5.dat,9,3,49,5
20190718/user9/user9-3-41-r5.dat,9,3,41,5
20190718/user9/user9-1-17-r1.dat,9,1,17,1
20190718/user9/user9-1-2-r4.dat,9,1,2,4
20190718/user9/user9-2-4-r6.dat,9,2,4,6
20190718/user9/user9-4-26-r6.dat,9,4,26,6
20190718/user9/user9-3-48-r5.dat,9,3,48,5
20190718/user9/user9-2-25-r5.dat,9,2,25,5
20190718/user9/user9-1-4-r5.dat,9,1,4,5
20190718/user9/user9-2-1-r5.dat,9,2,1,5
20190718/user9/user9-3-32-r3.dat,9,3,32,3
20190718/user9/user9-2-7-r4.dat,9,2,7,4
20190718/user9/user9-4-40-r5.dat,9,4,40,5
20190718/user9/user9-1-9-r6.dat,9,1,9,6
20190718/user9/user9-4-27-r2.dat,9,4,27,2
20190718/user9/user9-2-3-r3.dat,9,2,3,3
20190718/user9/user9-2-10-r6.dat,9,2,10,6
20190718/user9/user9-4-16-r6.dat,9,4,16,6
20190718/user9/user9-4-23-r2.dat,9,4,23,2
20190718/user9/user9-4-5-r5.dat,9,4,5,5
20190718/user9/user9-1-12-r1.dat,9,1,12,1
20190718/user9/user9-1-3-r5.dat,9,1,3,5
20190718/user9/user9-1-22-r3.dat,9,1,22,3
20190718/user9/user9-3-31-r3.dat,9,3,31,3
20190718/user9/user9-4-1-r1.dat,9,4,1,1
20190718/user9/user9-2-19-r5.dat,9,2,19,5
20190718/user9/user9-4-8-r2.dat,9,4,8,2
20190718/user9/user9-1-13-r1.dat,9,1,13,1
20190718/user9/user9-4-11-r1.dat,9,4,11,1
20190718/user9/user9-2-20-r1.dat,9,2,20,1
20190718/user9/user9-1-49-r3.dat,9,1,49,3
20190718/user9/user9-3-44-r6.dat,9,3,44,6
20190718/user9/user9-3-43-r6.dat,9,3,43,6
20190718/user9/user9-2-20-r4.dat,9,2,20,4
20190718/user9/user9-3-40-r2.dat,9,3,40,2
20190718/user9/user9-4-50-r2.dat,9,4,50,2
20190718/user9/user9-3-36-r4.dat,9,3,36,4
20190718/user9/user9-2-45-r4.dat,9,2,45,4
20190718/user9/user9-3-33-r1.dat,9,3,33,1
20190718/user9/user9-3-38-r5.dat,9,3,38,5
20190718/user9/user9-2-21-r6.dat,9,2,21,6
20190718/user9/user9-3-43-r4.dat,9,3,43,4
20190718/user9/user9-2-47-r6.dat,9,2,47,6
20190718/user9/user9-4-31-r6.dat,9,4,31,6
20190718/user9/user9-2-45-r1.dat,9,2,45,1
20190718/user9/user9-4-31-r1.dat,9,4,31,1
20190718/user9/user9-3-27-r6.dat,9,3,27,6
20190718/user9/user9-3-32-r2.dat,9,3,32,2
20190718/user9/user9-3-21-r4.dat,9,3,21,4
20190718/user9/user9-2-3-r6.dat,9,2,3,6
20190718/user9/user9-2-14-r1.dat,9,2,14,1
20190718/user9/user9-4-31-r2.dat,9,4,31,2
20190718/user9/user9-3-46-r2.dat,9,3,46,2
20190718/user9/user9-3-5-r3.dat,9,3,5,3
20190718/user9/user9-4-23-r1.dat,9,4,23,1
20190718/user9/user9-4-40-r2.dat,9,4,40,2
20190718/user9/user9-2-24-r6.dat,9,2,24,6
20190718/user9/user9-3-12-r2.dat,9,3,12,2
20190718/user9/user9-3-30-r4.dat,9,3,30,4
20190718/user9/user9-2-49-r5.dat,9,2,49,5
20190718/user9/user9-2-12-r5.dat,9,2,12,5
20190718/user9/user9-3-3-r5.dat,9,3,3,5
20190718/user9/user9-3-1-r2.dat,9,3,1,2
20190718/user9/user9-3-23-r2.dat,9,3,23,2
20190718/user9/user9-1-12-r4.dat,9,1,12,4
20190718/user9/user9-3-16-r4.dat,9,3,16,4
20190718/user9/user9-1-40-r6.dat,9,1,40,6
20190718/user9/user9-2-37-r2.dat,9,2,37,2
20190718/user9/user9-1-3-r3.dat,9,1,3,3
20190718/user9/user9-4-50-r6.dat,9,4,50,6
20190718/user9/user9-2-24-r3.dat,9,2,24,3
20190718/user9/user9-4-30-r3.dat,9,4,30,3
20190718/user9/user9-3-47-r1.dat,9,3,47,1
20190718/user9/user9-2-40-r5.dat,9,2,40,5
20190718/user9/user9-2-36-r3.dat,9,2,36,3
20190718/user9/user9-1-2-r1.dat,9,1,2,1
20190718/user9/user9-3-22-r1.dat,9,3,22,1
20190718/user9/user9-3-19-r4.dat,9,3,19,4
20190718/user9/user9-4-16-r1.dat,9,4,16,1
20190718/user9/user9-2-44-r5.dat,9,2,44,5
20190718/user9/user9-1-26-r1.dat,9,1,26,1
20190718/user9/user9-1-35-r5.dat,9,1,35,5
20190718/user9/user9-4-25-r3.dat,9,4,25,3
20190718/user9/user9-3-7-r5.dat,9,3,7,5
20190718/user9/user9-4-37-r4.dat,9,4,37,4
20190718/user9/user9-4-26-r3.dat,9,4,26,3
20190718/user9/user9-3-34-r5.dat,9,3,34,5
20190718/user9/user9-1-27-r5.dat,9,1,27,5
20190718/user9/user9-3-35-r1.dat,9,3,35,1
20190718/user9/user9-4-38-r4.dat,9,4,38,4
20190718/user9/user9-3-29-r5.dat,9,3,29,5
20190718/user9/user9-2-41-r4.dat,9,2,41,4
20190718/user9/user9-1-35-r3.dat,9,1,35,3
20190718/user9/user9-3-18-r4.dat,9,3,18,4
20190718/user9/user9-4-4-r1.dat,9,4,4,1
20190718/user9/user9-2-38-r1.dat,9,2,38,1
20190718/user9/user9-1-38-r1.dat,9,1,38,1
20190718/user9/user9-2-35-r5.dat,9,2,35,5
20190718/user9/user9-2-44-r3.dat,9,2,44,3
20190718/user9/user9-1-46-r6.dat,9,1,46,6
20190718/user9/user9-4-33-r1.dat,9,4,33,1
20190718/user9/user9-3-23-r5.dat,9,3,23,5
20190718/user9/user9-2-29-r3.dat,9,2,29,3
20190718/user9/user9-3-35-r2.dat,9,3,35,2
20190718/user9/user9-3-13-r1.dat,9,3,13,1
20190718/user9/user9-2-32-r1.dat,9,2,32,1
20190718/user9/user9-1-17-r2.dat,9,1,17,2
20190718/user9/user9-4-46-r6.dat,9,4,46,6
20190718/user9/user9-3-15-r3.dat,9,3,15,3
20190718/user9/user9-3-13-r5.dat,9,3,13,5
20190718/user9/user9-2-5-r3.dat,9,2,5,3
20190718/user9/user9-4-4-r2.dat,9,4,4,2
20190718/user9/user9-1-14-r4.dat,9,1,14,4
20190718/user9/user9-1-32-r1.dat,9,1,32,1
20190718/user9/user9-2-14-r2.dat,9,2,14,2
20190718/user9/user9-1-31-r2.dat,9,1,31,2
20190718/user9/user9-1-30-r1.dat,9,1,30,1
20190718/user9/user9-3-28-r2.dat,9,3,28,2
20190718/user9/user9-2-34-r6.dat,9,2,34,6
20190718/user9/user9-1-39-r2.dat,9,1,39,2
20190718/user9/user9-2-46-r4.dat,9,2,46,4
20190718/user9/user9-3-22-r5.dat,9,3,22,5
20190718/user9/user9-4-19-r1.dat,9,4,19,1
20190718/user9/user9-4-31-r5.dat,9,4,31,5
20190718/user9/user9-1-34-r3.dat,9,1,34,3
20190718/user9/user9-2-45-r6.dat,9,2,45,6
20190718/user9/user9-1-30-r4.dat,9,1,30,4
20190718/user9/user9-1-5-r1.dat,9,1,5,1
20190718/user9/user9-1-41-r3.dat,9,1,41,3
20190718/user9/user9-3-5-r6.dat,9,3,5,6
20190718/user9/user9-1-44-r6.dat,9,1,44,6
20190718/user9/user9-3-23-r1.dat,9,3,23,1
20190718/user9/user9-3-38-r6.dat,9,3,38,6
20190718/user9/user9-4-37-r3.dat,9,4,37,3
20190718/user9/user9-4-46-r1.dat,9,4,46,1
20190718/user9/user9-2-43-r5.dat,9,2,43,5
20190718/user9/user9-4-1-r3.dat,9,4,1,3
20190718/user9/user9-3-25-r5.dat,9,3,25,5
20190718/user9/user9-1-9-r3.dat,9,1,9,3
20190718/user9/user9-4-34-r2.dat,9,4,34,2
20190718/user9/user9-1-4-r3.dat,9,1,4,3
20190718/user9/user9-1-44-r5.dat,9,1,44,5
20190718/user9/user9-4-25-r6.dat,9,4,25,6
20190718/user9/user9-2-48-r5.dat,9,2,48,5
20190718/user9/user9-2-50-r4.dat,9,2,50,4
20190718/user9/user9-1-31-r3.dat,9,1,31,3
20190718/user9/user9-3-49-r3.dat,9,3,49,3
20190718/user9/user9-4-22-r4.dat,9,4,22,4
20190718/user9/user9-4-14-r3.dat,9,4,14,3
20190718/user9/user9-1-11-r2.dat,9,1,11,2
20190718/user9/user9-3-10-r1.dat,9,3,10,1
20190718/user9/user9-2-35-r4.dat,9,2,35,4
20190718/user9/user9-3-31-r6.dat,9,3,31,6
20190718/user9/user9-2-36-r2.dat,9,2,36,2
20190718/user9/user9-2-26-r1.dat,9,2,26,1
20190718/user9/user9-3-32-r4.dat,9,3,32,4
20190718/user9/user9-2-27-r4.dat,9,2,27,4
20190718/user9/user9-2-46-r5.dat,9,2,46,5
20190718/user9/user9-2-25-r1.dat,9,2,25,1
20190718/user9/user9-3-25-r3.dat,9,3,25,3
20190718/user9/user9-4-44-r4.dat,9,4,44,4
20190718/user9/user9-1-24-r5.dat,9,1,24,5
20190718/user9/user9-1-33-r2.dat,9,1,33,2
20190718/user9/user9-1-49-r1.dat,9,1,49,1
20190718/user9/user9-2-7-r5.dat,9,2,7,5
20190718/user9/user9-4-28-r4.dat,9,4,28,4
20190718/user9/user9-1-9-r2.dat,9,1,9,2
20190718/user9/user9-2-37-r5.dat,9,2,37,5
20190718/user9/user9-3-34-r4.dat,9,3,34,4
20190718/user9/user9-3-48-r1.dat,9,3,48,1
20190718/user9/user9-2-23-r5.dat,9,2,23,5
20190718/user9/user9-3-3-r3.dat,9,3,3,3
20190718/user9/user9-4-11-r5.dat,9,4,11,5
20190718/user9/user9-2-42-r4.dat,9,2,42,4
20190718/user9/user9-3-38-r3.dat,9,3,38,3
20190718/user9/user9-1-26-r6.dat,9,1,26,6
20190718/user9/user9-1-10-r6.dat,9,1,10,6
20190718/user9/user9-4-48-r3.dat,9,4,48,3
20190718/user9/user9-4-21-r5.dat,9,4,21,5
20190718/user9/user9-1-47-r6.dat,9,1,47,6
20190718/user9/user9-3-45-r4.dat,9,3,45,4
20190718/user9/user9-4-11-r6.dat,9,4,11,6
20190718/user9/user9-2-5-r4.dat,9,2,5,4
20190718/user9/user9-1-11-r5.dat,9,1,11,5
20190718/user9/user9-2-35-r2.dat,9,2,35,2
20190718/user9/user9-2-21-r2.dat,9,2,21,2
20190718/user9/user9-1-36-r3.dat,9,1,36,3
20190718/user9/user9-3-40-r5.dat,9,3,40,5
20190718/user9/user9-3-4-r1.dat,9,3,4,1
20190718/user9/user9-2-27-r1.dat,9,2,27,1
20190718/user9/user9-4-47-r2.dat,9,4,47,2
20190718/user9/user9-2-19-r6.dat,9,2,19,6
20190718/user9/user9-2-20-r6.dat,9,2,20,6
20190718/user9/user9-1-34-r2.dat,9,1,34,2
20190718/user9/user9-1-27-r1.dat,9,1,27,1
20190718/user9/user9-4-19-r5.dat,9,4,19,5
20190718/user9/user9-4-5-r2.dat,9,4,5,2
20190718/user9/user9-3-35-r4.dat,9,3,35,4
20190718/user9/user9-2-8-r2.dat,9,2,8,2
20190718/user9/user9-2-1-r3.dat,9,2,1,3
20190718/user9/user9-2-42-r1.dat,9,2,42,1
20190718/user9/user9-2-50-r5.dat,9,2,50,5
20190718/user9/user9-3-8-r4.dat,9,3,8,4
20190718/user9/user9-1-35-r2.dat,9,1,35,2
20190718/user9/user9-4-27-r1.dat,9,4,27,1
20190718/user9/user9-4-43-r3.dat,9,4,43,3
20190718/user9/user9-2-15-r1.dat,9,2,15,1
20190718/user9/user9-1-21-r6.dat,9,1,21,6
20190718/user9/user9-1-13-r5.dat,9,1,13,5
20190718/user9/user9-3-44-r3.dat,9,3,44,3
20190718/user9/user9-2-38-r2.dat,9,2,38,2
20190718/user9/user9-1-47-r2.dat,9,1,47,2
20190718/user9/user9-3-8-r3.dat,9,3,8,3
20190718/user9/user9-3-15-r6.dat,9,3,15,6
20190718/user9/user9-3-13-r3.dat,9,3,13,3
20190718/user9/user9-2-49-r3.dat,9,2,49,3
20190718/user9/user9-1-8-r1.dat,9,1,8,1
20190718/user9/user9-4-45-r6.dat,9,4,45,6
20190718/user9/user9-3-44-r5.dat,9,3,44,5
20190718/user9/user9-1-33-r5.dat,9,1,33,5
20190718/user9/user9-2-9-r4.dat,9,2,9,4
20190718/user9/user9-1-30-r5.dat,9,1,30,5
20190718/user9/user9-2-31-r4.dat,9,2,31,4
20190718/user9/user9-2-13-r2.dat,9,2,13,2
20190718/user9/user9-4-26-r4.dat,9,4,26,4
20190718/user9/user9-4-31-r4.dat,9,4,31,4
20190718/user9/user9-2-33-r6.dat,9,2,33,6
20190718/user9/user9-3-27-r3.dat,9,3,27,3
20190718/user9/user9-4-19-r6.dat,9,4,19,6
20190718/user9/user9-4-22-r6.dat,9,4,22,6
20190718/user9/user9-2-29-r5.dat,9,2,29,5
20190718/user9/user9-3-27-r5.dat,9,3,27,5
20190718/user9/user9-4-8-r4.dat,9,4,8,4
20190718/user9/user9-3-3-r1.dat,9,3,3,1
20190718/user9/user9-1-13-r3.dat,9,1,13,3
20190718/user9/user9-2-34-r4.dat,9,2,34,4
20190718/user9/user9-3-19-r1.dat,9,3,19,1
20190718/user9/user9-4-24-r2.dat,9,4,24,2
20190718/user9/user9-4-30-r4.dat,9,4,30,4
20190718/user9/user9-2-15-r6.dat,9,2,15,6
20190718/user9/user9-3-36-r2.dat,9,3,36,2
20190718/user9/user9-4-36-r1.dat,9,4,36,1
20190718/user9/user9-4-43-r6.dat,9,4,43,6
20190718/user9/user9-1-28-r1.dat,9,1,28,1
20190718/user9/user9-2-24-r1.dat,9,2,24,1
20190718/user9/user9-2-16-r5.dat,9,2,16,5
20190718/user9/user9-1-27-r3.dat,9,1,27,3
20190718/user9/user9-3-17-r3.dat,9,3,17,3
20190718/user9/user9-1-3-r2.dat,9,1,3,2
20190718/user9/user9-2-19-r2.dat,9,2,19,2
20190718/user9/user9-3-25-r6.dat,9,3,25,6
20190718/user9/user9-4-22-r5.dat,9,4,22,5
20190718/user9/user9-3-27-r4.dat,9,3,27,4
20190718/user9/user9-2-30-r2.dat,9,2,30,2
20190718/user9/user9-4-39-r4.dat,9,4,39,4
20190718/user9/user9-2-17-r5.dat,9,2,17,5
20190718/user9/user9-1-6-r4.dat,9,1,6,4
20190718/user9/user9-2-47-r2.dat,9,2,47,2
20190718/user9/user9-4-44-r6.dat,9,4,44,6
20190718/user9/user9-1-29-r3.dat,9,1,29,3
20190718/user9/user9-1-45-r1.dat,9,1,45,1
20190718/user9/user9-1-23-r4.dat,9,1,23,4
20190718/user9/user9-3-14-r1.dat,9,3,14,1
20190718/user9/user9-4-20-r1.dat,9,4,20,1
20190718/user9/user9-1-48-r4.dat,9,1,48,4
20190718/user9/user9-3-48-r3.dat,9,3,48,3
20190718/user9/user9-4-7-r1.dat,9,4,7,1
20190718/user9/user9-1-23-r6.dat,9,1,23,6
20190718/user9/user9-3-45-r3.dat,9,3,45,3
20190718/user9/user9-3-34-r6.dat,9,3,34,6
20190718/user9/user9-4-45-r3.dat,9,4,45,3
20190718/user9/user9-3-23-r3.dat,9,3,23,3
20190718/user9/user9-4-16-r4.dat,9,4,16,4
20190718/user9/user9-1-18-r6.dat,9,1,18,6
20190718/user9/user9-4-35-r6.dat,9,4,35,6
20190718/user9/user9-3-10-r6.dat,9,3,10,6
20190718/user9/user9-1-23-r5.dat,9,1,23,5
20190718/user9/user9-3-49-r4.dat,9,3,49,4
20190718/user9/user9-4-18-r5.dat,9,4,18,5
20190718/user9/user9-1-50-r4.dat,9,1,50,4
20190718/user9/user9-3-7-r4.dat,9,3,7,4
20190718/user9/user9-3-30-r2.dat,9,3,30,2
20190718/user9/user9-2-2-r3.dat,9,2,2,3
20190718/user9/user9-1-36-r5.dat,9,1,36,5
20190718/user9/user9-1-43-r2.dat,9,1,43,2
20190718/user9/user9-4-6-r6.dat,9,4,6,6
20190718/user9/user9-3-24-r1.dat,9,3,24,1
20190718/user9/user9-1-30-r3.dat,9,1,30,3
20190718/user9/user9-3-44-r4.dat,9,3,44,4
20190718/user9/user9-3-37-r5.dat,9,3,37,5
20190718/user9/user9-4-14-r2.dat,9,4,14,2
20190718/user9/user9-4-21-r6.dat,9,4,21,6
20190718/user9/user9-1-13-r2.dat,9,1,13,2
20190718/user9/user9-2-21-r5.dat,9,2,21,5
20190718/user9/user9-3-22-r3.dat,9,3,22,3
20190718/user9/user9-1-7-r2.dat,9,1,7,2
20190718/user9/user9-3-18-r6.dat,9,3,18,6
20190718/user9/user9-1-15-r1.dat,9,1,15,1
20190718/user9/user9-3-40-r6.dat,9,3,40,6
20190718/user9/user9-3-47-r6.dat,9,3,47,6
20190718/user9/user9-2-13-r6.dat,9,2,13,6
20190718/user9/user9-2-19-r3.dat,9,2,19,3
20190718/user9/user9-4-9-r4.dat,9,4,9,4
20190718/user9/user9-2-43-r6.dat,9,2,43,6
20190718/user9/user9-4-29-r1.dat,9,4,29,1
20190718/user9/user9-4-33-r3.dat,9,4,33,3
20190718/user9/user9-1-4-r4.dat,9,1,4,4
20190718/user9/user9-1-40-r2.dat,9,1,40,2
20190718/user9/user9-3-5-r1.dat,9,3,5,1
20190718/user9/user9-1-3-r6.dat,9,1,3,6
20190718/user9/user9-1-30-r6.dat,9,1,30,6
20190718/user9/user9-2-10-r2.dat,9,2,10,2
20190718/user9/user9-3-7-r6.dat,9,3,7,6
20190718/user9/user9-1-10-r4.dat,9,1,10,4
20190718/user9/user9-1-18-r1.dat,9,1,18,1
20190718/user9/user9-2-22-r1.dat,9,2,22,1
20190718/user9/user9-3-49-r6.dat,9,3,49,6
20190718/user9/user9-1-32-r6.dat,9,1,32,6
20190718/user9/user9-4-43-r5.dat,9,4,43,5
20190718/user9/user9-2-43-r1.dat,9,2,43,1
20190718/user9/user9-4-47-r4.dat,9,4,47,4
20190718/user9/user9-1-41-r2.dat,9,1,41,2
20190718/user9/user9-1-10-r1.dat,9,1,10,1
20190718/user9/user9-3-45-r5.dat,9,3,45,5
20190718/user9/user9-4-33-r2.dat,9,4,33,2
20190718/user9/user9-1-12-r6.dat,9,1,12,6
20190718/user9/user9-2-28-r4.dat,9,2,28,4
20190718/user9/user9-4-35-r5.dat,9,4,35,5
20190718/user9/user9-3-42-r5.dat,9,3,42,5
20190718/user9/user9-4-8-r3.dat,9,4,8,3
20190718/user9/user9-2-39-r1.dat,9,2,39,1
20190718/user9/user9-4-17-r4.dat,9,4,17,4
20190718/user9/user9-3-11-r6.dat,9,3,11,6
20190718/user9/user9-3-39-r1.dat,9,3,39,1
20190718/user9/user9-1-50-r3.dat,9,1,50,3
20190718/user9/user9-3-33-r4.dat,9,3,33,4
20190718/user9/user9-3-10-r5.dat,9,3,10,5
20190718/user9/user9-3-1-r1.dat,9,3,1,1
20190718/user9/user9-1-29-r1.dat,9,1,29,1
20190718/user9/user9-4-6-r2.dat,9,4,6,2
20190718/user9/user9-2-24-r5.dat,9,2,24,5
20190718/user9/user9-1-28-r2.dat,9,1,28,2
20190718/user9/user9-4-20-r6.dat,9,4,20,6
20190718/user9/user9-3-46-r6.dat,9,3,46,6
20190718/user9/user9-3-47-r2.dat,9,3,47,2
20190718/user9/user9-2-15-r3.dat,9,2,15,3
20190718/user9/user9-1-29-r4.dat,9,1,29,4
20190718/user9/user9-4-3-r3.dat,9,4,3,3
20190718/user9/user9-2-50-r3.dat,9,2,50,3
20190718/user9/user9-1-48-r2.dat,9,1,48,2
20190718/user9/user9-1-40-r4.dat,9,1,40,4
20190718/user9/user9-4-38-r5.dat,9,4,38,5
20190718/user9/user9-4-42-r3.dat,9,4,42,3
20190718/user9/user9-3-41-r3.dat,9,3,41,3
20190718/user9/user9-1-33-r6.dat,9,1,33,6
20190718/user9/user9-4-48-r1.dat,9,4,48,1
20190718/user9/user9-3-37-r1.dat,9,3,37,1
20190718/user9/user9-1-20-r5.dat,9,1,20,5
20190718/user9/user9-3-22-r6.dat,9,3,22,6
20190718/user9/user9-4-30-r2.dat,9,4,30,2
20190718/user9/user9-2-35-r3.dat,9,2,35,3
20190718/user9/user9-4-44-r1.dat,9,4,44,1
20190718/user9/user9-2-17-r6.dat,9,2,17,6
20190718/user9/user9-1-5-r5.dat,9,1,5,5
20190718/user9/user9-1-40-r5.dat,9,1,40,5
20190718/user9/user9-1-18-r5.dat,9,1,18,5
20190718/user9/user9-1-50-r2.dat,9,1,50,2
20190718/user9/user9-2-13-r1.dat,9,2,13,1
20190718/user9/user9-3-40-r4.dat,9,3,40,4
20190718/user9/user9-2-35-r1.dat,9,2,35,1
20190718/user9/user9-4-43-r2.dat,9,4,43,2
20190718/user9/user9-1-46-r4.dat,9,1,46,4
20190718/user9/user9-2-48-r1.dat,9,2,48,1
20190718/user9/user9-4-9-r3.dat,9,4,9,3
20190718/user9/user9-4-3-r6.dat,9,4,3,6
20190718/user9/user9-3-29-r1.dat,9,3,29,1
20190718/user9/user9-1-37-r4.dat,9,1,37,4
20190718/user9/user9-2-21-r4.dat,9,2,21,4
20190718/user9/user9-4-2-r3.dat,9,4,2,3
20190718/user9/user9-4-45-r5.dat,9,4,45,5
20190718/user9/user9-3-5-r5.dat,9,3,5,5
20190718/user9/user9-4-7-r6.dat,9,4,7,6
20190718/user9/user9-1-7-r4.dat,9,1,7,4
20190718/user9/user9-1-45-r3.dat,9,1,45,3
20190718/user9/user9-3-42-r4.dat,9,3,42,4
20190718/user9/user9-2-33-r1.dat,9,2,33,1
20190718/user9/user9-2-2-r6.dat,9,2,2,6
20190718/user9/user9-2-34-r3.dat,9,2,34,3
20190718/user9/user9-2-44-r6.dat,9,2,44,6
20190718/user9/user9-4-34-r6.dat,9,4,34,6
20190718/user9/user9-3-9-r2.dat,9,3,9,2
20190718/user9/user9-3-39-r5.dat,9,3,39,5
20190718/user9/user9-1-22-r6.dat,9,1,22,6
20190718/user9/user9-2-9-r5.dat,9,2,9,5
20190718/user9/user9-2-22-r4.dat,9,2,22,4
20190718/user9/user9-2-6-r4.dat,9,2,6,4
20190718/user9/user9-3-4-r4.dat,9,3,4,4
20190718/user9/user9-2-9-r1.dat,9,2,9,1
20190718/user9/user9-4-14-r5.dat,9,4,14,5
20190718/user9/user9-2-30-r4.dat,9,2,30,4
20190718/user9/user9-1-1-r2.dat,9,1,1,2
20190718/user9/user9-2-49-r6.dat,9,2,49,6
20190718/user9/user9-2-42-r2.dat,9,2,42,2
20190718/user9/user9-1-3-r4.dat,9,1,3,4
20190718/user9/user9-2-31-r1.dat,9,2,31,1
20190718/user9/user9-4-22-r2.dat,9,4,22,2
20190718/user9/user9-2-1-r4.dat,9,2,1,4
20190718/user9/user9-4-42-r5.dat,9,4,42,5
20190718/user9/user9-3-20-r5.dat,9,3,20,5
20190718/user9/user9-2-49-r4.dat,9,2,49,4
20190718/user9/user9-4-47-r1.dat,9,4,47,1
20190718/user9/user9-2-20-r5.dat,9,2,20,5
20190718/user9/user9-1-23-r1.dat,9,1,23,1
20190718/user9/user9-1-1-r1.dat,9,1,1,1
20190718/user9/user9-3-26-r2.dat,9,3,26,2
20190718/user9/user9-1-15-r2.dat,9,1,15,2
20190718/user9/user9-1-19-r3.dat,9,1,19,3
20190718/user9/user9-1-39-r6.dat,9,1,39,6
20190718/user9/user9-3-45-r2.dat,9,3,45,2
20190718/user9/user9-4-19-r3.dat,9,4,19,3
20190718/user9/user9-3-18-r1.dat,9,3,18,1
20190718/user9/user9-1-25-r1.dat,9,1,25,1
20190718/user9/user9-1-25-r4.dat,9,1,25,4
20190718/user9/user9-3-2-r6.dat,9,3,2,6
20190718/user9/user9-3-34-r1.dat,9,3,34,1
20190718/user9/user9-2-36-r1.dat,9,2,36,1
20190718/user9/user9-4-22-r3.dat,9,4,22,3
20190718/user9/user9-2-14-r3.dat,9,2,14,3
20190718/user9/user9-4-25-r2.dat,9,4,25,2
20190718/user9/user9-3-31-r4.dat,9,3,31,4
20190718/user9/user9-3-21-r6.dat,9,3,21,6
20190718/user9/user9-1-7-r1.dat,9,1,7,1
20190718/user9/user9-1-29-r5.dat,9,1,29,5
20190718/user9/user9-4-2-r4.dat,9,4,2,4
20190718/user9/user9-3-8-r1.dat,9,3,8,1
20190718/user9/user9-3-38-r1.dat,9,3,38,1
20190718/user9/user9-4-45-r2.dat,9,4,45,2
20190718/user9/user9-3-2-r4.dat,9,3,2,4
20190718/user9/user9-1-17-r5.dat,9,1,17,5
20190718/user9/user9-1-24-r6.dat,9,1,24,6
20190718/user9/user9-2-18-r3.dat,9,2,18,3
20190718/user9/user9-1-38-r6.dat,9,1,38,6
20190718/user9/user9-2-6-r3.dat,9,2,6,3
20190718/user9/user9-4-18-r1.dat,9,4,18,1
20190718/user9/user9-1-22-r4.dat,9,1,22,4
20190718/user9/user9-4-7-r2.dat,9,4,7,2
20190718/user9/user9-1-34-r4.dat,9,1,34,4
20190718/user9/user9-4-12-r2.dat,9,4,12,2
20190718/user9/user9-2-30-r5.dat,9,2,30,5
20190718/user9/user9-2-2-r2.dat,9,2,2,2
20190718/user9/user9-1-47-r5.dat,9,1,47,5
20190718/user9/user9-2-35-r6.dat,9,2,35,6
20190718/user9/user9-3-30-r1.dat,9,3,30,1
20190718/user9/user9-2-45-r5.dat,9,2,45,5
20190718/user9/user9-4-14-r6.dat,9,4,14,6
20190718/user9/user9-3-3-r6.dat,9,3,3,6
20190718/user9/user9-3-33-r2.dat,9,3,33,2
20190718/user9/user9-1-21-r3.dat,9,1,21,3
20190718/user9/user9-3-22-r2.dat,9,3,22,2
20190718/user9/user9-3-2-r1.dat,9,3,2,1
20190718/user9/user9-3-14-r4.dat,9,3,14,4
20190718/user9/user9-2-40-r3.dat,9,2,40,3
20190718/user9/user9-1-49-r5.dat,9,1,49,5
20190718/user9/user9-4-10-r3.dat,9,4,10,3
20190718/user9/user9-3-4-r2.dat,9,3,4,2
20190718/user9/user9-3-18-r5.dat,9,3,18,5
20190718/user9/user9-2-50-r6.dat,9,2,50,6
20190718/user9/user9-2-17-r3.dat,9,2,17,3
20190718/user9/user9-2-29-r2.dat,9,2,29,2
20190718/user9/user9-1-49-r4.dat,9,1,49,4
20190718/user9/user9-3-20-r2.dat,9,3,20,2
20190718/user9/user9-2-45-r2.dat,9,2,45,2
20190718/user9/user9-3-26-r5.dat,9,3,26,5
20190718/user9/user9-1-3-r1.dat,9,1,3,1
20190718/user9/user9-3-37-r6.dat,9,3,37,6
20190718/user9/user9-4-17-r5.dat,9,4,17,5
20190718/user9/user9-1-45-r2.dat,9,1,45,2
20190718/user9/user9-1-37-r3.dat,9,1,37,3
20190718/user9/user9-2-22-r3.dat,9,2,22,3
20190718/user9/user9-1-16-r6.dat,9,1,16,6
20190718/user9/user9-1-27-r6.dat,9,1,27,6
20190718/user9/user9-1-43-r1.dat,9,1,43,1
20190718/user9/user9-1-42-r4.dat,9,1,42,4
20190718/user8/user8-3-48-r6.dat,8,3,48,6
20190718/user8/user8-2-40-r5.dat,8,2,40,5
20190718/user8/user8-3-2-r5.dat,8,3,2,5
20190718/user8/user8-2-41-r3.dat,8,2,41,3
20190718/user8/user8-1-41-r2.dat,8,1,41,2
20190718/user8/user8-4-28-r5.dat,8,4,28,5
20190718/user8/user8-4-23-r1.dat,8,4,23,1
20190718/user8/user8-3-46-r3.dat,8,3,46,3
20190718/user8/user8-2-8-r3.dat,8,2,8,3
20190718/user8/user8-3-11-r1.dat,8,3,11,1
20190718/user8/user8-3-15-r2.dat,8,3,15,2
20190718/user8/user8-1-31-r6.dat,8,1,31,6
20190718/user8/user8-4-21-r6.dat,8,4,21,6
20190718/user8/user8-4-27-r2.dat,8,4,27,2
20190718/user8/user8-1-7-r3.dat,8,1,7,3
20190718/user8/user8-1-17-r3.dat,8,1,17,3
20190718/user8/user8-4-40-r3.dat,8,4,40,3
20190718/user8/user8-3-46-r4.dat,8,3,46,4
20190718/user8/user8-4-38-r1.dat,8,4,38,1
20190718/user8/user8-4-16-r3.dat,8,4,16,3
20190718/user8/user8-3-31-r3.dat,8,3,31,3
20190718/user8/user8-3-37-r1.dat,8,3,37,1
20190718/user8/user8-4-14-r6.dat,8,4,14,6
20190718/user8/user8-2-26-r4.dat,8,2,26,4
20190718/user8/user8-4-27-r3.dat,8,4,27,3
20190718/user8/user8-2-18-r1.dat,8,2,18,1
20190718/user8/user8-4-47-r4.dat,8,4,47,4
20190718/user8/user8-4-47-r1.dat,8,4,47,1
20190718/user8/user8-4-48-r2.dat,8,4,48,2
20190718/user8/user8-1-33-r6.dat,8,1,33,6
20190718/user8/user8-2-50-r1.dat,8,2,50,1
20190718/user8/user8-2-39-r2.dat,8,2,39,2
20190718/user8/user8-3-49-r1.dat,8,3,49,1
20190718/user8/user8-4-26-r5.dat,8,4,26,5
20190718/user8/user8-3-4-r5.dat,8,3,4,5
20190718/user8/user8-3-14-r3.dat,8,3,14,3
20190718/user8/user8-2-50-r3.dat,8,2,50,3
20190718/user8/user8-4-48-r3.dat,8,4,48,3
20190718/user8/user8-4-19-r3.dat,8,4,19,3
20190718/user8/user8-4-14-r5.dat,8,4,14,5
20190718/user8/user8-2-33-r6.dat,8,2,33,6
20190718/user8/user8-4-1-r4.dat,8,4,1,4
20190718/user8/user8-3-26-r1.dat,8,3,26,1
20190718/user8/user8-1-32-r4.dat,8,1,32,4
20190718/user8/user8-4-8-r2.dat,8,4,8,2
20190718/user8/user8-1-11-r3.dat,8,1,11,3
20190718/user8/user8-2-27-r1.dat,8,2,27,1
20190718/user8/user8-1-44-r4.dat,8,1,44,4
20190718/user8/user8-1-47-r1.dat,8,1,47,1
20190718/user8/user8-1-12-r4.dat,8,1,12,4
20190718/user8/user8-3-1-r3.dat,8,3,1,3
20190718/user8/user8-4-10-r5.dat,8,4,10,5
20190718/user8/user8-2-44-r5.dat,8,2,44,5
20190718/user8/user8-2-15-r4.dat,8,2,15,4
20190718/user8/user8-4-29-r1.dat,8,4,29,1
20190718/user8/user8-4-33-r1.dat,8,4,33,1
20190718/user8/user8-3-41-r5.dat,8,3,41,5
20190718/user8/user8-4-30-r1.dat,8,4,30,1
20190718/user8/user8-3-9-r1.dat,8,3,9,1
20190718/user8/user8-2-50-r2.dat,8,2,50,2
20190718/user8/user8-3-10-r3.dat,8,3,10,3
20190718/user8/user8-1-1-r1.dat,8,1,1,1
20190718/user8/user8-4-31-r3.dat,8,4,31,3
20190718/user8/user8-4-32-r6.dat,8,4,32,6
20190718/user8/user8-4-50-r5.dat,8,4,50,5
20190718/user8/user8-1-30-r6.dat,8,1,30,6
20190718/user8/user8-4-46-r3.dat,8,4,46,3
20190718/user8/user8-3-43-r1.dat,8,3,43,1
20190718/user8/user8-4-48-r4.dat,8,4,48,4
20190718/user8/user8-1-17-r6.dat,8,1,17,6
20190718/user8/user8-1-34-r5.dat,8,1,34,5
20190718/user8/user8-1-25-r5.dat,8,1,25,5
20190718/user8/user8-4-38-r6.dat,8,4,38,6
20190718/user8/user8-2-48-r1.dat,8,2,48,1
20190718/user8/user8-3-12-r5.dat,8,3,12,5
20190718/user8/user8-2-8-r5.dat,8,2,8,5
20190718/user8/user8-2-20-r3.dat,8,2,20,3
20190718/user8/user8-2-44-r6.dat,8,2,44,6
20190718/user8/user8-1-21-r4.dat,8,1,21,4
20190718/user8/user8-4-49-r2.dat,8,4,49,2
20190718/user8/user8-3-50-r1.dat,8,3,50,1
20190718/user8/user8-3-39-r1.dat,8,3,39,1
20190718/user8/user8-2-48-r2.dat,8,2,48,2
20190718/user8/user8-2-43-r4.dat,8,2,43,4
20190718/user8/user8-2-14-r1.dat,8,2,14,1
20190718/user8/user8-1-44-r6.dat,8,1,44,6
20190718/user8/user8-3-34-r6.dat,8,3,34,6
20190718/user8/user8-1-28-r5.dat,8,1,28,5
20190718/user8/user8-3-5-r1.dat,8,3,5,1
20190718/user8/user8-2-21-r5.dat,8,2,21,5
20190718/user8/user8-4-20-r1.dat,8,4,20,1
20190718/user8/user8-2-1-r2.dat,8,2,1,2
20190718/user8/user8-1-20-r5.dat,8,1,20,5
20190718/user8/user8-4-21-r1.dat,8,4,21,1
20190718/user8/user8-4-18-r1.dat,8,4,18,1
20190718/user8/user8-4-17-r5.dat,8,4,17,5
20190718/user8/user8-3-5-r5.dat,8,3,5,5
20190718/user8/user8-3-7-r2.dat,8,3,7,2
20190718/user8/user8-3-35-r3.dat,8,3,35,3
20190718/user8/user8-2-49-r5.dat,8,2,49,5
20190718/user8/user8-3-6-r6.dat,8,3,6,6
20190718/user8/user8-4-44-r3.dat,8,4,44,3
20190718/user8/user8-3-17-r6.dat,8,3,17,6
20190718/user8/user8-3-7-r4.dat,8,3,7,4
20190718/user8/user8-1-1-r5.dat,8,1,1,5
20190718/user8/user8-1-46-r6.dat,8,1,46,6
20190718/user8/user8-3-14-r5.dat,8,3,14,5
20190718/user8/user8-3-1-r5.dat,8,3,1,5
20190718/user8/user8-4-45-r2.dat,8,4,45,2
20190718/user8/user8-3-28-r3.dat,8,3,28,3
20190718/user8/user8-3-4-r2.dat,8,3,4,2
20190718/user8/user8-2-29-r5.dat,8,2,29,5
20190718/user8/user8-2-34-r3.dat,8,2,34,3
20190718/user8/user8-2-27-r3.dat,8,2,27,3
20190718/user8/user8-4-29-r3.dat,8,4,29,3
20190718/user8/user8-3-27-r4.dat,8,3,27,4
20190718/user8/user8-1-31-r5.dat,8,1,31,5
20190718/user8/user8-3-33-r1.dat,8,3,33,1
20190718/user8/user8-1-44-r2.dat,8,1,44,2
20190718/user8/user8-1-40-r1.dat,8,1,40,1
20190718/user8/user8-1-42-r5.dat,8,1,42,5
20190718/user8/user8-3-1-r6.dat,8,3,1,6
20190718/user8/user8-4-45-r6.dat,8,4,45,6
20190718/user8/user8-4-21-r4.dat,8,4,21,4
20190718/user8/user8-1-14-r2.dat,8,1,14,2
20190718/user8/user8-3-6-r1.dat,8,3,6,1
20190718/user8/user8-4-19-r5.dat,8,4,19,5
20190718/user8/user8-3-3-r3.dat,8,3,3,3
20190718/user8/user8-2-48-r3.dat,8,2,48,3
20190718/user8/user8-1-20-r6.dat,8,1,20,6
20190718/user8/user8-2-37-r2.dat,8,2,37,2
20190718/user8/user8-2-43-r2.dat,8,2,43,2
20190718/user8/user8-3-35-r4.dat,8,3,35,4
20190718/user8/user8-1-3-r4.dat,8,1,3,4
20190718/user8/user8-1-38-r6.dat,8,1,38,6
20190718/user8/user8-1-10-r4.dat,8,1,10,4
20190718/user8/user8-2-46-r3.dat,8,2,46,3
20190718/user8/user8-3-37-r3.dat,8,3,37,3
20190718/user8/user8-3-6-r5.dat,8,3,6,5
20190718/user8/user8-2-39-r4.dat,8,2,39,4
20190718/user8/user8-1-12-r6.dat,8,1,12,6
20190718/user8/user8-2-9-r3.dat,8,2,9,3
20190718/user8/user8-4-36-r5.dat,8,4,36,5
20190718/user8/user8-3-12-r1.dat,8,3,12,1
20190718/user8/user8-2-10-r5.dat,8,2,10,5
20190718/user8/user8-2-32-r6.dat,8,2,32,6
20190718/user8/user8-3-50-r4.dat,8,3,50,4
20190718/user8/user8-4-23-r5.dat,8,4,23,5
20190718/user8/user8-3-19-r3.dat,8,3,19,3
20190718/user8/user8-4-17-r6.dat,8,4,17,6
20190718/user8/user8-1-49-r6.dat,8,1,49,6
20190718/user8/user8-2-11-r1.dat,8,2,11,1
20190718/user8/user8-2-17-r2.dat,8,2,17,2
20190718/user8/user8-1-23-r2.dat,8,1,23,2
20190718/user8/user8-1-49-r5.dat,8,1,49,5
20190718/user8/user8-4-3-r4.dat,8,4,3,4
20190718/user8/user8-4-38-r4.dat,8,4,38,4
20190718/user8/user8-1-17-r5.dat,8,1,17,5
20190718/user8/user8-2-31-r1.dat,8,2,31,1
20190718/user8/user8-3-9-r4.dat,8,3,9,4
20190718/user8/user8-4-12-r5.dat,8,4,12,5
20190718/user8/user8-3-27-r2.dat,8,3,27,2
20190718/user8/user8-4-15-r6.dat,8,4,15,6
20190718/user8/user8-4-48-r6.dat,8,4,48,6
20190718/user8/user8-2-19-r6.dat,8,2,19,6
20190718/user8/user8-2-37-r4.dat,8,2,37,4
20190718/user8/user8-1-40-r3.dat,8,1,40,3
20190718/user8/user8-1-31-r4.dat,8,1,31,4
20190718/user8/user8-2-11-r4.dat,8,2,11,4
20190718/user8/user8-4-12-r6.dat,8,4,12,6
20190718/user8/user8-3-29-r4.dat,8,3,29,4
20190718/user8/user8-1-35-r6.dat,8,1,35,6
20190718/user8/user8-3-25-r3.dat,8,3,25,3
20190718/user8/user8-4-19-r4.dat,8,4,19,4
20190718/user8/user8-2-5-r3.dat,8,2,5,3
20190718/user8/user8-4-8-r3.dat,8,4,8,3
20190718/user8/user8-4-41-r2.dat,8,4,41,2
20190718/user8/user8-2-2-r2.dat,8,2,2,2
20190718/user8/user8-3-34-r1.dat,8,3,34,1
20190718/user8/user8-4-27-r4.dat,8,4,27,4
20190718/user8/user8-2-2-r5.dat,8,2,2,5
20190718/user8/user8-1-33-r5.dat,8,1,33,5
20190718/user8/user8-1-11-r5.dat,8,1,11,5
20190718/user8/user8-4-20-r4.dat,8,4,20,4
20190718/user8/user8-1-38-r4.dat,8,1,38,4
20190718/user8/user8-3-43-r2.dat,8,3,43,2
20190718/user8/user8-4-41-r3.dat,8,4,41,3
20190718/user8/user8-3-32-r5.dat,8,3,32,5
20190718/user8/user8-4-37-r5.dat,8,4,37,5
20190718/user8/user8-3-38-r5.dat,8,3,38,5
20190718/user8/user8-4-8-r5.dat,8,4,8,5
20190718/user8/user8-1-2-r6.dat,8,1,2,6
20190718/user8/user8-2-30-r5.dat,8,2,30,5
20190718/user8/user8-2-3-r6.dat,8,2,3,6
20190718/user8/user8-1-38-r5.dat,8,1,38,5
20190718/user8/user8-3-29-r2.dat,8,3,29,2
20190718/user8/user8-3-45-r6.dat,8,3,45,6
20190718/user8/user8-1-9-r4.dat,8,1,9,4
20190718/user8/user8-4-17-r1.dat,8,4,17,1
20190718/user8/user8-3-18-r1.dat,8,3,18,1
20190718/user8/user8-4-32-r1.dat,8,4,32,1
20190718/user8/user8-4-15-r1.dat,8,4,15,1
20190718/user8/user8-1-8-r1.dat,8,1,8,1
20190718/user8/user8-3-49-r2.dat,8,3,49,2
20190718/user8/user8-4-34-r1.dat,8,4,34,1
20190718/user8/user8-2-29-r2.dat,8,2,29,2
20190718/user8/user8-3-18-r5.dat,8,3,18,5
20190718/user8/user8-1-39-r6.dat,8,1,39,6
20190718/user8/user8-3-10-r6.dat,8,3,10,6
20190718/user8/user8-2-33-r5.dat,8,2,33,5
20190718/user8/user8-1-34-r4.dat,8,1,34,4
20190718/user8/user8-1-23-r1.dat,8,1,23,1
20190718/user8/user8-4-28-r3.dat,8,4,28,3
20190718/user8/user8-1-23-r6.dat,8,1,23,6
20190718/user8/user8-1-6-r6.dat,8,1,6,6
20190718/user8/user8-2-43-r1.dat,8,2,43,1
20190718/user8/user8-3-19-r6.dat,8,3,19,6
20190718/user8/user8-1-34-r3.dat,8,1,34,3
20190718/user8/user8-4-31-r5.dat,8,4,31,5
20190718/user8/user8-4-4-r2.dat,8,4,4,2
20190718/user8/user8-1-24-r3.dat,8,1,24,3
20190718/user8/user8-2-45-r6.dat,8,2,45,6
20190718/user8/user8-3-18-r4.dat,8,3,18,4
20190718/user8/user8-2-48-r6.dat,8,2,48,6
20190718/user8/user8-3-37-r6.dat,8,3,37,6
20190718/user8/user8-1-16-r4.dat,8,1,16,4
20190718/user8/user8-4-40-r5.dat,8,4,40,5
20190718/user8/user8-2-11-r6.dat,8,2,11,6
20190718/user8/user8-2-37-r3.dat,8,2,37,3
20190718/user8/user8-4-18-r5.dat,8,4,18,5
20190718/user8/user8-2-16-r1.dat,8,2,16,1
20190718/user8/user8-1-50-r6.dat,8,1,50,6
20190718/user8/user8-2-36-r1.dat,8,2,36,1
20190718/user8/user8-2-21-r1.dat,8,2,21,1
20190718/user8/user8-2-44-r1.dat,8,2,44,1
20190718/user8/user8-1-5-r6.dat,8,1,5,6
20190718/user8/user8-1-43-r3.dat,8,1,43,3
20190718/user8/user8-4-31-r2.dat,8,4,31,2
20190718/user8/user8-2-3-r1.dat,8,2,3,1
20190718/user8/user8-2-25-r6.dat,8,2,25,6
20190718/user8/user8-3-49-r3.dat,8,3,49,3
20190718/user8/user8-1-48-r6.dat,8,1,48,6
20190718/user8/user8-2-7-r5.dat,8,2,7,5
20190718/user8/user8-4-9-r3.dat,8,4,9,3
20190718/user8/user8-2-15-r5.dat,8,2,15,5
20190718/user8/user8-4-11-r4.dat,8,4,11,4
20190718/user8/user8-1-32-r6.dat,8,1,32,6
20190718/user8/user8-3-8-r6.dat,8,3,8,6
20190718/user8/user8-1-1-r4.dat,8,1,1,4
20190718/user8/user8-1-40-r6.dat,8,1,40,6
20190718/user8/user8-1-41-r3.dat,8,1,41,3
20190718/user8/user8-4-21-r5.dat,8,4,21,5
20190718/user8/user8-1-23-r4.dat,8,1,23,4
20190718/user8/user8-1-31-r1.dat,8,1,31,1
20190718/user8/user8-2-1-r6.dat,8,2,1,6
20190718/user8/user8-1-26-r3.dat,8,1,26,3
20190718/user8/user8-3-36-r4.dat,8,3,36,4
20190718/user8/user8-1-3-r2.dat,8,1,3,2
20190718/user8/user8-3-49-r4.dat,8,3,49,4
20190718/user8/user8-3-21-r1.dat,8,3,21,1
20190718/user8/user8-4-16-r2.dat,8,4,16,2
20190718/user8/user8-2-37-r6.dat,8,2,37,6
20190718/user8/user8-3-16-r6.dat,8,3,16,6
20190718/user8/user8-3-37-r5.dat,8,3,37,5
20190718/user8/user8-4-17-r2.dat,8,4,17,2
20190718/user8/user8-1-15-r5.dat,8,1,15,5
20190718/user8/user8-1-8-r3.dat,8,1,8,3
20190718/user8/user8-1-46-r3.dat,8,1,46,3
20190718/user8/user8-3-7-r3.dat,8,3,7,3
20190718/user8/user8-3-3-r4.dat,8,3,3,4
20190718/user8/user8-2-45-r1.dat,8,2,45,1
20190718/user8/user8-2-19-r5.dat,8,2,19,5
20190718/user8/user8-2-21-r6.dat,8,2,21,6
20190718/user8/user8-3-17-r4.dat,8,3,17,4
20190718/user8/user8-2-38-r4.dat,8,2,38,4
20190718/user8/user8-1-46-r1.dat,8,1,46,1
20190718/user8/user8-4-47-r5.dat,8,4,47,5
20190718/user8/user8-1-13-r2.dat,8,1,13,2
20190718/user8/user8-2-18-r6.dat,8,2,18,6
20190718/user8/user8-4-2-r2.dat,8,4,2,2
20190718/user8/user8-2-42-r4.dat,8,2,42,4
20190718/user8/user8-4-6-r5.dat,8,4,6,5
20190718/user8/user8-2-24-r3.dat,8,2,24,3
20190718/user8/user8-4-15-r5.dat,8,4,15,5
20190718/user8/user8-2-42-r3.dat,8,2,42,3
20190718/user8/user8-3-15-r4.dat,8,3,15,4
20190718/user8/user8-2-42-r6.dat,8,2,42,6
20190718/user8/user8-4-9-r5.dat,8,4,9,5
20190718/user8/user8-2-4-r3.dat,8,2,4,3
20190718/user8/user8-3-34-r4.dat,8,3,34,4
20190718/user8/user8-2-49-r3.dat,8,2,49,3
20190718/user8/user8-3-13-r5.dat,8,3,13,5
20190718/user8/user8-1-12-r5.dat,8,1,12,5
20190718/user8/user8-3-28-r2.dat,8,3,28,2
20190718/user8/user8-2-40-r4.dat,8,2,40,4
20190718/user8/user8-1-22-r3.dat,8,1,22,3
20190718/user8/user8-2-11-r5.dat,8,2,11,5
20190718/user8/user8-3-33-r6.dat,8,3,33,6
20190718/user8/user8-1-15-r6.dat,8,1,15,6
20190718/user8/user8-3-10-r1.dat,8,3,10,1
20190718/user8/user8-1-8-r2.dat,8,1,8,2
20190718/user8/user8-2-3-r4.dat,8,2,3,4
20190718/user8/user8-1-22-r1.dat,8,1,22,1
20190718/user8/user8-3-38-r2.dat,8,3,38,2
20190718/user8/user8-4-8-r1.dat,8,4,8,1
20190718/user8/user8-1-28-r4.dat,8,1,28,4
20190718/user8/user8-3-32-r6.dat,8,3,32,6
20190718/user8/user8-2-46-r4.dat,8,2,46,4
20190718/user8/user8-4-16-r6.dat,8,4,16,6
20190718/user8/user8-1-21-r5.dat,8,1,21,5
20190718/user8/user8-2-31-r5.dat,8,2,31,5
20190718/user8/user8-4-50-r2.dat,8,4,50,2
20190718/user8/user8-1-49-r4.dat,8,1,49,4
20190718/user8/user8-1-28-r3.dat,8,1,28,3
20190718/user8/user8-4-21-r3.dat,8,4,21,3
20190718/user8/user8-3-6-r2.dat,8,3,6,2
20190718/user8/user8-2-23-r3.dat,8,2,23,3
20190718/user8/user8-3-13-r1.dat,8,3,13,1
20190718/user8/user8-4-1-r1.dat,8,4,1,1
20190718/user8/user8-3-47-r1.dat,8,3,47,1
20190718/user8/user8-1-13-r5.dat,8,1,13,5
20190718/user8/user8-1-14-r5.dat,8,1,14,5
20190718/user8/user8-2-32-r2.dat,8,2,32,2
20190718/user8/user8-2-14-r2.dat,8,2,14,2
20190718/user8/user8-4-2-r3.dat,8,4,2,3
20190718/user8/user8-2-17-r1.dat,8,2,17,1
20190718/user8/user8-4-48-r5.dat,8,4,48,5
20190718/user8/user8-2-10-r6.dat,8,2,10,6
20190718/user8/user8-3-35-r1.dat,8,3,35,1
20190718/user8/user8-1-42-r1.dat,8,1,42,1
20190718/user8/user8-3-36-r5.dat,8,3,36,5
20190718/user8/user8-4-24-r5.dat,8,4,24,5
20190718/user8/user8-2-4-r5.dat,8,2,4,5
20190718/user8/user8-3-20-r2.dat,8,3,20,2
20190718/user8/user8-3-21-r5.dat,8,3,21,5
20190718/user8/user8-2-5-r4.dat,8,2,5,4
20190718/user8/user8-3-4-r6.dat,8,3,4,6
20190718/user8/user8-4-2-r6.dat,8,4,2,6
20190718/user8/user8-2-49-r4.dat,8,2,49,4
20190718/user8/user8-3-21-r4.dat,8,3,21,4
20190718/user8/user8-1-12-r3.dat,8,1,12,3
20190718/user8/user8-1-45-r6.dat,8,1,45,6
20190718/user8/user8-2-22-r3.dat,8,2,22,3
20190718/user8/user8-2-1-r1.dat,8,2,1,1
20190718/user8/user8-4-21-r2.dat,8,4,21,2
20190718/user8/user8-4-3-r1.dat,8,4,3,1
20190718/user8/user8-2-2-r4.dat,8,2,2,4
20190718/user8/user8-1-29-r2.dat,8,1,29,2
20190718/user8/user8-2-17-r4.dat,8,2,17,4
20190718/user8/user8-2-14-r5.dat,8,2,14,5
20190718/user8/user8-3-31-r2.dat,8,3,31,2
20190718/user8/user8-3-40-r2.dat,8,3,40,2
20190718/user8/user8-4-11-r3.dat,8,4,11,3
20190718/user8/user8-2-36-r2.dat,8,2,36,2
20190718/user8/user8-2-40-r3.dat,8,2,40,3
20190718/user8/user8-1-48-r1.dat,8,1,48,1
20190718/user8/user8-2-46-r5.dat,8,2,46,5
20190718/user8/user8-2-33-r2.dat,8,2,33,2
20190718/user8/user8-2-43-r3.dat,8,2,43,3
20190718/user8/user8-3-5-r3.dat,8,3,5,3
20190718/user8/user8-3-15-r3.dat,8,3,15,3
20190718/user8/user8-4-22-r2.dat,8,4,22,2
20190718/user8/user8-1-39-r5.dat,8,1,39,5
20190718/user8/user8-4-5-r3.dat,8,4,5,3
20190718/user8/user8-1-25-r3.dat,8,1,25,3
20190718/user8/user8-2-9-r5.dat,8,2,9,5
20190718/user8/user8-1-12-r2.dat,8,1,12,2
20190718/user8/user8-3-14-r1.dat,8,3,14,1
20190718/user8/user8-4-2-r4.dat,8,4,2,4
20190718/user8/user8-1-47-r3.dat,8,1,47,3
20190718/user8/user8-2-33-r4.dat,8,2,33,4
20190718/user8/user8-4-8-r6.dat,8,4,8,6
20190718/user8/user8-4-6-r3.dat,8,4,6,3
20190718/user8/user8-1-45-r2.dat,8,1,45,2
20190718/user8/user8-3-29-r3.dat,8,3,29,3
20190718/user8/user8-3-5-r4.dat,8,3,5,4
20190718/user8/user8-4-46-r2.dat,8,4,46,2
20190718/user8/user8-2-45-r4.dat,8,2,45,4
20190718/user8/user8-3-26-r6.dat,8,3,26,6
20190718/user8/user8-1-5-r1.dat,8,1,5,1
20190718/user8/user8-1-23-r5.dat,8,1,23,5
20190718/user8/user8-4-6-r2.dat,8,4,6,2
20190718/user8/user8-1-18-r6.dat,8,1,18,6
20190718/user8/user8-2-27-r2.dat,8,2,27,2
20190718/user8/user8-2-25-r4.dat,8,2,25,4
20190718/user8/user8-1-43-r6.dat,8,1,43,6
20190718/user8/user8-3-13-r3.dat,8,3,13,3
20190718/user8/user8-3-33-r4.dat,8,3,33,4
20190718/user8/user8-3-21-r6.dat,8,3,21,6
20190718/user8/user8-4-15-r3.dat,8,4,15,3
20190718/user8/user8-1-38-r1.dat,8,1,38,1
20190718/user8/user8-4-22-r3.dat,8,4,22,3
20190718/user8/user8-2-10-r3.dat,8,2,10,3
20190718/user8/user8-4-50-r4.dat,8,4,50,4
20190718/user8/user8-2-12-r6.dat,8,2,12,6
20190718/user8/user8-1-42-r3.dat,8,1,42,3
20190718/user8/user8-3-14-r2.dat,8,3,14,2
20190718/user8/user8-4-1-r2.dat,8,4,1,2
20190718/user8/user8-2-7-r2.dat,8,2,7,2
20190718/user8/user8-1-30-r2.dat,8,1,30,2
20190718/user8/user8-2-46-r2.dat,8,2,46,2
20190718/user8/user8-3-13-r4.dat,8,3,13,4
20190718/user8/user8-4-16-r1.dat,8,4,16,1
20190718/user8/user8-4-29-r5.dat,8,4,29,5
20190718/user8/user8-1-27-r1.dat,8,1,27,1
20190718/user8/user8-3-49-r6.dat,8,3,49,6
20190718/user8/user8-1-50-r5.dat,8,1,50,5
20190718/user8/user8-1-33-r3.dat,8,1,33,3
20190718/user8/user8-1-42-r4.dat,8,1,42,4
20190718/user8/user8-4-36-r3.dat,8,4,36,3
20190718/user8/user8-4-50-r1.dat,8,4,50,1
20190718/user8/user8-1-36-r1.dat,8,1,36,1
20190718/user8/user8-1-48-r5.dat,8,1,48,5
20190718/user8/user8-4-33-r3.dat,8,4,33,3
20190718/user8/user8-1-32-r5.dat,8,1,32,5
20190718/user8/user8-1-21-r2.dat,8,1,21,2
20190718/user8/user8-2-13-r6.dat,8,2,13,6
20190718/user8/user8-4-31-r4.dat,8,4,31,4
20190718/user8/user8-3-12-r6.dat,8,3,12,6
20190718/user8/user8-2-3-r5.dat,8,2,3,5
20190718/user8/user8-3-7-r1.dat,8,3,7,1
20190718/user8/user8-1-47-r5.dat,8,1,47,5
20190718/user8/user8-3-23-r5.dat,8,3,23,5
20190718/user8/user8-3-25-r4.dat,8,3,25,4
20190718/user8/user8-3-3-r1.dat,8,3,3,1
20190718/user8/user8-1-34-r2.dat,8,1,34,2
20190718/user8/user8-2-6-r5.dat,8,2,6,5
20190718/user8/user8-1-2-r5.dat,8,1,2,5
20190718/user8/user8-2-19-r3.dat,8,2,19,3
20190718/user8/user8-2-38-r5.dat,8,2,38,5
20190718/user8/user8-3-43-r6.dat,8,3,43,6
20190718/user8/user8-2-8-r6.dat,8,2,8,6
20190718/user8/user8-1-18-r1.dat,8,1,18,1
20190718/user8/user8-1-24-r6.dat,8,1,24,6
20190718/user8/user8-4-29-r6.dat,8,4,29,6
20190718/user8/user8-1-43-r5.dat,8,1,43,5
20190718/user8/user8-3-22-r3.dat,8,3,22,3
20190718/user8/user8-1-35-r4.dat,8,1,35,4
20190718/user8/user8-4-44-r5.dat,8,4,44,5
20190718/user8/user8-1-16-r6.dat,8,1,16,6
20190718/user8/user8-1-15-r2.dat,8,1,15,2
20190718/user8/user8-1-30-r4.dat,8,1,30,4
20190718/user8/user8-3-19-r5.dat,8,3,19,5
20190718/user8/user8-1-8-r5.dat,8,1,8,5
20190718/user8/user8-2-13-r4.dat,8,2,13,4
20190718/user8/user8-4-30-r5.dat,8,4,30,5
20190718/user8/user8-4-42-r6.dat,8,4,42,6
20190718/user8/user8-3-42-r3.dat,8,3,42,3
20190718/user8/user8-3-26-r3.dat,8,3,26,3
20190718/user8/user8-4-34-r2.dat,8,4,34,2
20190718/user8/user8-4-9-r2.dat,8,4,9,2
20190718/user8/user8-3-45-r4.dat,8,3,45,4
20190718/user8/user8-4-31-r6.dat,8,4,31,6
20190718/user8/user8-3-9-r5.dat,8,3,9,5
20190718/user8/user8-2-24-r6.dat,8,2,24,6
20190718/user8/user8-3-25-r6.dat,8,3,25,6
20190718/user8/user8-4-38-r3.dat,8,4,38,3
20190718/user8/user8-3-42-r5.dat,8,3,42,5
20190718/user8/user8-1-11-r6.dat,8,1,11,6
20190718/user8/user8-3-13-r2.dat,8,3,13,2
20190718/user8/user8-2-41-r6.dat,8,2,41,6
20190718/user8/user8-4-4-r6.dat,8,4,4,6
20190718/user8/user8-4-19-r6.dat,8,4,19,6
20190718/user8/user8-1-14-r4.dat,8,1,14,4
20190718/user8/user8-2-2-r6.dat,8,2,2,6
20190718/user8/user8-2-36-r4.dat,8,2,36,4
20190718/user8/user8-4-35-r2.dat,8,4,35,2
20190718/user8/user8-3-12-r2.dat,8,3,12,2
20190718/user8/user8-2-41-r1.dat,8,2,41,1
20190718/user8/user8-1-33-r4.dat,8,1,33,4
20190718/user8/user8-2-25-r1.dat,8,2,25,1
20190718/user8/user8-2-4-r6.dat,8,2,4,6
20190718/user8/user8-2-33-r3.dat,8,2,33,3
20190718/user8/user8-4-7-r3.dat,8,4,7,3
20190718/user8/user8-1-44-r3.dat,8,1,44,3
20190718/user8/user8-2-46-r1.dat,8,2,46,1
20190718/user8/user8-3-8-r5.dat,8,3,8,5
20190718/user8/user8-1-24-r1.dat,8,1,24,1
20190718/user8/user8-3-12-r4.dat,8,3,12,4
20190718/user8/user8-2-9-r2.dat,8,2,9,2
20190718/user8/user8-2-10-r1.dat,8,2,10,1
20190718/user8/user8-3-36-r2.dat,8,3,36,2
20190718/user8/user8-2-6-r3.dat,8,2,6,3
20190718/user8/user8-3-24-r1.dat,8,3,24,1
20190718/user8/user8-4-1-r3.dat,8,4,1,3
20190718/user8/user8-4-33-r4.dat,8,4,33,4
20190718/user8/user8-4-24-r2.dat,8,4,24,2
20190718/user8/user8-4-40-r6.dat,8,4,40,6
20190718/user8/user8-4-2-r5.dat,8,4,2,5
20190718/user8/user8-1-43-r4.dat,8,1,43,4
20190718/user8/user8-3-27-r5.dat,8,3,27,5
20190718/user8/user8-3-46-r1.dat,8,3,46,1
20190718/user8/user8-4-23-r6.dat,8,4,23,6
20190718/user8/user8-2-15-r2.dat,8,2,15,2
20190718/user8/user8-4-13-r2.dat,8,4,13,2
20190718/user8/user8-3-30-r1.dat,8,3,30,1
20190718/user8/user8-2-45-r2.dat,8,2,45,2
20190718/user8/user8-1-37-r4.dat,8,1,37,4
20190718/user8/user8-2-23-r5.dat,8,2,23,5
20190718/user8/user8-1-11-r2.dat,8,1,11,2
20190718/user8/user8-4-33-r2.dat,8,4,33,2
20190718/user8/user8-1-45-r1.dat,8,1,45,1
20190718/user8/user8-4-32-r4.dat,8,4,32,4
20190718/user8/user8-3-47-r3.dat,8,3,47,3
20190718/user8/user8-3-23-r4.dat,8,3,23,4
20190718/user8/user8-3-10-r2.dat,8,3,10,2
20190718/user8/user8-2-35-r5.dat,8,2,35,5
20190718/user8/user8-1-17-r1.dat,8,1,17,1
20190718/user8/user8-4-42-r1.dat,8,4,42,1
20190718/user8/user8-3-41-r1.dat,8,3,41,1
20190718/user8/user8-3-48-r2.dat,8,3,48,2
20190718/user8/user8-1-25-r2.dat,8,1,25,2
20190718/user8/user8-3-39-r4.dat,8,3,39,4
20190718/user8/user8-4-24-r4.dat,8,4,24,4
20190718/user8/user8-1-47-r2.dat,8,1,47,2
20190718/user8/user8-3-50-r5.dat,8,3,50,5
20190718/user8/user8-1-15-r3.dat,8,1,15,3
20190718/user8/user8-4-14-r3.dat,8,4,14,3
20190718/user8/user8-4-45-r4.dat,8,4,45,4
20190718/user8/user8-2-6-r4.dat,8,2,6,4
20190718/user8/user8-1-34-r1.dat,8,1,34,1
20190718/user8/user8-3-33-r3.dat,8,3,33,3
20190718/user8/user8-4-40-r2.dat,8,4,40,2
20190718/user8/user8-2-28-r3.dat,8,2,28,3
20190718/user8/user8-3-48-r4.dat,8,3,48,4
20190718/user8/user8-1-26-r6.dat,8,1,26,6
20190718/user8/user8-2-26-r3.dat,8,2,26,3
20190718/user8/user8-4-37-r2.dat,8,4,37,2
20190718/user8/user8-4-34-r3.dat,8,4,34,3
20190718/user8/user8-3-32-r2.dat,8,3,32,2
20190718/user8/user8-3-9-r2.dat,8,3,9,2
20190718/user8/user8-3-2-r6.dat,8,3,2,6
20190718/user8/user8-1-21-r6.dat,8,1,21,6
20190718/user8/user8-4-19-r1.dat,8,4,19,1
20190718/user8/user8-4-22-r4.dat,8,4,22,4
20190718/user8/user8-3-29-r6.dat,8,3,29,6
20190718/user8/user8-1-20-r3.dat,8,1,20,3
20190718/user8/user8-1-14-r1.dat,8,1,14,1
20190718/user8/user8-4-23-r4.dat,8,4,23,4
20190718/user8/user8-1-6-r2.dat,8,1,6,2
20190718/user8/user8-3-38-r3.dat,8,3,38,3
20190718/user8/user8-1-36-r5.dat,8,1,36,5
20190718/user8/user8-3-35-r6.dat,8,3,35,6
20190718/user8/user8-4-11-r6.dat,8,4,11,6
20190718/user8/user8-2-34-r5.dat,8,2,34,5
20190718/user8/user8-2-5-r1.dat,8,2,5,1
20190718/user8/user8-1-50-r1.dat,8,1,50,1
20190718/user8/user8-3-1-r4.dat,8,3,1,4
20190718/user8/user8-3-41-r6.dat,8,3,41,6
20190718/user8/user8-2-30-r6.dat,8,2,30,6
20190718/user8/user8-2-3-r2.dat,8,2,3,2
20190718/user8/user8-2-12-r1.dat,8,2,12,1
20190718/user8/user8-1-24-r2.dat,8,1,24,2
20190718/user8/user8-3-20-r1.dat,8,3,20,1
20190718/user8/user8-2-44-r2.dat,8,2,44,2
20190718/user8/user8-4-14-r1.dat,8,4,14,1
20190718/user8/user8-2-3-r3.dat,8,2,3,3
20190718/user8/user8-2-46-r6.dat,8,2,46,6
20190718/user8/user8-3-41-r4.dat,8,3,41,4
20190718/user8/user8-3-46-r5.dat,8,3,46,5
20190718/user8/user8-3-32-r4.dat,8,3,32,4
20190718/user8/user8-2-14-r3.dat,8,2,14,3
20190718/user8/user8-2-19-r2.dat,8,2,19,2
20190718/user8/user8-2-47-r6.dat,8,2,47,6
20190718/user8/user8-1-47-r6.dat,8,1,47,6
20190718/user8/user8-2-6-r2.dat,8,2,6,2
20190718/user8/user8-3-24-r5.dat,8,3,24,5
20190718/user8/user8-4-18-r4.dat,8,4,18,4
20190718/user8/user8-1-6-r3.dat,8,1,6,3
20190718/user8/user8-4-6-r4.dat,8,4,6,4
20190718/user8/user8-1-13-r4.dat,8,1,13,4
20190718/user8/user8-4-7-r6.dat,8,4,7,6
20190718/user8/user8-1-29-r4.dat,8,1,29,4
20190718/user8/user8-1-40-r5.dat,8,1,40,5
20190718/user8/user8-3-8-r3.dat,8,3,8,3
20190718/user8/user8-4-36-r4.dat,8,4,36,4
20190718/user8/user8-1-5-r5.dat,8,1,5,5
20190718/user8/user8-2-16-r5.dat,8,2,16,5
20190718/user8/user8-1-19-r5.dat,8,1,19,5
20190718/user8/user8-1-22-r6.dat,8,1,22,6
20190718/user8/user8-4-16-r4.dat,8,4,16,4
20190718/user8/user8-4-19-r2.dat,8,4,19,2
20190718/user8/user8-2-34-r6.dat,8,2,34,6
20190718/user8/user8-4-16-r5.dat,8,4,16,5
20190718/user8/user8-2-1-r3.dat,8,2,1,3
20190718/user8/user8-2-16-r3.dat,8,2,16,3
20190718/user8/user8-4-45-r5.dat,8,4,45,5
20190718/user8/user8-1-45-r4.dat,8,1,45,4
20190718/user8/user8-2-27-r5.dat,8,2,27,5
20190718/user8/user8-3-20-r4.dat,8,3,20,4
20190718/user8/user8-2-26-r5.dat,8,2,26,5
20190718/user8/user8-2-9-r6.dat,8,2,9,6
20190718/user8/user8-1-22-r2.dat,8,1,22,2
20190718/user8/user8-4-10-r6.dat,8,4,10,6
20190718/user8/user8-4-26-r4.dat,8,4,26,4
20190718/user8/user8-3-45-r5.dat,8,3,45,5
20190718/user8/user8-2-28-r4.dat,8,2,28,4
20190718/user8/user8-1-35-r3.dat,8,1,35,3
20190718/user8/user8-3-39-r5.dat,8,3,39,5
20190718/user8/user8-3-31-r6.dat,8,3,31,6
20190718/user8/user8-3-48-r3.dat,8,3,48,3
20190718/user8/user8-2-20-r6.dat,8,2,20,6
20190718/user8/user8-1-37-r1.dat,8,1,37,1
20190718/user8/user8-1-50-r3.dat,8,1,50,3
20190718/user8/user8-2-42-r2.dat,8,2,42,2
20190718/user8/user8-3-44-r3.dat,8,3,44,3
20190718/user8/user8-2-39-r6.dat,8,2,39,6
20190718/user8/user8-4-37-r1.dat,8,4,37,1
20190718/user8/user8-2-19-r1.dat,8,2,19,1
20190718/user8/user8-3-21-r3.dat,8,3,21,3
20190718/user8/user8-3-42-r1.dat,8,3,42,1
20190718/user8/user8-3-18-r3.dat,8,3,18,3
20190718/user8/user8-3-22-r4.dat,8,3,22,4
20190718/user8/user8-1-29-r5.dat,8,1,29,5
20190718/user8/user8-3-34-r2.dat,8,3,34,2
20190718/user8/user8-1-20-r2.dat,8,1,20,2
20190718/user8/user8-4-39-r2.dat,8,4,39,2
20190718/user8/user8-3-6-r3.dat,8,3,6,3
20190718/user8/user8-3-17-r2.dat,8,3,17,2
20190718/user8/user8-3-31-r5.dat,8,3,31,5
20190718/user8/user8-1-16-r3.dat,8,1,16,3
20190718/user8/user8-1-9-r1.dat,8,1,9,1
20190718/user8/user8-2-31-r6.dat,8,2,31,6
20190718/user8/user8-3-15-r5.dat,8,3,15,5
20190718/user8/user8-2-42-r5.dat,8,2,42,5
20190718/user8/user8-4-49-r3.dat,8,4,49,3
20190718/user8/user8-4-39-r4.dat,8,4,39,4
20190718/user8/user8-2-13-r1.dat,8,2,13,1
20190718/user8/user8-1-42-r2.dat,8,1,42,2
20190718/user8/user8-4-33-r5.dat,8,4,33,5
20190718/user8/user8-4-26-r1.dat,8,4,26,1
20190718/user8/user8-2-39-r3.dat,8,2,39,3
20190718/user8/user8-3-17-r5.dat,8,3,17,5
20190718/user8/user8-4-31-r1.dat,8,4,31,1
20190718/user8/user8-4-28-r4.dat,8,4,28,4
20190718/user8/user8-4-7-r5.dat,8,4,7,5
20190718/user8/user8-2-16-r4.dat,8,2,16,4
20190718/user8/user8-3-42-r4.dat,8,3,42,4
20190718/user8/user8-2-4-r2.dat,8,2,4,2
20190718/user8/user8-3-29-r1.dat,8,3,29,1
20190718/user8/user8-2-37-r1.dat,8,2,37,1
20190718/user8/user8-4-28-r6.dat,8,4,28,6
20190718/user8/user8-2-30-r2.dat,8,2,30,2
20190718/user8/user8-3-50-r2.dat,8,3,50,2
20190718/user8/user8-1-30-r5.dat,8,1,30,5
20190718/user8/user8-4-12-r3.dat,8,4,12,3
20190718/user8/user8-3-22-r2.dat,8,3,22,2
20190718/user8/user8-2-1-r4.dat,8,2,1,4
20190718/user8/user8-3-11-r3.dat,8,3,11,3
20190718/user8/user8-1-35-r1.dat,8,1,35,1
20190718/user8/user8-1-41-r5.dat,8,1,41,5
20190718/user8/user8-1-18-r4.dat,8,1,18,4
20190718/user8/user8-2-25-r5.dat,8,2,25,5
20190718/user8/user8-3-35-r5.dat,8,3,35,5
20190718/user8/user8-3-39-r3.dat,8,3,39,3
20190718/user8/user8-3-12-r3.dat,8,3,12,3
20190718/user8/user8-3-38-r1.dat,8,3,38,1
20190718/user8/user8-3-27-r6.dat,8,3,27,6
20190718/user8/user8-3-18-r6.dat,8,3,18,6
20190718/user8/user8-3-30-r6.dat,8,3,30,6
20190718/user8/user8-3-44-r4.dat,8,3,44,4
20190718/user8/user8-2-40-r6.dat,8,2,40,6
20190718/user8/user8-4-43-r3.dat,8,4,43,3
20190718/user8/user8-2-13-r2.dat,8,2,13,2
20190718/user8/user8-1-36-r3.dat,8,1,36,3
20190718/user8/user8-4-44-r1.dat,8,4,44,1
20190718/user8/user8-3-13-r6.dat,8,3,13,6
20190718/user8/user8-4-25-r4.dat,8,4,25,4
20190718/user8/user8-2-5-r6.dat,8,2,5,6
20190718/user8/user8-2-6-r1.dat,8,2,6,1
20190718/user8/user8-3-4-r3.dat,8,3,4,3
20190718/user8/user8-2-48-r4.dat,8,2,48,4
20190718/user8/user8-1-19-r4.dat,8,1,19,4
20190718/user8/user8-4-10-r1.dat,8,4,10,1
20190718/user8/user8-4-35-r1.dat,8,4,35,1
20190718/user8/user8-4-43-r5.dat,8,4,43,5
20190718/user8/user8-2-45-r3.dat,8,2,45,3
20190718/user8/user8-4-15-r4.dat,8,4,15,4
20190718/user8/user8-4-35-r4.dat,8,4,35,4
20190718/user8/user8-3-43-r3.dat,8,3,43,3
20190718/user8/user8-1-45-r3.dat,8,1,45,3
20190718/user8/user8-3-42-r6.dat,8,3,42,6
20190718/user8/user8-1-31-r2.dat,8,1,31,2
20190718/user8/user8-4-9-r1.dat,8,4,9,1
20190718/user8/user8-1-36-r2.dat,8,1,36,2
20190718/user8/user8-1-6-r5.dat,8,1,6,5
20190718/user8/user8-4-23-r2.dat,8,4,23,2
20190718/user8/user8-3-19-r4.dat,8,3,19,4
20190718/user8/user8-4-37-r6.dat,8,4,37,6
20190718/user8/user8-2-12-r5.dat,8,2,12,5
20190718/user8/user8-2-11-r3.dat,8,2,11,3
20190718/user8/user8-2-38-r3.dat,8,2,38,3
20190718/user8/user8-1-7-r6.dat,8,1,7,6
20190718/user8/user8-2-22-r4.dat,8,2,22,4
20190718/user8/user8-3-40-r4.dat,8,3,40,4
20190718/user8/user8-1-21-r1.dat,8,1,21,1
20190718/user8/user8-4-39-r3.dat,8,4,39,3
20190718/user8/user8-4-5-r1.dat,8,4,5,1
20190718/user8/user8-3-3-r6.dat,8,3,3,6
20190718/user8/user8-2-35-r3.dat,8,2,35,3
20190718/user8/user8-2-6-r6.dat,8,2,6,6
20190718/user8/user8-3-6-r4.dat,8,3,6,4
20190718/user8/user8-4-20-r5.dat,8,4,20,5
20190718/user8/user8-3-5-r6.dat,8,3,5,6
20190718/user8/user8-2-18-r3.dat,8,2,18,3
20190718/user8/user8-1-28-r6.dat,8,1,28,6
20190718/user8/user8-1-21-r3.dat,8,1,21,3
20190718/user8/user8-3-18-r2.dat,8,3,18,2
20190718/user8/user8-1-49-r2.dat,8,1,49,2
20190718/user8/user8-4-44-r2.dat,8,4,44,2
20190718/user8/user8-1-5-r2.dat,8,1,5,2
20190718/user8/user8-2-48-r5.dat,8,2,48,5
20190718/user8/user8-3-49-r5.dat,8,3,49,5
20190718/user8/user8-2-35-r2.dat,8,2,35,2
20190718/user8/user8-1-25-r1.dat,8,1,25,1
20190718/user8/user8-4-41-r1.dat,8,4,41,1
20190718/user8/user8-2-7-r3.dat,8,2,7,3
20190718/user8/user8-2-17-r3.dat,8,2,17,3
20190718/user8/user8-3-43-r5.dat,8,3,43,5
20190718/user8/user8-2-10-r4.dat,8,2,10,4
20190718/user8/user8-4-22-r1.dat,8,4,22,1
20190718/user8/user8-3-14-r6.dat,8,3,14,6
20190718/user8/user8-1-13-r1.dat,8,1,13,1
20190718/user8/user8-2-8-r1.dat,8,2,8,1
20190718/user8/user8-2-26-r1.dat,8,2,26,1
20190718/user8/user8-4-7-r2.dat,8,4,7,2
20190718/user8/user8-1-4-r4.dat,8,1,4,4
20190718/user8/user8-1-41-r1.dat,8,1,41,1
20190718/user8/user8-4-40-r1.dat,8,4,40,1
20190718/user8/user8-4-43-r1.dat,8,4,43,1
20190718/user8/user8-3-8-r4.dat,8,3,8,4
20190718/user8/user8-1-49-r3.dat,8,1,49,3
20190718/user8/user8-3-23-r3.dat,8,3,23,3
20190718/user8/user8-4-4-r3.dat,8,4,4,3
20190718/user8/user8-2-36-r6.dat,8,2,36,6
20190718/user8/user8-2-2-r1.dat,8,2,2,1
20190718/user8/user8-2-17-r5.dat,8,2,17,5
20190718/user8/user8-2-30-r4.dat,8,2,30,4
20190718/user8/user8-3-2-r4.dat,8,3,2,4
20190718/user8/user8-1-29-r6.dat,8,1,29,6
20190718/user8/user8-4-18-r2.dat,8,4,18,2
20190718/user8/user8-4-26-r3.dat,8,4,26,3
20190718/user8/user8-4-6-r1.dat,8,4,6,1
20190718/user8/user8-4-11-r1.dat,8,4,11,1
20190718/user8/user8-3-40-r3.dat,8,3,40,3
20190718/user8/user8-3-27-r3.dat,8,3,27,3
20190718/user8/user8-4-32-r3.dat,8,4,32,3
20190718/user8/user8-3-11-r6.dat,8,3,11,6
20190718/user8/user8-1-20-r1.dat,8,1,20,1
20190718/user8/user8-1-18-r2.dat,8,1,18,2
20190718/user8/user8-4-32-r2.dat,8,4,32,2
20190718/user8/user8-4-34-r6.dat,8,4,34,6
20190718/user8/user8-2-43-r6.dat,8,2,43,6
20190718/user8/user8-1-25-r4.dat,8,1,25,4
20190718/user8/user8-2-40-r2.dat,8,2,40,2
20190718/user8/user8-1-35-r2.dat,8,1,35,2
20190718/user8/user8-1-19-r3.dat,8,1,19,3
20190718/user8/user8-3-46-r6.dat,8,3,46,6
20190718/user8/user8-4-1-r5.dat,8,4,1,5
20190718/user8/user8-2-20-r2.dat,8,2,20,2
20190718/user8/user8-2-34-r2.dat,8,2,34,2
20190718/user8/user8-2-25-r3.dat,8,2,25,3
20190718/user8/user8-1-8-r4.dat,8,1,8,4
20190718/user8/user8-1-3-r5.dat,8,1,3,5
20190718/user8/user8-1-29-r1.dat,8,1,29,1
20190718/user8/user8-4-30-r2.dat,8,4,30,2
20190718/user8/user8-4-46-r5.dat,8,4,46,5
20190718/user8/user8-3-40-r6.dat,8,3,40,6
20190718/user8/user8-3-22-r1.dat,8,3,22,1
20190718/user8/user8-3-9-r6.dat,8,3,9,6
20190718/user8/user8-2-28-r5.dat,8,2,28,5
20190718/user8/user8-1-30-r3.dat,8,1,30,3
20190718/user8/user8-4-11-r5.dat,8,4,11,5
20190718/user8/user8-2-25-r2.dat,8,2,25,2
20190718/user8/user8-2-22-r5.dat,8,2,22,5
20190718/user8/user8-2-16-r2.dat,8,2,16,2
20190718/user8/user8-4-25-r6.dat,8,4,25,6
20190718/user8/user8-1-27-r3.dat,8,1,27,3
20190718/user8/user8-3-8-r2.dat,8,3,8,2
20190718/user8/user8-3-1-r2.dat,8,3,1,2
20190718/user8/user8-1-27-r4.dat,8,1,27,4
20190718/user8/user8-1-26-r1.dat,8,1,26,1
20190718/user8/user8-2-44-r4.dat,8,2,44,4
20190718/user8/user8-3-39-r6.dat,8,3,39,6
20190718/user8/user8-3-29-r5.dat,8,3,29,5
20190718/user8/user8-1-4-r6.dat,8,1,4,6
20190718/user8/user8-4-25-r3.dat,8,4,25,3
20190718/user8/user8-2-38-r6.dat,8,2,38,6
20190718/user8/user8-2-49-r6.dat,8,2,49,6
20190718/user8/user8-1-48-r2.dat,8,1,48,2
20190718/user8/user8-1-41-r4.dat,8,1,41,4
20190718/user8/user8-4-24-r3.dat,8,4,24,3
20190718/user8/user8-1-19-r6.dat,8,1,19,6
20190718/user8/user8-3-30-r3.dat,8,3,30,3
20190718/user8/user8-4-45-r1.dat,8,4,45,1
20190718/user8/user8-1-6-r4.dat,8,1,6,4
20190718/user8/user8-1-40-r4.dat,8,1,40,4
20190718/user8/user8-4-10-r4.dat,8,4,10,4
20190718/user8/user8-4-25-r1.dat,8,4,25,1
20190718/user8/user8-3-48-r5.dat,8,3,48,5
20190718/user8/user8-1-46-r4.dat,8,1,46,4
20190718/user8/user8-4-10-r3.dat,8,4,10,3
20190718/user8/user8-4-43-r2.dat,8,4,43,2
20190718/user8/user8-1-14-r3.dat,8,1,14,3
20190718/user8/user8-4-46-r6.dat,8,4,46,6
20190718/user8/user8-3-26-r2.dat,8,3,26,2
20190718/user8/user8-1-35-r5.dat,8,1,35,5
20190718/user8/user8-1-24-r5.dat,8,1,24,5
20190718/user8/user8-3-2-r2.dat,8,3,2,2
20190718/user8/user8-1-27-r6.dat,8,1,27,6
20190718/user8/user8-1-36-r6.dat,8,1,36,6
20190718/user8/user8-3-7-r6.dat,8,3,7,6
20190718/user8/user8-4-4-r1.dat,8,4,4,1
20190718/user8/user8-2-32-r4.dat,8,2,32,4
20190718/user8/user8-3-40-r1.dat,8,3,40,1
20190718/user8/user8-4-13-r6.dat,8,4,13,6
20190718/user8/user8-1-10-r6.dat,8,1,10,6
20190718/user8/user8-2-23-r4.dat,8,2,23,4
20190718/user8/user8-1-4-r5.dat,8,1,4,5
20190718/user8/user8-1-7-r1.dat,8,1,7,1
20190718/user8/user8-4-43-r4.dat,8,4,43,4
20190718/user8/user8-4-3-r2.dat,8,4,3,2
20190718/user8/user8-4-3-r6.dat,8,4,3,6
20190718/user8/user8-2-18-r5.dat,8,2,18,5
20190718/user8/user8-2-7-r4.dat,8,2,7,4
20190718/user8/user8-4-20-r3.dat,8,4,20,3
20190718/user8/user8-2-37-r5.dat,8,2,37,5
20190718/user8/user8-2-4-r1.dat,8,2,4,1
20190718/user8/user8-3-45-r3.dat,8,3,45,3
20190718/user8/user8-4-7-r4.dat,8,4,7,4
20190718/user8/user8-2-38-r2.dat,8,2,38,2
20190718/user8/user8-4-50-r6.dat,8,4,50,6
20190718/user8/user8-2-24-r5.dat,8,2,24,5
20190718/user8/user8-3-30-r5.dat,8,3,30,5
20190718/user8/user8-2-31-r3.dat,8,2,31,3
20190718/user8/user8-4-26-r6.dat,8,4,26,6
20190718/user8/user8-1-16-r1.dat,8,1,16,1
20190718/user8/user8-4-35-r3.dat,8,4,35,3
20190718/user8/user8-4-35-r6.dat,8,4,35,6
20190718/user8/user8-3-14-r4.dat,8,3,14,4
20190718/user8/user8-4-48-r1.dat,8,4,48,1
20190718/user8/user8-1-50-r2.dat,8,1,50,2
20190718/user8/user8-1-8-r6.dat,8,1,8,6
20190718/user8/user8-4-12-r1.dat,8,4,12,1
20190718/user8/user8-1-9-r3.dat,8,1,9,3
20190718/user8/user8-4-49-r1.dat,8,4,49,1
20190718/user8/user8-4-27-r5.dat,8,4,27,5
20190718/user8/user8-2-15-r6.dat,8,2,15,6
20190718/user8/user8-4-47-r6.dat,8,4,47,6
20190718/user8/user8-4-18-r6.dat,8,4,18,6
20190718/user8/user8-1-2-r4.dat,8,1,2,4
20190718/user8/user8-2-33-r1.dat,8,2,33,1
20190718/user8/user8-3-16-r4.dat,8,3,16,4
20190718/user8/user8-1-17-r4.dat,8,1,17,4
20190718/user8/user8-3-28-r4.dat,8,3,28,4
20190718/user8/user8-4-17-r3.dat,8,4,17,3
20190718/user8/user8-1-11-r1.dat,8,1,11,1
20190718/user8/user8-1-40-r2.dat,8,1,40,2
20190718/user8/user8-3-47-r4.dat,8,3,47,4
20190718/user8/user8-1-26-r4.dat,8,1,26,4
20190718/user8/user8-4-49-r6.dat,8,4,49,6
20190718/user8/user8-4-41-r5.dat,8,4,41,5
20190718/user8/user8-1-5-r4.dat,8,1,5,4
20190718/user8/user8-1-32-r1.dat,8,1,32,1
20190718/user8/user8-3-21-r2.dat,8,3,21,2
20190718/user8/user8-4-44-r4.dat,8,4,44,4
20190718/user8/user8-1-43-r2.dat,8,1,43,2
20190718/user8/user8-4-41-r4.dat,8,4,41,4
20190718/user8/user8-1-9-r5.dat,8,1,9,5
20190718/user8/user8-1-22-r4.dat,8,1,22,4
20190718/user8/user8-2-23-r6.dat,8,2,23,6
20190718/user8/user8-1-10-r3.dat,8,1,10,3
20190718/user8/user8-4-28-r1.dat,8,4,28,1
20190718/user8/user8-1-4-r1.dat,8,1,4,1
20190718/user8/user8-1-47-r4.dat,8,1,47,4
20190718/user8/user8-4-5-r6.dat,8,4,5,6
20190718/user8/user8-1-46-r5.dat,8,1,46,5
20190718/user8/user8-1-50-r4.dat,8,1,50,4
20190718/user8/user8-1-16-r5.dat,8,1,16,5
20190718/user8/user8-3-23-r2.dat,8,3,23,2
20190718/user8/user8-2-43-r5.dat,8,2,43,5
20190718/user8/user8-2-10-r2.dat,8,2,10,2
20190718/user8/user8-2-9-r1.dat,8,2,9,1
20190718/user8/user8-4-36-r2.dat,8,4,36,2
20190718/user8/user8-2-29-r6.dat,8,2,29,6
20190718/user8/user8-2-15-r1.dat,8,2,15,1
20190718/user8/user8-2-44-r3.dat,8,2,44,3
20190718/user8/user8-1-49-r1.dat,8,1,49,1
20190718/user8/user8-1-37-r3.dat,8,1,37,3
20190718/user8/user8-4-13-r4.dat,8,4,13,4
20190718/user8/user8-3-24-r6.dat,8,3,24,6
20190718/user8/user8-2-24-r4.dat,8,2,24,4
20190718/user8/user8-2-47-r3.dat,8,2,47,3
20190718/user8/user8-2-35-r4.dat,8,2,35,4
20190718/user8/user8-4-18-r3.dat,8,4,18,3
20190718/user8/user8-4-42-r4.dat,8,4,42,4
20190718/user8/user8-4-40-r4.dat,8,4,40,4
20190718/user8/user8-1-1-r6.dat,8,1,1,6
20190718/user8/user8-4-24-r6.dat,8,4,24,6
20190718/user8/user8-3-22-r6.dat,8,3,22,6
20190718/user8/user8-2-8-r2.dat,8,2,8,2
20190718/user8/user8-4-29-r2.dat,8,4,29,2
20190718/user8/user8-4-13-r3.dat,8,4,13,3
20190718/user8/user8-4-5-r5.dat,8,4,5,5
20190718/user8/user8-4-22-r5.dat,8,4,22,5
20190718/user8/user8-2-26-r6.dat,8,2,26,6
20190718/user8/user8-3-24-r3.dat,8,3,24,3
20190718/user8/user8-3-41-r2.dat,8,3,41,2
20190718/user8/user8-3-20-r3.dat,8,3,20,3
20190718/user8/user8-2-45-r5.dat,8,2,45,5
20190718/user8/user8-3-11-r5.dat,8,3,11,5
20190718/user8/user8-2-39-r5.dat,8,2,39,5
20190718/user8/user8-1-3-r6.dat,8,1,3,6
20190718/user8/user8-4-22-r6.dat,8,4,22,6
20190718/user8/user8-4-32-r5.dat,8,4,32,5
20190718/user8/user8-1-33-r2.dat,8,1,33,2
20190718/user8/user8-4-43-r6.dat,8,4,43,6
20190718/user8/user8-3-38-r6.dat,8,3,38,6
20190718/user8/user8-3-3-r2.dat,8,3,3,2
20190718/user8/user8-1-10-r1.dat,8,1,10,1
20190718/user8/user8-1-32-r3.dat,8,1,32,3
20190718/user8/user8-2-31-r4.dat,8,2,31,4
20190718/user8/user8-2-12-r3.dat,8,2,12,3
20190718/user8/user8-2-20-r1.dat,8,2,20,1
20190718/user8/user8-2-47-r1.dat,8,2,47,1
20190718/user8/user8-2-27-r6.dat,8,2,27,6
20190718/user8/user8-3-26-r4.dat,8,3,26,4
20190718/user8/user8-2-18-r4.dat,8,2,18,4
20190718/user8/user8-2-34-r4.dat,8,2,34,4
20190718/user8/user8-4-13-r1.dat,8,4,13,1
20190718/user8/user8-3-5-r2.dat,8,3,5,2
20190718/user8/user8-1-19-r2.dat,8,1,19,2
20190718/user8/user8-1-32-r2.dat,8,1,32,2
20190718/user8/user8-4-49-r4.dat,8,4,49,4
20190718/user8/user8-3-10-r4.dat,8,3,10,4
20190718/user8/user8-3-16-r3.dat,8,3,16,3
20190718/user8/user8-4-46-r1.dat,8,4,46,1
20190718/user8/user8-2-23-r1.dat,8,2,23,1
20190718/user8/user8-3-15-r1.dat,8,3,15,1
20190718/user8/user8-2-28-r2.dat,8,2,28,2
20190718/user8/user8-1-27-r2.dat,8,1,27,2
20190718/user8/user8-4-47-r2.dat,8,4,47,2
20190718/user8/user8-1-1-r2.dat,8,1,1,2
20190718/user8/user8-1-39-r4.dat,8,1,39,4
20190718/user8/user8-4-39-r5.dat,8,4,39,5
20190718/user8/user8-1-20-r4.dat,8,1,20,4
20190718/user8/user8-2-50-r6.dat,8,2,50,6
20190718/user8/user8-3-16-r1.dat,8,3,16,1
20190718/user8/user8-1-31-r3.dat,8,1,31,3
20190718/user8/user8-2-24-r1.dat,8,2,24,1
20190718/user8/user8-1-1-r3.dat,8,1,1,3
20190718/user8/user8-4-39-r6.dat,8,4,39,6
20190718/user8/user8-3-42-r2.dat,8,3,42,2
20190718/user8/user8-4-23-r3.dat,8,4,23,3
20190718/user8/user8-4-44-r6.dat,8,4,44,6
20190718/user8/user8-3-11-r4.dat,8,3,11,4
20190718/user8/user8-2-21-r3.dat,8,2,21,3
20190718/user8/user8-4-46-r4.dat,8,4,46,4
20190718/user8/user8-3-25-r2.dat,8,3,25,2
20190718/user8/user8-2-7-r6.dat,8,2,7,6
20190718/user8/user8-1-34-r6.dat,8,1,34,6
20190718/user8/user8-1-39-r2.dat,8,1,39,2
20190718/user8/user8-1-2-r2.dat,8,1,2,2
20190718/user8/user8-3-44-r5.dat,8,3,44,5
20190718/user8/user8-3-11-r2.dat,8,3,11,2
20190718/user8/user8-2-35-r6.dat,8,2,35,6
20190718/user8/user8-3-33-r2.dat,8,3,33,2
20190718/user8/user8-3-25-r1.dat,8,3,25,1
20190718/user8/user8-4-30-r6.dat,8,4,30,6
20190718/user8/user8-4-39-r1.dat,8,4,39,1
20190718/user8/user8-2-18-r2.dat,8,2,18,2
20190718/user8/user8-3-47-r5.dat,8,3,47,5
20190718/user8/user8-3-40-r5.dat,8,3,40,5
20190718/user8/user8-2-4-r4.dat,8,2,4,4
20190718/user8/user8-3-45-r2.dat,8,3,45,2
20190718/user8/user8-1-45-r5.dat,8,1,45,5
20190718/user8/user8-4-5-r4.dat,8,4,5,4
20190718/user8/user8-2-29-r4.dat,8,2,29,4
20190718/user8/user8-2-50-r5.dat,8,2,50,5
20190718/user8/user8-2-12-r2.dat,8,2,12,2
20190718/user8/user8-1-15-r1.dat,8,1,15,1
20190718/user8/user8-1-7-r2.dat,8,1,7,2
20190718/user8/user8-1-41-r6.dat,8,1,41,6
20190718/user8/user8-1-16-r2.dat,8,1,16,2
20190718/user8/user8-1-44-r5.dat,8,1,44,5
20190718/user8/user8-3-44-r2.dat,8,3,44,2
20190718/user8/user8-1-30-r1.dat,8,1,30,1
20190718/user8/user8-2-2-r3.dat,8,2,2,3
20190718/user8/user8-2-36-r3.dat,8,2,36,3
20190718/user8/user8-3-48-r1.dat,8,3,48,1
20190718/user8/user8-2-47-r4.dat,8,2,47,4
20190718/user8/user8-2-30-r3.dat,8,2,30,3
20190718/user8/user8-3-10-r5.dat,8,3,10,5
20190718/user8/user8-3-37-r2.dat,8,3,37,2
20190718/user8/user8-3-45-r1.dat,8,3,45,1
20190718/user8/user8-1-6-r1.dat,8,1,6,1
20190718/user8/user8-2-39-r1.dat,8,2,39,1
20190718/user8/user8-3-8-r1.dat,8,3,8,1
20190718/user8/user8-1-7-r4.dat,8,1,7,4
20190718/user8/user8-2-15-r3.dat,8,2,15,3
20190718/user8/user8-2-31-r2.dat,8,2,31,2
20190718/user8/user8-2-29-r1.dat,8,2,29,1
20190718/user8/user8-3-43-r4.dat,8,3,43,4
20190718/user8/user8-3-2-r3.dat,8,3,2,3
20190718/user8/user8-4-12-r2.dat,8,4,12,2
20190718/user8/user8-1-2-r3.dat,8,1,2,3
20190718/user8/user8-4-14-r2.dat,8,4,14,2
20190718/user8/user8-2-41-r2.dat,8,2,41,2
20190718/user8/user8-4-42-r5.dat,8,4,42,5
20190718/user8/user8-2-40-r1.dat,8,2,40,1
20190718/user8/user8-2-42-r1.dat,8,2,42,1
20190718/user8/user8-4-4-r4.dat,8,4,4,4
20190718/user8/user8-2-32-r1.dat,8,2,32,1
20190718/user8/user8-4-8-r4.dat,8,4,8,4
20190718/user8/user8-3-28-r5.dat,8,3,28,5
20190718/user8/user8-2-14-r6.dat,8,2,14,6
20190718/user8/user8-1-10-r5.dat,8,1,10,5
20190718/user8/user8-3-34-r5.dat,8,3,34,5
20190718/user8/user8-4-45-r3.dat,8,4,45,3
20190718/user8/user8-3-20-r6.dat,8,3,20,6
20190718/user8/user8-1-46-r2.dat,8,1,46,2
20190718/user8/user8-1-27-r5.dat,8,1,27,5
20190718/user8/user8-4-37-r4.dat,8,4,37,4
20190718/user8/user8-4-12-r4.dat,8,4,12,4
20190718/user8/user8-2-21-r4.dat,8,2,21,4
20190718/user8/user8-2-19-r4.dat,8,2,19,4
20190718/user8/user8-1-10-r2.dat,8,1,10,2
20190718/user8/user8-3-38-r4.dat,8,3,38,4
20190718/user8/user8-1-39-r1.dat,8,1,39,1
20190718/user8/user8-2-23-r2.dat,8,2,23,2
20190718/user8/user8-4-15-r2.dat,8,4,15,2
20190718/user8/user8-1-36-r4.dat,8,1,36,4
20190718/user8/user8-2-22-r1.dat,8,2,22,1
20190718/user8/user8-2-20-r4.dat,8,2,20,4
20190718/user8/user8-4-17-r4.dat,8,4,17,4
20190718/user8/user8-3-17-r3.dat,8,3,17,3
20190718/user8/user8-3-31-r4.dat,8,3,31,4
20190718/user8/user8-4-38-r5.dat,8,4,38,5
20190718/user8/user8-2-8-r4.dat,8,2,8,4
20190718/user8/user8-3-16-r5.dat,8,3,16,5
20190718/user8/user8-3-50-r3.dat,8,3,50,3
20190718/user8/user8-1-24-r4.dat,8,1,24,4
20190718/user8/user8-3-50-r6.dat,8,3,50,6
20190718/user8/user8-4-9-r6.dat,8,4,9,6
20190718/user8/user8-4-26-r2.dat,8,4,26,2
20190718/user8/user8-3-46-r2.dat,8,3,46,2
20190718/user8/user8-4-35-r5.dat,8,4,35,5
20190718/user8/user8-2-24-r2.dat,8,2,24,2
20190718/user8/user8-1-25-r6.dat,8,1,25,6
20190718/user8/user8-4-36-r6.dat,8,4,36,6
20190718/user8/user8-1-28-r2.dat,8,1,28,2
20190718/user8/user8-3-9-r3.dat,8,3,9,3
20190718/user8/user8-3-25-r5.dat,8,3,25,5
20190718/user8/user8-2-20-r5.dat,8,2,20,5
20190718/user8/user8-2-49-r2.dat,8,2,49,2
20190718/user8/user8-4-28-r2.dat,8,4,28,2
20190718/user8/user8-4-49-r5.dat,8,4,49,5
20190718/user8/user8-4-13-r5.dat,8,4,13,5
20190718/user8/user8-3-32-r1.dat,8,3,32,1
20190718/user8/user8-3-4-r4.dat,8,3,4,4
20190718/user8/user8-3-31-r1.dat,8,3,31,1
20190718/user8/user8-1-12-r1.dat,8,1,12,1
20190718/user8/user8-2-5-r5.dat,8,2,5,5
20190718/user8/user8-1-9-r2.dat,8,1,9,2
20190718/user8/user8-4-50-r3.dat,8,4,50,3
20190718/user8/user8-2-5-r2.dat,8,2,5,2
20190718/user8/user8-1-18-r5.dat,8,1,18,5
20190718/user8/user8-2-13-r5.dat,8,2,13,5
20190718/user8/user8-2-32-r5.dat,8,2,32,5
20190718/user8/user8-3-28-r6.dat,8,3,28,6
20190718/user8/user8-2-35-r1.dat,8,2,35,1
20190718/user8/user8-3-23-r6.dat,8,3,23,6
20190718/user8/user8-3-47-r2.dat,8,3,47,2
20190718/user8/user8-1-28-r1.dat,8,1,28,1
20190718/user8/user8-4-34-r4.dat,8,4,34,4
20190718/user8/user8-3-36-r1.dat,8,3,36,1
20190718/user8/user8-1-38-r3.dat,8,1,38,3
20190718/user8/user8-2-26-r2.dat,8,2,26,2
20190718/user8/user8-3-41-r3.dat,8,3,41,3
20190718/user8/user8-4-27-r1.dat,8,4,27,1
20190718/user8/user8-4-14-r4.dat,8,4,14,4
20190718/user8/user8-2-9-r4.dat,8,2,9,4
20190718/user8/user8-4-20-r6.dat,8,4,20,6
20190718/user8/user8-4-42-r2.dat,8,4,42,2
20190718/user8/user8-1-7-r5.dat,8,1,7,5
20190718/user8/user8-2-47-r2.dat,8,2,47,2
20190718/user8/user8-4-3-r3.dat,8,4,3,3
20190718/user8/user8-3-1-r1.dat,8,3,1,1
20190718/user8/user8-3-23-r1.dat,8,3,23,1
20190718/user8/user8-2-47-r5.dat,8,2,47,5
20190718/user8/user8-4-4-r5.dat,8,4,4,5
20190718/user8/user8-3-16-r2.dat,8,3,16,2
20190718/user8/user8-3-4-r1.dat,8,3,4,1
20190718/user8/user8-3-35-r2.dat,8,3,35,2
20190718/user8/user8-3-47-r6.dat,8,3,47,6
20190718/user8/user8-4-34-r5.dat,8,4,34,5
20190718/user8/user8-1-3-r1.dat,8,1,3,1
20190718/user8/user8-3-24-r2.dat,8,3,24,2
20190718/user8/user8-3-3-r5.dat,8,3,3,5
20190718/user8/user8-3-7-r5.dat,8,3,7,5
20190718/user8/user8-2-50-r4.dat,8,2,50,4
20190718/user8/user8-1-48-r4.dat,8,1,48,4
20190718/user8/user8-4-47-r3.dat,8,4,47,3
20190718/user8/user8-1-23-r3.dat,8,1,23,3
20190718/user8/user8-2-11-r2.dat,8,2,11,2
20190718/user8/user8-3-37-r4.dat,8,3,37,4
20190718/user8/user8-1-29-r3.dat,8,1,29,3
20190718/user8/user8-4-24-r1.dat,8,4,24,1
20190718/user8/user8-1-13-r3.dat,8,1,13,3
20190718/user8/user8-1-3-r3.dat,8,1,3,3
20190718/user8/user8-3-34-r3.dat,8,3,34,3
20190718/user8/user8-2-29-r3.dat,8,2,29,3
20190718/user8/user8-1-13-r6.dat,8,1,13,6
20190718/user8/user8-4-11-r2.dat,8,4,11,2
20190718/user8/user8-1-17-r2.dat,8,1,17,2
20190718/user8/user8-1-19-r1.dat,8,1,19,1
20190718/user8/user8-1-26-r5.dat,8,1,26,5
20190718/user8/user8-2-14-r4.dat,8,2,14,4
20190718/user8/user8-4-3-r5.dat,8,4,3,5
20190718/user8/user8-1-39-r3.dat,8,1,39,3
20190718/user8/user8-3-19-r1.dat,8,3,19,1
20190718/user8/user8-1-43-r1.dat,8,1,43,1
20190718/user8/user8-1-5-r3.dat,8,1,5,3
20190718/user8/user8-2-34-r1.dat,8,2,34,1
20190718/user8/user8-1-33-r1.dat,8,1,33,1
20190718/user8/user8-3-39-r2.dat,8,3,39,2
20190718/user8/user8-1-37-r2.dat,8,1,37,2
20190718/user8/user8-3-36-r3.dat,8,3,36,3
20190718/user8/user8-4-20-r2.dat,8,4,20,2
20190718/user8/user8-3-30-r4.dat,8,3,30,4
20190718/user8/user8-2-41-r4.dat,8,2,41,4
20190718/user8/user8-2-16-r6.dat,8,2,16,6
20190718/user8/user8-2-22-r6.dat,8,2,22,6
20190718/user8/user8-1-26-r2.dat,8,1,26,2
20190718/user8/user8-1-4-r2.dat,8,1,4,2
20190718/user8/user8-3-15-r6.dat,8,3,15,6
20190718/user8/user8-1-4-r3.dat,8,1,4,3
20190718/user8/user8-1-2-r1.dat,8,1,2,1
20190718/user8/user8-1-37-r6.dat,8,1,37,6
20190718/user8/user8-3-30-r2.dat,8,3,30,2
20190718/user8/user8-4-5-r2.dat,8,4,5,2
20190718/user8/user8-1-9-r6.dat,8,1,9,6
20190718/user8/user8-4-1-r6.dat,8,4,1,6
20190718/user8/user8-2-41-r5.dat,8,2,41,5
20190718/user8/user8-3-28-r1.dat,8,3,28,1
20190718/user8/user8-2-28-r6.dat,8,2,28,6
20190718/user8/user8-3-17-r1.dat,8,3,17,1
20190718/user8/user8-4-30-r4.dat,8,4,30,4
20190718/user8/user8-4-38-r2.dat,8,4,38,2
20190718/user8/user8-4-30-r3.dat,8,4,30,3
20190718/user8/user8-2-17-r6.dat,8,2,17,6
20190718/user8/user8-4-37-r3.dat,8,4,37,3
20190718/user8/user8-3-26-r5.dat,8,3,26,5
20190718/user8/user8-4-41-r6.dat,8,4,41,6
20190718/user8/user8-3-44-r1.dat,8,3,44,1
20190718/user8/user8-3-20-r5.dat,8,3,20,5
20190718/user8/user8-2-1-r5.dat,8,2,1,5
20190718/user8/user8-2-30-r1.dat,8,2,30,1
20190718/user8/user8-3-36-r6.dat,8,3,36,6
20190718/user8/user8-2-27-r4.dat,8,2,27,4
20190718/user8/user8-1-38-r2.dat,8,1,38,2
20190718/user8/user8-4-42-r3.dat,8,4,42,3
20190718/user8/user8-2-38-r1.dat,8,2,38,1
20190718/user8/user8-4-25-r5.dat,8,4,25,5
20190718/user8/user8-4-36-r1.dat,8,4,36,1
20190718/user8/user8-3-32-r3.dat,8,3,32,3
20190718/user8/user8-2-7-r1.dat,8,2,7,1
20190718/user8/user8-4-29-r4.dat,8,4,29,4
20190718/user8/user8-2-22-r2.dat,8,2,22,2
20190718/user8/user8-3-22-r5.dat,8,3,22,5
20190718/user8/user8-1-18-r3.dat,8,1,18,3
20190718/user8/user8-2-21-r2.dat,8,2,21,2
20190718/user8/user8-4-2-r1.dat,8,4,2,1
20190718/user8/user8-1-48-r3.dat,8,1,48,3
20190718/user8/user8-3-19-r2.dat,8,3,19,2
20190718/user8/user8-1-22-r5.dat,8,1,22,5
20190718/user8/user8-4-9-r4.dat,8,4,9,4
20190718/user8/user8-3-44-r6.dat,8,3,44,6
20190718/user8/user8-1-15-r4.dat,8,1,15,4
20190718/user8/user8-4-25-r2.dat,8,4,25,2
20190718/user8/user8-2-12-r4.dat,8,2,12,4
20190718/user8/user8-2-32-r3.dat,8,2,32,3
20190718/user8/user8-4-7-r1.dat,8,4,7,1
20190718/user8/user8-1-44-r1.dat,8,1,44,1
20190718/user8/user8-3-24-r4.dat,8,3,24,4
20190718/user8/user8-1-14-r6.dat,8,1,14,6
20190718/user8/user8-2-13-r3.dat,8,2,13,3
20190718/user8/user8-3-27-r1.dat,8,3,27,1
20190718/user8/user8-2-36-r5.dat,8,2,36,5
20190718/user8/user8-4-33-r6.dat,8,4,33,6
20190718/user8/user8-4-10-r2.dat,8,4,10,2
20190718/user8/user8-4-27-r6.dat,8,4,27,6
20190718/user8/user8-1-11-r4.dat,8,1,11,4
20190718/user8/user8-3-33-r5.dat,8,3,33,5
20190718/user8/user8-1-37-r5.dat,8,1,37,5
20190718/user8/user8-3-2-r1.dat,8,3,2,1
20190718/user8/user8-2-28-r1.dat,8,2,28,1
20190718/user8/user8-2-49-r1.dat,8,2,49,1
20190718/user8/user8-4-6-r6.dat,8,4,6,6
20190718/user8/user8-1-42-r6.dat,8,1,42,6
20190713/user6/user6-2-61-r3.dat,6,2,61,3
20190713/user6/user6-1-95-r6.dat,6,1,95,6
20190713/user6/user6-3-66-r3.dat,6,3,66,3
20190713/user6/user6-4-1-r4.dat,6,4,1,4
20190713/user6/user6-1-5-r2.dat,6,1,5,2
20190713/user6/user6-4-4-r1.dat,6,4,4,1
20190713/user6/user6-2-15-r3.dat,6,2,15,3
20190713/user6/user6-3-69-r1.dat,6,3,69,1
20190713/user6/user6-3-11-r4.dat,6,3,11,4
20190713/user6/user6-3-19-r5.dat,6,3,19,5
20190713/user6/user6-3-8-r5.dat,6,3,8,5
20190713/user6/user6-2-47-r5.dat,6,2,47,5
20190713/user6/user6-3-91-r5.dat,6,3,91,5
20190713/user6/user6-4-53-r5.dat,6,4,53,5
20190713/user6/user6-4-92-r3.dat,6,4,92,3
20190713/user6/user6-2-14-r4.dat,6,2,14,4
20190713/user6/user6-4-63-r5.dat,6,4,63,5
20190713/user6/user6-1-88-r1.dat,6,1,88,1
20190713/user6/user6-3-97-r4.dat,6,3,97,4
20190713/user6/user6-3-15-r2.dat,6,3,15,2
20190713/user6/user6-1-28-r2.dat,6,1,28,2
20190713/user6/user6-2-42-r5.dat,6,2,42,5
20190713/user6/user6-3-33-r4.dat,6,3,33,4
20190713/user6/user6-2-52-r3.dat,6,2,52,3
20190713/user6/user6-2-1-r4.dat,6,2,1,4
20190713/user6/user6-1-55-r6.dat,6,1,55,6
20190713/user6/user6-2-46-r5.dat,6,2,46,5
20190713/user6/user6-4-95-r2.dat,6,4,95,2
20190713/user6/user6-1-26-r4.dat,6,1,26,4
20190713/user6/user6-2-20-r5.dat,6,2,20,5
20190713/user6/user6-1-36-r4.dat,6,1,36,4
20190713/user6/user6-3-100-r6.dat,6,3,100,6
20190713/user6/user6-2-89-r4.dat,6,2,89,4
20190713/user6/user6-4-46-r6.dat,6,4,46,6
20190713/user6/user6-1-56-r3.dat,6,1,56,3
20190713/user6/user6-4-35-r6.dat,6,4,35,6
20190713/user6/user6-1-70-r5.dat,6,1,70,5
20190713/user6/user6-4-40-r6.dat,6,4,40,6
20190713/user6/user6-4-71-r4.dat,6,4,71,4
20190713/user6/user6-3-53-r2.dat,6,3,53,2
20190713/user6/user6-1-12-r2.dat,6,1,12,2
20190713/user6/user6-3-82-r5.dat,6,3,82,5
20190713/user6/user6-2-16-r4.dat,6,2,16,4
20190713/user6/user6-2-69-r3.dat,6,2,69,3
20190713/user6/user6-4-50-r3.dat,6,4,50,3
20190713/user6/user6-4-58-r3.dat,6,4,58,3
20190713/user6/user6-4-57-r3.dat,6,4,57,3
20190713/user6/user6-2-63-r2.dat,6,2,63,2
20190713/user6/user6-1-6-r1.dat,6,1,6,1
20190713/user6/user6-4-11-r2.dat,6,4,11,2
20190713/user6/user6-3-50-r4.dat,6,3,50,4
20190713/user6/user6-2-70-r1.dat,6,2,70,1
20190713/user6/user6-2-72-r5.dat,6,2,72,5
20190713/user6/user6-3-9-r2.dat,6,3,9,2
20190713/user6/user6-4-89-r3.dat,6,4,89,3
20190713/user6/user6-4-34-r3.dat,6,4,34,3
20190713/user6/user6-1-87-r6.dat,6,1,87,6
20190713/user6/user6-1-78-r4.dat,6,1,78,4
20190713/user6/user6-1-28-r3.dat,6,1,28,3
20190713/user6/user6-3-24-r1.dat,6,3,24,1
20190713/user6/user6-2-98-r5.dat,6,2,98,5
20190713/user6/user6-3-27-r5.dat,6,3,27,5
20190713/user6/user6-4-51-r2.dat,6,4,51,2
20190713/user6/user6-2-47-r4.dat,6,2,47,4
20190713/user6/user6-3-29-r6.dat,6,3,29,6
20190713/user6/user6-2-3-r2.dat,6,2,3,2
20190713/user6/user6-1-63-r4.dat,6,1,63,4
20190713/user6/user6-3-25-r4.dat,6,3,25,4
20190713/user6/user6-4-77-r2.dat,6,4,77,2
20190713/user6/user6-3-56-r3.dat,6,3,56,3
20190713/user6/user6-2-81-r1.dat,6,2,81,1
20190713/user6/user6-3-1-r5.dat,6,3,1,5
20190713/user6/user6-3-74-r5.dat,6,3,74,5
20190713/user6/user6-2-4-r6.dat,6,2,4,6
20190713/user6/user6-3-52-r1.dat,6,3,52,1
20190713/user6/user6-4-63-r3.dat,6,4,63,3
20190713/user6/user6-4-48-r4.dat,6,4,48,4
20190713/user6/user6-4-27-r4.dat,6,4,27,4
20190713/user6/user6-3-88-r4.dat,6,3,88,4
20190713/user6/user6-2-32-r2.dat,6,2,32,2
20190713/user6/user6-3-95-r5.dat,6,3,95,5
20190713/user6/user6-4-99-r2.dat,6,4,99,2
20190713/user6/user6-3-70-r6.dat,6,3,70,6
20190713/user6/user6-2-20-r4.dat,6,2,20,4
20190713/user6/user6-1-83-r5.dat,6,1,83,5
20190713/user6/user6-2-18-r6.dat,6,2,18,6
20190713/user6/user6-3-98-r1.dat,6,3,98,1
20190713/user6/user6-1-98-r5.dat,6,1,98,5
20190713/user6/user6-1-39-r4.dat,6,1,39,4
20190713/user6/user6-1-95-r4.dat,6,1,95,4
20190713/user6/user6-1-38-r4.dat,6,1,38,4
20190713/user6/user6-1-84-r1.dat,6,1,84,1
20190713/user6/user6-1-68-r5.dat,6,1,68,5
20190713/user6/user6-1-91-r5.dat,6,1,91,5
20190713/user6/user6-4-27-r5.dat,6,4,27,5
20190713/user6/user6-4-47-r6.dat,6,4,47,6
20190713/user6/user6-4-99-r5.dat,6,4,99,5
20190713/user6/user6-2-47-r1.dat,6,2,47,1
20190713/user6/user6-3-63-r4.dat,6,3,63,4
20190713/user6/user6-1-42-r3.dat,6,1,42,3
20190713/user6/user6-4-12-r4.dat,6,4,12,4
20190713/user6/user6-3-86-r4.dat,6,3,86,4
20190713/user6/user6-1-99-r6.dat,6,1,99,6
20190713/user6/user6-1-24-r5.dat,6,1,24,5
20190713/user6/user6-4-13-r2.dat,6,4,13,2
20190713/user6/user6-4-43-r2.dat,6,4,43,2
20190713/user6/user6-3-67-r6.dat,6,3,67,6
20190713/user6/user6-2-21-r6.dat,6,2,21,6
20190713/user6/user6-2-17-r3.dat,6,2,17,3
20190713/user6/user6-3-58-r2.dat,6,3,58,2
20190713/user6/user6-3-41-r1.dat,6,3,41,1
20190713/user6/user6-1-55-r2.dat,6,1,55,2
20190713/user6/user6-4-28-r1.dat,6,4,28,1
20190713/user6/user6-4-55-r5.dat,6,4,55,5
20190713/user6/user6-1-39-r6.dat,6,1,39,6
20190713/user6/user6-1-11-r4.dat,6,1,11,4
20190713/user6/user6-3-5-r3.dat,6,3,5,3
20190713/user6/user6-4-67-r6.dat,6,4,67,6
20190713/user6/user6-1-33-r6.dat,6,1,33,6
20190713/user6/user6-2-90-r5.dat,6,2,90,5
20190713/user6/user6-4-5-r6.dat,6,4,5,6
20190713/user6/user6-3-82-r1.dat,6,3,82,1
20190713/user6/user6-4-7-r6.dat,6,4,7,6
20190713/user6/user6-2-81-r5.dat,6,2,81,5
20190713/user6/user6-1-44-r6.dat,6,1,44,6
20190713/user6/user6-1-36-r6.dat,6,1,36,6
20190713/user6/user6-4-92-r5.dat,6,4,92,5
20190713/user6/user6-1-20-r2.dat,6,1,20,2
20190713/user6/user6-2-4-r5.dat,6,2,4,5
20190713/user6/user6-4-53-r4.dat,6,4,53,4
20190713/user6/user6-1-92-r3.dat,6,1,92,3
20190713/user6/user6-4-22-r2.dat,6,4,22,2
20190713/user6/user6-4-83-r1.dat,6,4,83,1
20190713/user6/user6-1-4-r4.dat,6,1,4,4
20190713/user6/user6-3-44-r5.dat,6,3,44,5
20190713/user6/user6-4-72-r2.dat,6,4,72,2
20190713/user6/user6-4-8-r1.dat,6,4,8,1
20190713/user6/user6-1-34-r1.dat,6,1,34,1
20190713/user6/user6-2-11-r5.dat,6,2,11,5
20190713/user6/user6-3-43-r6.dat,6,3,43,6
20190713/user6/user6-1-90-r6.dat,6,1,90,6
20190713/user6/user6-4-32-r3.dat,6,4,32,3
20190713/user6/user6-1-17-r5.dat,6,1,17,5
20190713/user6/user6-2-33-r4.dat,6,2,33,4
20190713/user6/user6-3-5-r6.dat,6,3,5,6
20190713/user6/user6-2-92-r3.dat,6,2,92,3
20190713/user6/user6-3-98-r4.dat,6,3,98,4
20190713/user6/user6-1-3-r4.dat,6,1,3,4
20190713/user6/user6-1-15-r6.dat,6,1,15,6
20190713/user6/user6-3-35-r3.dat,6,3,35,3
20190713/user6/user6-1-29-r2.dat,6,1,29,2
20190713/user6/user6-2-14-r6.dat,6,2,14,6
20190713/user6/user6-2-25-r5.dat,6,2,25,5
20190713/user6/user6-3-89-r3.dat,6,3,89,3
20190713/user6/user6-4-46-r4.dat,6,4,46,4
20190713/user6/user6-2-40-r5.dat,6,2,40,5
20190713/user6/user6-3-48-r4.dat,6,3,48,4
20190713/user6/user6-3-44-r4.dat,6,3,44,4
20190713/user6/user6-3-5-r4.dat,6,3,5,4
20190713/user6/user6-3-64-r6.dat,6,3,64,6
20190713/user6/user6-2-1-r5.dat,6,2,1,5
20190713/user6/user6-3-59-r1.dat,6,3,59,1
20190713/user6/user6-2-61-r1.dat,6,2,61,1
20190713/user6/user6-2-58-r2.dat,6,2,58,2
20190713/user6/user6-4-90-r1.dat,6,4,90,1
20190713/user6/user6-4-40-r1.dat,6,4,40,1
20190713/user6/user6-1-100-r6.dat,6,1,100,6
20190713/user6/user6-2-30-r3.dat,6,2,30,3
20190713/user6/user6-3-25-r2.dat,6,3,25,2
20190713/user6/user6-4-24-r5.dat,6,4,24,5
20190713/user6/user6-1-47-r4.dat,6,1,47,4
20190713/user6/user6-4-31-r6.dat,6,4,31,6
20190713/user6/user6-1-81-r5.dat,6,1,81,5
20190713/user6/user6-1-58-r5.dat,6,1,58,5
20190713/user6/user6-4-59-r2.dat,6,4,59,2
20190713/user6/user6-2-13-r3.dat,6,2,13,3
20190713/user6/user6-3-86-r3.dat,6,3,86,3
20190713/user6/user6-4-38-r6.dat,6,4,38,6
20190713/user6/user6-1-36-r2.dat,6,1,36,2
20190713/user6/user6-1-14-r2.dat,6,1,14,2
20190713/user6/user6-1-57-r3.dat,6,1,57,3
20190713/user6/user6-1-97-r5.dat,6,1,97,5
20190713/user6/user6-2-65-r2.dat,6,2,65,2
20190713/user6/user6-1-43-r2.dat,6,1,43,2
20190713/user6/user6-3-74-r4.dat,6,3,74,4
20190713/user6/user6-4-90-r6.dat,6,4,90,6
20190713/user6/user6-3-70-r4.dat,6,3,70,4
20190713/user6/user6-3-51-r6.dat,6,3,51,6
20190713/user6/user6-1-20-r1.dat,6,1,20,1
20190713/user6/user6-1-23-r6.dat,6,1,23,6
20190713/user6/user6-1-17-r2.dat,6,1,17,2
20190713/user6/user6-4-17-r3.dat,6,4,17,3
20190713/user6/user6-4-26-r5.dat,6,4,26,5
20190713/user6/user6-3-73-r6.dat,6,3,73,6
20190713/user6/user6-4-33-r1.dat,6,4,33,1
20190713/user6/user6-4-72-r6.dat,6,4,72,6
20190713/user6/user6-3-91-r6.dat,6,3,91,6
20190713/user6/user6-2-7-r4.dat,6,2,7,4
20190713/user6/user6-2-65-r1.dat,6,2,65,1
20190713/user6/user6-4-89-r6.dat,6,4,89,6
20190713/user6/user6-2-17-r5.dat,6,2,17,5
20190713/user6/user6-2-28-r5.dat,6,2,28,5
20190713/user6/user6-3-76-r4.dat,6,3,76,4
20190713/user6/user6-4-21-r6.dat,6,4,21,6
20190713/user6/user6-1-17-r1.dat,6,1,17,1
20190713/user6/user6-2-66-r6.dat,6,2,66,6
20190713/user6/user6-1-29-r3.dat,6,1,29,3
20190713/user6/user6-1-30-r1.dat,6,1,30,1
20190713/user6/user6-4-14-r5.dat,6,4,14,5
20190713/user6/user6-3-15-r1.dat,6,3,15,1
20190713/user6/user6-4-9-r1.dat,6,4,9,1
20190713/user6/user6-1-29-r4.dat,6,1,29,4
20190713/user6/user6-4-31-r4.dat,6,4,31,4
20190713/user6/user6-4-25-r5.dat,6,4,25,5
20190713/user6/user6-1-83-r3.dat,6,1,83,3
20190713/user6/user6-2-91-r3.dat,6,2,91,3
20190713/user6/user6-4-78-r5.dat,6,4,78,5
20190713/user6/user6-1-93-r3.dat,6,1,93,3
20190713/user6/user6-2-57-r2.dat,6,2,57,2
20190713/user6/user6-4-88-r2.dat,6,4,88,2
20190713/user6/user6-3-29-r5.dat,6,3,29,5
20190713/user6/user6-3-77-r3.dat,6,3,77,3
20190713/user6/user6-1-98-r3.dat,6,1,98,3
20190713/user6/user6-1-32-r5.dat,6,1,32,5
20190713/user6/user6-3-98-r6.dat,6,3,98,6
20190713/user6/user6-4-66-r5.dat,6,4,66,5
20190713/user6/user6-2-98-r6.dat,6,2,98,6
20190713/user6/user6-2-41-r3.dat,6,2,41,3
20190713/user6/user6-2-26-r6.dat,6,2,26,6
20190713/user6/user6-4-17-r6.dat,6,4,17,6
20190713/user6/user6-1-90-r4.dat,6,1,90,4
20190713/user6/user6-2-43-r1.dat,6,2,43,1
20190713/user6/user6-3-36-r3.dat,6,3,36,3
20190713/user6/user6-2-8-r3.dat,6,2,8,3
20190713/user6/user6-3-31-r5.dat,6,3,31,5
20190713/user6/user6-4-35-r3.dat,6,4,35,3
20190713/user6/user6-1-92-r1.dat,6,1,92,1
20190713/user6/user6-2-18-r5.dat,6,2,18,5
20190713/user6/user6-2-93-r6.dat,6,2,93,6
20190713/user6/user6-3-34-r5.dat,6,3,34,5
20190713/user6/user6-3-59-r6.dat,6,3,59,6
20190713/user6/user6-2-49-r6.dat,6,2,49,6
20190713/user6/user6-2-39-r6.dat,6,2,39,6
20190713/user6/user6-1-48-r4.dat,6,1,48,4
20190713/user6/user6-4-29-r2.dat,6,4,29,2
20190713/user6/user6-2-32-r5.dat,6,2,32,5
20190713/user6/user6-2-2-r5.dat,6,2,2,5
20190713/user6/user6-2-74-r2.dat,6,2,74,2
20190713/user6/user6-4-100-r4.dat,6,4,100,4
20190713/user6/user6-1-51-r1.dat,6,1,51,1
20190713/user6/user6-3-46-r4.dat,6,3,46,4
20190713/user6/user6-3-1-r2.dat,6,3,1,2
20190713/user6/user6-1-27-r4.dat,6,1,27,4
20190713/user6/user6-4-84-r3.dat,6,4,84,3
20190713/user6/user6-4-66-r2.dat,6,4,66,2
20190713/user6/user6-1-84-r4.dat,6,1,84,4
20190713/user6/user6-4-80-r1.dat,6,4,80,1
20190713/user6/user6-4-43-r5.dat,6,4,43,5
20190713/user6/user6-1-83-r6.dat,6,1,83,6
20190713/user6/user6-3-76-r1.dat,6,3,76,1
20190713/user6/user6-4-33-r3.dat,6,4,33,3
20190713/user6/user6-2-81-r3.dat,6,2,81,3
20190713/user6/user6-2-66-r3.dat,6,2,66,3
20190713/user6/user6-3-26-r2.dat,6,3,26,2
20190713/user6/user6-3-58-r1.dat,6,3,58,1
20190713/user6/user6-3-29-r2.dat,6,3,29,2
20190713/user6/user6-3-41-r3.dat,6,3,41,3
20190713/user6/user6-1-40-r2.dat,6,1,40,2
20190713/user6/user6-3-46-r3.dat,6,3,46,3
20190713/user6/user6-3-75-r2.dat,6,3,75,2
20190713/user6/user6-4-18-r3.dat,6,4,18,3
20190713/user6/user6-3-83-r5.dat,6,3,83,5
20190713/user6/user6-3-75-r1.dat,6,3,75,1
20190713/user6/user6-1-21-r5.dat,6,1,21,5
20190713/user6/user6-3-20-r3.dat,6,3,20,3
20190713/user6/user6-1-34-r3.dat,6,1,34,3
20190713/user6/user6-1-57-r1.dat,6,1,57,1
20190713/user6/user6-2-67-r6.dat,6,2,67,6
20190713/user6/user6-1-8-r5.dat,6,1,8,5
20190713/user6/user6-2-56-r1.dat,6,2,56,1
20190713/user6/user6-3-8-r3.dat,6,3,8,3
20190713/user6/user6-3-78-r5.dat,6,3,78,5
20190713/user6/user6-3-1-r6.dat,6,3,1,6
20190713/user6/user6-1-57-r5.dat,6,1,57,5
20190713/user6/user6-2-68-r6.dat,6,2,68,6
20190713/user6/user6-2-39-r4.dat,6,2,39,4
20190713/user6/user6-1-90-r3.dat,6,1,90,3
20190713/user6/user6-3-24-r5.dat,6,3,24,5
20190713/user6/user6-1-1-r2.dat,6,1,1,2
20190713/user6/user6-1-58-r6.dat,6,1,58,6
20190713/user6/user6-1-36-r1.dat,6,1,36,1
20190713/user6/user6-1-16-r3.dat,6,1,16,3
20190713/user6/user6-3-4-r5.dat,6,3,4,5
20190713/user6/user6-4-55-r3.dat,6,4,55,3
20190713/user6/user6-1-89-r4.dat,6,1,89,4
20190713/user6/user6-3-54-r6.dat,6,3,54,6
20190713/user6/user6-1-21-r6.dat,6,1,21,6
20190713/user6/user6-1-6-r3.dat,6,1,6,3
20190713/user6/user6-1-7-r2.dat,6,1,7,2
20190713/user6/user6-4-20-r4.dat,6,4,20,4
20190713/user6/user6-2-29-r3.dat,6,2,29,3
20190713/user6/user6-1-15-r4.dat,6,1,15,4
20190713/user6/user6-1-45-r5.dat,6,1,45,5
20190713/user6/user6-4-61-r3.dat,6,4,61,3
20190713/user6/user6-1-72-r4.dat,6,1,72,4
20190713/user6/user6-3-68-r3.dat,6,3,68,3
20190713/user6/user6-1-31-r3.dat,6,1,31,3
20190713/user6/user6-2-49-r2.dat,6,2,49,2
20190713/user6/user6-1-100-r2.dat,6,1,100,2
20190713/user6/user6-2-44-r4.dat,6,2,44,4
20190713/user6/user6-2-67-r4.dat,6,2,67,4
20190713/user6/user6-1-87-r1.dat,6,1,87,1
20190713/user6/user6-1-13-r3.dat,6,1,13,3
20190713/user6/user6-2-80-r5.dat,6,2,80,5
20190713/user6/user6-2-21-r1.dat,6,2,21,1
20190713/user6/user6-3-57-r2.dat,6,3,57,2
20190713/user6/user6-4-46-r5.dat,6,4,46,5
20190713/user6/user6-1-96-r3.dat,6,1,96,3
20190713/user6/user6-4-39-r5.dat,6,4,39,5
20190713/user6/user6-2-66-r1.dat,6,2,66,1
20190713/user6/user6-2-15-r5.dat,6,2,15,5
20190713/user6/user6-2-64-r5.dat,6,2,64,5
20190713/user6/user6-3-19-r1.dat,6,3,19,1
20190713/user6/user6-4-79-r2.dat,6,4,79,2
20190713/user6/user6-4-37-r1.dat,6,4,37,1
20190713/user6/user6-4-97-r5.dat,6,4,97,5
20190713/user6/user6-4-34-r6.dat,6,4,34,6
20190713/user6/user6-2-66-r4.dat,6,2,66,4
20190713/user6/user6-1-67-r5.dat,6,1,67,5
20190713/user6/user6-1-42-r2.dat,6,1,42,2
20190713/user6/user6-3-42-r1.dat,6,3,42,1
20190713/user6/user6-4-40-r4.dat,6,4,40,4
20190713/user6/user6-1-14-r5.dat,6,1,14,5
20190713/user6/user6-3-76-r3.dat,6,3,76,3
20190713/user6/user6-4-22-r5.dat,6,4,22,5
20190713/user6/user6-2-45-r6.dat,6,2,45,6
20190713/user6/user6-2-95-r4.dat,6,2,95,4
20190713/user6/user6-2-94-r4.dat,6,2,94,4
20190713/user6/user6-3-92-r1.dat,6,3,92,1
20190713/user6/user6-1-49-r5.dat,6,1,49,5
20190713/user6/user6-4-22-r4.dat,6,4,22,4
20190713/user6/user6-3-62-r5.dat,6,3,62,5
20190713/user6/user6-1-85-r1.dat,6,1,85,1
20190713/user6/user6-4-83-r2.dat,6,4,83,2
20190713/user6/user6-3-37-r5.dat,6,3,37,5
20190713/user6/user6-4-7-r3.dat,6,4,7,3
20190713/user6/user6-3-66-r5.dat,6,3,66,5
20190713/user6/user6-3-55-r4.dat,6,3,55,4
20190713/user6/user6-3-77-r2.dat,6,3,77,2
20190713/user6/user6-1-93-r2.dat,6,1,93,2
20190713/user6/user6-2-83-r3.dat,6,2,83,3
20190713/user6/user6-4-2-r6.dat,6,4,2,6
20190713/user6/user6-4-97-r4.dat,6,4,97,4
20190713/user6/user6-1-94-r1.dat,6,1,94,1
20190713/user6/user6-1-19-r3.dat,6,1,19,3
20190713/user6/user6-1-100-r4.dat,6,1,100,4
20190713/user6/user6-3-32-r3.dat,6,3,32,3
20190713/user6/user6-4-80-r5.dat,6,4,80,5
20190713/user6/user6-4-58-r4.dat,6,4,58,4
20190713/user6/user6-1-67-r4.dat,6,1,67,4
20190713/user6/user6-3-72-r4.dat,6,3,72,4
20190713/user6/user6-3-10-r4.dat,6,3,10,4
20190713/user6/user6-1-27-r5.dat,6,1,27,5
20190713/user6/user6-2-17-r6.dat,6,2,17,6
20190713/user6/user6-3-57-r4.dat,6,3,57,4
20190713/user6/user6-1-63-r2.dat,6,1,63,2
20190713/user6/user6-2-89-r1.dat,6,2,89,1
20190713/user6/user6-2-88-r3.dat,6,2,88,3
20190713/user6/user6-4-36-r3.dat,6,4,36,3
20190713/user6/user6-1-38-r1.dat,6,1,38,1
20190713/user6/user6-2-5-r2.dat,6,2,5,2
20190713/user6/user6-4-3-r6.dat,6,4,3,6
20190713/user6/user6-4-90-r5.dat,6,4,90,5
20190713/user6/user6-3-21-r3.dat,6,3,21,3
20190713/user6/user6-1-33-r3.dat,6,1,33,3
20190713/user6/user6-3-46-r2.dat,6,3,46,2
20190713/user6/user6-3-6-r4.dat,6,3,6,4
20190713/user6/user6-3-2-r4.dat,6,3,2,4
20190713/user6/user6-4-11-r4.dat,6,4,11,4
20190713/user6/user6-2-96-r2.dat,6,2,96,2
20190713/user6/user6-1-100-r3.dat,6,1,100,3
20190713/user6/user6-3-30-r3.dat,6,3,30,3
20190713/user6/user6-3-81-r2.dat,6,3,81,2
20190713/user6/user6-2-100-r3.dat,6,2,100,3
20190713/user6/user6-2-46-r3.dat,6,2,46,3
20190713/user6/user6-2-63-r6.dat,6,2,63,6
20190713/user6/user6-1-65-r4.dat,6,1,65,4
20190713/user6/user6-4-74-r4.dat,6,4,74,4
20190713/user6/user6-4-47-r3.dat,6,4,47,3
20190713/user6/user6-2-61-r6.dat,6,2,61,6
20190713/user6/user6-1-28-r6.dat,6,1,28,6
20190713/user6/user6-1-91-r4.dat,6,1,91,4
20190713/user6/user6-4-50-r5.dat,6,4,50,5
20190713/user6/user6-2-36-r3.dat,6,2,36,3
20190713/user6/user6-3-7-r5.dat,6,3,7,5
20190713/user6/user6-3-90-r2.dat,6,3,90,2
20190713/user6/user6-3-1-r4.dat,6,3,1,4
20190713/user6/user6-3-20-r6.dat,6,3,20,6
20190713/user6/user6-4-11-r3.dat,6,4,11,3
20190713/user6/user6-1-52-r1.dat,6,1,52,1
20190713/user6/user6-3-94-r5.dat,6,3,94,5
20190713/user6/user6-4-53-r2.dat,6,4,53,2
20190713/user6/user6-1-16-r5.dat,6,1,16,5
20190713/user6/user6-3-39-r3.dat,6,3,39,3
20190713/user6/user6-4-41-r6.dat,6,4,41,6
20190713/user6/user6-1-76-r6.dat,6,1,76,6
20190713/user6/user6-4-51-r6.dat,6,4,51,6
20190713/user6/user6-1-8-r1.dat,6,1,8,1
20190713/user6/user6-3-20-r4.dat,6,3,20,4
20190713/user6/user6-2-53-r6.dat,6,2,53,6
20190713/user6/user6-4-61-r5.dat,6,4,61,5
20190713/user6/user6-1-58-r1.dat,6,1,58,1
20190713/user6/user6-3-3-r1.dat,6,3,3,1
20190713/user6/user6-1-6-r4.dat,6,1,6,4
20190713/user6/user6-3-87-r4.dat,6,3,87,4
20190713/user6/user6-4-56-r1.dat,6,4,56,1
20190713/user6/user6-4-57-r5.dat,6,4,57,5
20190713/user6/user6-2-87-r6.dat,6,2,87,6
20190713/user6/user6-3-43-r2.dat,6,3,43,2
20190713/user6/user6-4-63-r2.dat,6,4,63,2
20190713/user6/user6-3-64-r1.dat,6,3,64,1
20190713/user6/user6-2-19-r4.dat,6,2,19,4
20190713/user6/user6-4-85-r3.dat,6,4,85,3
20190713/user6/user6-2-58-r3.dat,6,2,58,3
20190713/user6/user6-1-4-r6.dat,6,1,4,6
20190713/user6/user6-4-78-r2.dat,6,4,78,2
20190713/user6/user6-1-69-r2.dat,6,1,69,2
20190713/user6/user6-1-98-r4.dat,6,1,98,4
20190713/user6/user6-3-63-r3.dat,6,3,63,3
20190713/user6/user6-2-7-r6.dat,6,2,7,6
20190713/user6/user6-2-59-r1.dat,6,2,59,1
20190713/user6/user6-1-90-r5.dat,6,1,90,5
20190713/user6/user6-2-85-r3.dat,6,2,85,3
20190713/user6/user6-3-10-r5.dat,6,3,10,5
20190713/user6/user6-4-78-r4.dat,6,4,78,4
20190713/user6/user6-1-33-r4.dat,6,1,33,4
20190713/user6/user6-1-43-r1.dat,6,1,43,1
20190713/user6/user6-1-91-r1.dat,6,1,91,1
20190713/user6/user6-3-40-r2.dat,6,3,40,2
20190713/user6/user6-3-72-r1.dat,6,3,72,1
20190713/user6/user6-3-91-r3.dat,6,3,91,3
20190713/user6/user6-4-63-r1.dat,6,4,63,1
20190713/user6/user6-1-19-r4.dat,6,1,19,4
20190713/user6/user6-2-49-r5.dat,6,2,49,5
20190713/user6/user6-1-21-r2.dat,6,1,21,2
20190713/user6/user6-2-78-r2.dat,6,2,78,2
20190713/user6/user6-3-36-r1.dat,6,3,36,1
20190713/user6/user6-1-29-r1.dat,6,1,29,1
20190713/user6/user6-4-75-r1.dat,6,4,75,1
20190713/user6/user6-3-74-r1.dat,6,3,74,1
20190713/user6/user6-4-52-r3.dat,6,4,52,3
20190713/user6/user6-1-26-r2.dat,6,1,26,2
20190713/user6/user6-3-41-r6.dat,6,3,41,6
20190713/user6/user6-2-80-r3.dat,6,2,80,3
20190713/user6/user6-1-78-r2.dat,6,1,78,2
20190713/user6/user6-3-1-r3.dat,6,3,1,3
20190713/user6/user6-4-57-r4.dat,6,4,57,4
20190713/user6/user6-3-42-r5.dat,6,3,42,5
20190713/user6/user6-4-94-r3.dat,6,4,94,3
20190713/user6/user6-1-43-r3.dat,6,1,43,3
20190713/user6/user6-3-82-r2.dat,6,3,82,2
20190713/user6/user6-4-63-r6.dat,6,4,63,6
20190713/user6/user6-2-70-r6.dat,6,2,70,6
20190713/user6/user6-4-82-r6.dat,6,4,82,6
20190713/user6/user6-2-22-r3.dat,6,2,22,3
20190713/user6/user6-1-80-r4.dat,6,1,80,4
20190713/user6/user6-1-50-r4.dat,6,1,50,4
20190713/user6/user6-4-41-r3.dat,6,4,41,3
20190713/user6/user6-1-56-r2.dat,6,1,56,2
20190713/user6/user6-4-20-r2.dat,6,4,20,2
20190713/user6/user6-3-20-r1.dat,6,3,20,1
20190713/user6/user6-1-76-r4.dat,6,1,76,4
20190713/user6/user6-4-88-r6.dat,6,4,88,6
20190713/user6/user6-4-71-r1.dat,6,4,71,1
20190713/user6/user6-1-89-r6.dat,6,1,89,6
20190713/user6/user6-3-58-r3.dat,6,3,58,3
20190713/user6/user6-1-15-r1.dat,6,1,15,1
20190713/user6/user6-3-88-r5.dat,6,3,88,5
20190713/user6/user6-1-83-r1.dat,6,1,83,1
20190713/user6/user6-1-99-r1.dat,6,1,99,1
20190713/user6/user6-1-99-r2.dat,6,1,99,2
20190713/user6/user6-3-83-r6.dat,6,3,83,6
20190713/user6/user6-1-34-r2.dat,6,1,34,2
20190713/user6/user6-2-76-r1.dat,6,2,76,1
20190713/user6/user6-2-73-r1.dat,6,2,73,1
20190713/user6/user6-4-1-r3.dat,6,4,1,3
20190713/user6/user6-4-47-r1.dat,6,4,47,1
20190713/user6/user6-3-79-r3.dat,6,3,79,3
20190713/user6/user6-1-99-r3.dat,6,1,99,3
20190713/user6/user6-1-80-r3.dat,6,1,80,3
20190713/user6/user6-2-96-r6.dat,6,2,96,6
20190713/user6/user6-3-92-r2.dat,6,3,92,2
20190713/user6/user6-1-92-r2.dat,6,1,92,2
20190713/user6/user6-4-68-r1.dat,6,4,68,1
20190713/user6/user6-2-99-r6.dat,6,2,99,6
20190713/user6/user6-3-96-r2.dat,6,3,96,2
20190713/user6/user6-2-24-r6.dat,6,2,24,6
20190713/user6/user6-4-67-r2.dat,6,4,67,2
20190713/user6/user6-4-70-r1.dat,6,4,70,1
20190713/user6/user6-2-14-r3.dat,6,2,14,3
20190713/user6/user6-4-85-r1.dat,6,4,85,1
20190713/user6/user6-2-8-r5.dat,6,2,8,5
20190713/user6/user6-2-48-r4.dat,6,2,48,4
20190713/user6/user6-1-59-r3.dat,6,1,59,3
20190713/user6/user6-1-23-r2.dat,6,1,23,2
20190713/user6/user6-1-7-r4.dat,6,1,7,4
20190713/user6/user6-1-85-r2.dat,6,1,85,2
20190713/user6/user6-3-62-r3.dat,6,3,62,3
20190713/user6/user6-4-27-r2.dat,6,4,27,2
20190713/user6/user6-4-60-r2.dat,6,4,60,2
20190713/user6/user6-3-74-r2.dat,6,3,74,2
20190713/user6/user6-2-79-r6.dat,6,2,79,6
20190713/user6/user6-1-47-r2.dat,6,1,47,2
20190713/user6/user6-3-94-r3.dat,6,3,94,3
20190713/user6/user6-1-89-r2.dat,6,1,89,2
20190713/user6/user6-2-46-r1.dat,6,2,46,1
20190713/user6/user6-4-52-r5.dat,6,4,52,5
20190713/user6/user6-2-48-r5.dat,6,2,48,5
20190713/user6/user6-1-18-r4.dat,6,1,18,4
20190713/user6/user6-3-69-r6.dat,6,3,69,6
20190713/user6/user6-3-34-r3.dat,6,3,34,3
20190713/user6/user6-1-87-r2.dat,6,1,87,2
20190713/user6/user6-4-16-r6.dat,6,4,16,6
20190713/user6/user6-1-80-r5.dat,6,1,80,5
20190713/user6/user6-2-76-r3.dat,6,2,76,3
20190713/user6/user6-2-30-r6.dat,6,2,30,6
20190713/user6/user6-4-45-r5.dat,6,4,45,5
20190713/user6/user6-1-31-r2.dat,6,1,31,2
20190713/user6/user6-1-94-r3.dat,6,1,94,3
20190713/user6/user6-3-49-r1.dat,6,3,49,1
20190713/user6/user6-2-64-r1.dat,6,2,64,1
20190713/user6/user6-3-93-r2.dat,6,3,93,2
20190713/user6/user6-1-33-r1.dat,6,1,33,1
20190713/user6/user6-4-42-r5.dat,6,4,42,5
20190713/user6/user6-4-66-r4.dat,6,4,66,4
20190713/user6/user6-1-5-r4.dat,6,1,5,4
20190713/user6/user6-3-15-r3.dat,6,3,15,3
20190713/user6/user6-1-77-r2.dat,6,1,77,2
20190713/user6/user6-2-100-r2.dat,6,2,100,2
20190713/user6/user6-4-89-r4.dat,6,4,89,4
20190713/user6/user6-1-6-r2.dat,6,1,6,2
20190713/user6/user6-3-27-r4.dat,6,3,27,4
20190713/user6/user6-2-2-r6.dat,6,2,2,6
20190713/user6/user6-2-28-r2.dat,6,2,28,2
20190713/user6/user6-2-35-r6.dat,6,2,35,6
20190713/user6/user6-4-61-r2.dat,6,4,61,2
20190713/user6/user6-1-48-r1.dat,6,1,48,1
20190713/user6/user6-2-93-r5.dat,6,2,93,5
20190713/user6/user6-1-1-r6.dat,6,1,1,6
20190713/user6/user6-4-59-r4.dat,6,4,59,4
20190713/user6/user6-1-38-r5.dat,6,1,38,5
20190713/user6/user6-4-33-r2.dat,6,4,33,2
20190713/user6/user6-4-97-r2.dat,6,4,97,2
20190713/user6/user6-1-53-r1.dat,6,1,53,1
20190713/user6/user6-4-61-r6.dat,6,4,61,6
20190713/user6/user6-4-96-r1.dat,6,4,96,1
20190713/user6/user6-1-25-r6.dat,6,1,25,6
20190713/user6/user6-3-85-r3.dat,6,3,85,3
20190713/user6/user6-1-39-r5.dat,6,1,39,5
20190713/user6/user6-4-76-r5.dat,6,4,76,5
20190713/user6/user6-3-27-r6.dat,6,3,27,6
20190713/user6/user6-3-65-r6.dat,6,3,65,6
20190713/user6/user6-4-43-r4.dat,6,4,43,4
20190713/user6/user6-1-25-r3.dat,6,1,25,3
20190713/user6/user6-2-41-r2.dat,6,2,41,2
20190713/user6/user6-3-12-r1.dat,6,3,12,1
20190713/user6/user6-4-57-r1.dat,6,4,57,1
20190713/user6/user6-4-32-r6.dat,6,4,32,6
20190713/user6/user6-4-35-r1.dat,6,4,35,1
20190713/user6/user6-3-90-r1.dat,6,3,90,1
20190713/user6/user6-1-70-r1.dat,6,1,70,1
20190713/user6/user6-1-39-r2.dat,6,1,39,2
20190713/user6/user6-4-18-r1.dat,6,4,18,1
20190713/user6/user6-2-23-r1.dat,6,2,23,1
20190713/user6/user6-4-68-r6.dat,6,4,68,6
20190713/user6/user6-1-10-r6.dat,6,1,10,6
20190713/user6/user6-4-54-r4.dat,6,4,54,4
20190713/user6/user6-1-35-r4.dat,6,1,35,4
20190713/user6/user6-1-42-r1.dat,6,1,42,1
20190713/user6/user6-2-82-r3.dat,6,2,82,3
20190713/user6/user6-3-37-r2.dat,6,3,37,2
20190713/user6/user6-4-86-r3.dat,6,4,86,3
20190713/user6/user6-2-72-r6.dat,6,2,72,6
20190713/user6/user6-2-60-r5.dat,6,2,60,5
20190713/user6/user6-3-64-r5.dat,6,3,64,5
20190713/user6/user6-2-83-r2.dat,6,2,83,2
20190713/user6/user6-1-39-r1.dat,6,1,39,1
20190713/user6/user6-4-13-r5.dat,6,4,13,5
20190713/user6/user6-3-78-r1.dat,6,3,78,1
20190713/user6/user6-4-13-r1.dat,6,4,13,1
20190713/user6/user6-4-4-r6.dat,6,4,4,6
20190713/user6/user6-2-71-r1.dat,6,2,71,1
20190713/user6/user6-4-77-r6.dat,6,4,77,6
20190713/user6/user6-1-52-r2.dat,6,1,52,2
20190713/user6/user6-3-92-r3.dat,6,3,92,3
20190713/user6/user6-1-49-r1.dat,6,1,49,1
20190713/user6/user6-2-51-r4.dat,6,2,51,4
20190713/user6/user6-3-30-r1.dat,6,3,30,1
20190713/user6/user6-3-41-r4.dat,6,3,41,4
20190713/user6/user6-4-73-r1.dat,6,4,73,1
20190713/user6/user6-1-62-r1.dat,6,1,62,1
20190713/user6/user6-2-30-r2.dat,6,2,30,2
20190713/user6/user6-4-66-r3.dat,6,4,66,3
20190713/user6/user6-2-37-r3.dat,6,2,37,3
20190713/user6/user6-1-41-r1.dat,6,1,41,1
20190713/user6/user6-4-48-r5.dat,6,4,48,5
20190713/user6/user6-4-75-r4.dat,6,4,75,4
20190713/user6/user6-2-79-r2.dat,6,2,79,2
20190713/user6/user6-4-94-r5.dat,6,4,94,5
20190713/user6/user6-4-74-r5.dat,6,4,74,5
20190713/user6/user6-4-29-r6.dat,6,4,29,6
20190713/user6/user6-3-43-r5.dat,6,3,43,5
20190713/user6/user6-1-6-r6.dat,6,1,6,6
20190713/user6/user6-3-26-r6.dat,6,3,26,6
20190713/user6/user6-2-55-r6.dat,6,2,55,6
20190713/user6/user6-2-48-r3.dat,6,2,48,3
20190713/user6/user6-4-94-r6.dat,6,4,94,6
20190713/user6/user6-1-41-r4.dat,6,1,41,4
20190713/user6/user6-1-60-r5.dat,6,1,60,5
20190713/user6/user6-3-36-r2.dat,6,3,36,2
20190713/user6/user6-3-10-r2.dat,6,3,10,2
20190713/user6/user6-2-44-r6.dat,6,2,44,6
20190713/user6/user6-3-30-r2.dat,6,3,30,2
20190713/user6/user6-1-95-r3.dat,6,1,95,3
20190713/user6/user6-3-19-r6.dat,6,3,19,6
20190713/user6/user6-3-33-r1.dat,6,3,33,1
20190713/user6/user6-2-44-r2.dat,6,2,44,2
20190713/user6/user6-2-96-r4.dat,6,2,96,4
20190713/user6/user6-1-21-r1.dat,6,1,21,1
20190713/user6/user6-2-76-r4.dat,6,2,76,4
20190713/user6/user6-1-2-r3.dat,6,1,2,3
20190713/user6/user6-4-20-r1.dat,6,4,20,1
20190713/user6/user6-1-71-r5.dat,6,1,71,5
20190713/user6/user6-4-77-r1.dat,6,4,77,1
20190713/user6/user6-3-18-r1.dat,6,3,18,1
20190713/user6/user6-3-81-r3.dat,6,3,81,3
20190713/user6/user6-2-92-r4.dat,6,2,92,4
20190713/user6/user6-2-100-r1.dat,6,2,100,1
20190713/user6/user6-3-65-r5.dat,6,3,65,5
20190713/user6/user6-3-39-r1.dat,6,3,39,1
20190713/user6/user6-2-20-r6.dat,6,2,20,6
20190713/user6/user6-2-53-r2.dat,6,2,53,2
20190713/user6/user6-2-77-r3.dat,6,2,77,3
20190713/user6/user6-1-59-r5.dat,6,1,59,5
20190713/user6/user6-4-49-r5.dat,6,4,49,5
20190713/user6/user6-3-95-r2.dat,6,3,95,2
20190713/user6/user6-4-12-r1.dat,6,4,12,1
20190713/user6/user6-3-93-r4.dat,6,3,93,4
20190713/user6/user6-4-55-r4.dat,6,4,55,4
20190713/user6/user6-1-56-r1.dat,6,1,56,1
20190713/user6/user6-3-23-r4.dat,6,3,23,4
20190713/user6/user6-3-95-r4.dat,6,3,95,4
20190713/user6/user6-2-12-r6.dat,6,2,12,6
20190713/user6/user6-4-24-r4.dat,6,4,24,4
20190713/user6/user6-3-6-r3.dat,6,3,6,3
20190713/user6/user6-1-23-r1.dat,6,1,23,1
20190713/user6/user6-4-43-r3.dat,6,4,43,3
20190713/user6/user6-2-85-r4.dat,6,2,85,4
20190713/user6/user6-2-26-r3.dat,6,2,26,3
20190713/user6/user6-2-56-r3.dat,6,2,56,3
20190713/user6/user6-1-4-r1.dat,6,1,4,1
20190713/user6/user6-2-21-r5.dat,6,2,21,5
20190713/user6/user6-4-5-r2.dat,6,4,5,2
20190713/user6/user6-3-40-r1.dat,6,3,40,1
20190713/user6/user6-4-15-r4.dat,6,4,15,4
20190713/user6/user6-3-91-r1.dat,6,3,91,1
20190713/user6/user6-4-25-r2.dat,6,4,25,2
20190713/user6/user6-2-76-r2.dat,6,2,76,2
20190713/user6/user6-4-32-r1.dat,6,4,32,1
20190713/user6/user6-3-16-r1.dat,6,3,16,1
20190713/user6/user6-1-87-r4.dat,6,1,87,4
20190713/user6/user6-4-29-r1.dat,6,4,29,1
20190713/user6/user6-3-49-r2.dat,6,3,49,2
20190713/user6/user6-3-14-r5.dat,6,3,14,5
20190713/user6/user6-2-77-r1.dat,6,2,77,1
20190713/user6/user6-2-72-r3.dat,6,2,72,3
20190713/user6/user6-1-72-r1.dat,6,1,72,1
20190713/user6/user6-3-31-r4.dat,6,3,31,4
20190713/user6/user6-2-27-r5.dat,6,2,27,5
20190713/user6/user6-3-73-r5.dat,6,3,73,5
20190713/user6/user6-4-32-r5.dat,6,4,32,5
20190713/user6/user6-2-55-r3.dat,6,2,55,3
20190713/user6/user6-1-66-r6.dat,6,1,66,6
20190713/user6/user6-3-49-r3.dat,6,3,49,3
20190713/user6/user6-2-28-r1.dat,6,2,28,1
20190713/user6/user6-1-82-r4.dat,6,1,82,4
20190713/user6/user6-1-53-r2.dat,6,1,53,2
20190713/user6/user6-4-60-r4.dat,6,4,60,4
20190713/user6/user6-2-22-r1.dat,6,2,22,1
20190713/user6/user6-1-24-r6.dat,6,1,24,6
20190713/user6/user6-2-22-r2.dat,6,2,22,2
20190713/user6/user6-2-15-r2.dat,6,2,15,2
20190713/user6/user6-1-86-r5.dat,6,1,86,5
20190713/user6/user6-3-65-r4.dat,6,3,65,4
20190713/user6/user6-3-60-r3.dat,6,3,60,3
20190713/user6/user6-1-79-r4.dat,6,1,79,4
20190713/user6/user6-3-45-r6.dat,6,3,45,6
20190713/user6/user6-1-83-r4.dat,6,1,83,4
20190713/user6/user6-3-75-r3.dat,6,3,75,3
20190713/user6/user6-4-56-r6.dat,6,4,56,6
20190713/user6/user6-3-55-r6.dat,6,3,55,6
20190713/user6/user6-1-12-r4.dat,6,1,12,4
20190713/user6/user6-2-25-r1.dat,6,2,25,1
20190713/user6/user6-4-41-r5.dat,6,4,41,5
20190713/user6/user6-2-94-r2.dat,6,2,94,2
20190713/user6/user6-4-82-r5.dat,6,4,82,5
20190713/user6/user6-4-78-r1.dat,6,4,78,1
20190713/user6/user6-2-50-r4.dat,6,2,50,4
20190713/user6/user6-4-80-r2.dat,6,4,80,2
20190713/user6/user6-2-17-r4.dat,6,2,17,4
20190713/user6/user6-4-92-r6.dat,6,4,92,6
20190713/user6/user6-3-50-r6.dat,6,3,50,6
20190713/user6/user6-4-43-r6.dat,6,4,43,6
20190713/user6/user6-4-65-r5.dat,6,4,65,5
20190713/user6/user6-3-60-r4.dat,6,3,60,4
20190713/user6/user6-3-52-r5.dat,6,3,52,5
20190713/user6/user6-2-38-r1.dat,6,2,38,1
20190713/user6/user6-3-24-r4.dat,6,3,24,4
20190713/user6/user6-1-46-r3.dat,6,1,46,3
20190713/user6/user6-2-84-r6.dat,6,2,84,6
20190713/user6/user6-2-67-r2.dat,6,2,67,2
20190713/user6/user6-2-72-r1.dat,6,2,72,1
20190713/user6/user6-2-40-r4.dat,6,2,40,4
20190713/user6/user6-1-71-r6.dat,6,1,71,6
20190713/user6/user6-4-31-r3.dat,6,4,31,3
20190713/user6/user6-4-25-r1.dat,6,4,25,1
20190713/user6/user6-2-79-r1.dat,6,2,79,1
20190713/user6/user6-2-52-r6.dat,6,2,52,6
20190713/user6/user6-4-51-r1.dat,6,4,51,1
20190713/user6/user6-3-78-r4.dat,6,3,78,4
20190713/user6/user6-4-74-r3.dat,6,4,74,3
20190713/user6/user6-1-54-r6.dat,6,1,54,6
20190713/user6/user6-4-91-r3.dat,6,4,91,3
20190713/user6/user6-1-54-r3.dat,6,1,54,3
20190713/user6/user6-3-26-r3.dat,6,3,26,3
20190713/user6/user6-1-66-r3.dat,6,1,66,3
20190713/user6/user6-3-13-r4.dat,6,3,13,4
20190713/user6/user6-3-45-r5.dat,6,3,45,5
20190713/user6/user6-2-26-r5.dat,6,2,26,5
20190713/user6/user6-3-31-r2.dat,6,3,31,2
20190713/user6/user6-2-8-r6.dat,6,2,8,6
20190713/user6/user6-1-45-r4.dat,6,1,45,4
20190713/user6/user6-4-21-r1.dat,6,4,21,1
20190713/user6/user6-4-62-r1.dat,6,4,62,1
20190713/user6/user6-1-2-r2.dat,6,1,2,2
20190713/user6/user6-2-80-r6.dat,6,2,80,6
20190713/user6/user6-4-15-r6.dat,6,4,15,6
20190713/user6/user6-2-82-r1.dat,6,2,82,1
20190713/user6/user6-4-9-r5.dat,6,4,9,5
20190713/user6/user6-1-91-r2.dat,6,1,91,2
20190713/user6/user6-4-21-r2.dat,6,4,21,2
20190713/user6/user6-2-92-r2.dat,6,2,92,2
20190713/user6/user6-3-75-r6.dat,6,3,75,6
20190713/user6/user6-1-1-r5.dat,6,1,1,5
20190713/user6/user6-1-50-r6.dat,6,1,50,6
20190713/user6/user6-3-86-r6.dat,6,3,86,6
20190713/user6/user6-2-50-r6.dat,6,2,50,6
20190713/user6/user6-2-99-r3.dat,6,2,99,3
20190713/user6/user6-4-35-r5.dat,6,4,35,5
20190713/user6/user6-3-78-r6.dat,6,3,78,6
20190713/user6/user6-3-45-r1.dat,6,3,45,1
20190713/user6/user6-2-90-r6.dat,6,2,90,6
20190713/user6/user6-4-58-r6.dat,6,4,58,6
20190713/user6/user6-4-5-r5.dat,6,4,5,5
20190713/user6/user6-4-81-r3.dat,6,4,81,3
20190713/user6/user6-2-11-r1.dat,6,2,11,1
20190713/user6/user6-1-89-r3.dat,6,1,89,3
20190713/user6/user6-3-47-r5.dat,6,3,47,5
20190713/user6/user6-3-55-r3.dat,6,3,55,3
20190713/user6/user6-1-48-r3.dat,6,1,48,3
20190713/user6/user6-1-62-r5.dat,6,1,62,5
20190713/user6/user6-1-77-r1.dat,6,1,77,1
20190713/user6/user6-3-59-r4.dat,6,3,59,4
20190713/user6/user6-2-68-r5.dat,6,2,68,5
20190713/user6/user6-4-23-r5.dat,6,4,23,5
20190713/user6/user6-1-70-r4.dat,6,1,70,4
20190713/user6/user6-1-49-r4.dat,6,1,49,4
20190713/user6/user6-1-18-r5.dat,6,1,18,5
20190713/user6/user6-4-3-r4.dat,6,4,3,4
20190713/user6/user6-3-77-r1.dat,6,3,77,1
20190713/user6/user6-4-89-r2.dat,6,4,89,2
20190713/user6/user6-1-40-r4.dat,6,1,40,4
20190713/user6/user6-3-90-r5.dat,6,3,90,5
20190713/user6/user6-3-61-r6.dat,6,3,61,6
20190713/user6/user6-4-99-r6.dat,6,4,99,6
20190713/user6/user6-2-33-r6.dat,6,2,33,6
20190713/user6/user6-3-65-r2.dat,6,3,65,2
20190713/user6/user6-1-8-r2.dat,6,1,8,2
20190713/user6/user6-4-30-r4.dat,6,4,30,4
20190713/user6/user6-1-50-r2.dat,6,1,50,2
20190713/user6/user6-3-28-r1.dat,6,3,28,1
20190713/user6/user6-4-71-r5.dat,6,4,71,5
20190713/user6/user6-2-10-r5.dat,6,2,10,5
20190713/user6/user6-3-99-r3.dat,6,3,99,3
20190713/user6/user6-4-7-r1.dat,6,4,7,1
20190713/user6/user6-2-51-r6.dat,6,2,51,6
20190713/user6/user6-3-79-r1.dat,6,3,79,1
20190713/user6/user6-1-62-r4.dat,6,1,62,4
20190713/user6/user6-2-82-r5.dat,6,2,82,5
20190713/user6/user6-1-50-r1.dat,6,1,50,1
20190713/user6/user6-1-63-r3.dat,6,1,63,3
20190713/user6/user6-3-8-r2.dat,6,3,8,2
20190713/user6/user6-2-95-r6.dat,6,2,95,6
20190713/user6/user6-1-7-r6.dat,6,1,7,6
20190713/user6/user6-3-80-r4.dat,6,3,80,4
20190713/user6/user6-2-12-r5.dat,6,2,12,5
20190713/user6/user6-2-94-r3.dat,6,2,94,3
20190713/user6/user6-2-40-r1.dat,6,2,40,1
20190713/user6/user6-2-98-r3.dat,6,2,98,3
20190713/user6/user6-4-34-r1.dat,6,4,34,1
20190713/user6/user6-3-97-r1.dat,6,3,97,1
20190713/user6/user6-4-79-r6.dat,6,4,79,6
20190713/user6/user6-1-73-r2.dat,6,1,73,2
20190713/user6/user6-2-42-r4.dat,6,2,42,4
20190713/user6/user6-4-47-r5.dat,6,4,47,5
20190713/user6/user6-2-12-r4.dat,6,2,12,4
20190713/user6/user6-3-6-r5.dat,6,3,6,5
20190713/user6/user6-2-69-r6.dat,6,2,69,6
20190713/user6/user6-2-42-r3.dat,6,2,42,3
20190713/user6/user6-2-12-r3.dat,6,2,12,3
20190713/user6/user6-4-20-r5.dat,6,4,20,5
20190713/user6/user6-4-82-r4.dat,6,4,82,4
20190713/user6/user6-1-42-r5.dat,6,1,42,5
20190713/user6/user6-3-66-r4.dat,6,3,66,4
20190713/user6/user6-4-62-r3.dat,6,4,62,3
20190713/user6/user6-1-81-r4.dat,6,1,81,4
20190713/user6/user6-3-100-r4.dat,6,3,100,4
20190713/user6/user6-3-40-r5.dat,6,3,40,5
20190713/user6/user6-2-56-r6.dat,6,2,56,6
20190713/user6/user6-4-10-r4.dat,6,4,10,4
20190713/user6/user6-4-88-r4.dat,6,4,88,4
20190713/user6/user6-2-51-r3.dat,6,2,51,3
20190713/user6/user6-2-70-r4.dat,6,2,70,4
20190713/user6/user6-4-36-r4.dat,6,4,36,4
20190713/user6/user6-1-75-r6.dat,6,1,75,6
20190713/user6/user6-2-59-r6.dat,6,2,59,6
20190713/user6/user6-2-71-r2.dat,6,2,71,2
20190713/user6/user6-4-4-r2.dat,6,4,4,2
20190713/user6/user6-2-95-r2.dat,6,2,95,2
20190713/user6/user6-4-95-r5.dat,6,4,95,5
20190713/user6/user6-3-13-r1.dat,6,3,13,1
20190713/user6/user6-3-95-r3.dat,6,3,95,3
20190713/user6/user6-2-11-r6.dat,6,2,11,6
20190713/user6/user6-3-47-r6.dat,6,3,47,6
20190713/user6/user6-3-88-r3.dat,6,3,88,3
20190713/user6/user6-2-84-r2.dat,6,2,84,2
20190713/user6/user6-3-81-r1.dat,6,3,81,1
20190713/user6/user6-2-47-r3.dat,6,2,47,3
20190713/user6/user6-2-68-r2.dat,6,2,68,2
20190713/user6/user6-1-5-r1.dat,6,1,5,1
20190713/user6/user6-3-70-r3.dat,6,3,70,3
20190713/user6/user6-2-90-r3.dat,6,2,90,3
20190713/user6/user6-3-38-r2.dat,6,3,38,2
20190713/user6/user6-2-95-r5.dat,6,2,95,5
20190713/user6/user6-4-31-r1.dat,6,4,31,1
20190713/user6/user6-2-37-r5.dat,6,2,37,5
20190713/user6/user6-1-24-r4.dat,6,1,24,4
20190713/user6/user6-3-71-r4.dat,6,3,71,4
20190713/user6/user6-1-72-r5.dat,6,1,72,5
20190713/user6/user6-3-10-r6.dat,6,3,10,6
20190713/user6/user6-3-84-r6.dat,6,3,84,6
20190713/user6/user6-4-9-r6.dat,6,4,9,6
20190713/user6/user6-1-64-r3.dat,6,1,64,3
20190713/user6/user6-2-13-r6.dat,6,2,13,6
20190713/user6/user6-4-83-r3.dat,6,4,83,3
20190713/user6/user6-2-93-r4.dat,6,2,93,4
20190713/user6/user6-1-59-r2.dat,6,1,59,2
20190713/user6/user6-1-39-r3.dat,6,1,39,3
20190713/user6/user6-4-78-r3.dat,6,4,78,3
20190713/user6/user6-1-38-r3.dat,6,1,38,3
20190713/user6/user6-1-31-r6.dat,6,1,31,6
20190713/user6/user6-1-63-r1.dat,6,1,63,1
20190713/user6/user6-2-28-r6.dat,6,2,28,6
20190713/user6/user6-2-9-r6.dat,6,2,9,6
20190713/user6/user6-2-20-r1.dat,6,2,20,1
20190713/user6/user6-1-27-r6.dat,6,1,27,6
20190713/user6/user6-4-91-r4.dat,6,4,91,4
20190713/user6/user6-4-78-r6.dat,6,4,78,6
20190713/user6/user6-2-88-r6.dat,6,2,88,6
20190713/user6/user6-2-49-r3.dat,6,2,49,3
20190713/user6/user6-2-59-r2.dat,6,2,59,2
20190713/user6/user6-4-49-r4.dat,6,4,49,4
20190713/user6/user6-2-54-r1.dat,6,2,54,1
20190713/user6/user6-4-51-r5.dat,6,4,51,5
20190713/user6/user6-3-17-r3.dat,6,3,17,3
20190713/user6/user6-1-47-r3.dat,6,1,47,3
20190713/user6/user6-3-6-r2.dat,6,3,6,2
20190713/user6/user6-1-46-r6.dat,6,1,46,6
20190713/user6/user6-3-70-r1.dat,6,3,70,1
20190713/user6/user6-4-30-r5.dat,6,4,30,5
20190713/user6/user6-2-46-r6.dat,6,2,46,6
20190713/user6/user6-3-27-r3.dat,6,3,27,3
20190713/user6/user6-3-11-r3.dat,6,3,11,3
20190713/user6/user6-2-53-r4.dat,6,2,53,4
20190713/user6/user6-4-65-r1.dat,6,4,65,1
20190713/user6/user6-1-2-r4.dat,6,1,2,4
20190713/user6/user6-3-71-r2.dat,6,3,71,2
20190713/user6/user6-4-46-r3.dat,6,4,46,3
20190713/user6/user6-3-32-r6.dat,6,3,32,6
20190713/user6/user6-1-25-r5.dat,6,1,25,5
20190713/user6/user6-1-61-r2.dat,6,1,61,2
20190713/user6/user6-2-42-r6.dat,6,2,42,6
20190713/user6/user6-4-73-r6.dat,6,4,73,6
20190713/user6/user6-4-2-r5.dat,6,4,2,5
20190713/user6/user6-3-56-r2.dat,6,3,56,2
20190713/user6/user6-4-13-r6.dat,6,4,13,6
20190713/user6/user6-2-26-r4.dat,6,2,26,4
20190713/user6/user6-2-30-r1.dat,6,2,30,1
20190713/user6/user6-2-74-r5.dat,6,2,74,5
20190713/user6/user6-2-5-r5.dat,6,2,5,5
20190713/user6/user6-3-72-r2.dat,6,3,72,2
20190713/user6/user6-3-35-r1.dat,6,3,35,1
20190713/user6/user6-3-43-r3.dat,6,3,43,3
20190713/user6/user6-3-93-r6.dat,6,3,93,6
20190713/user6/user6-1-90-r1.dat,6,1,90,1
20190713/user6/user6-4-36-r2.dat,6,4,36,2
20190713/user6/user6-4-94-r4.dat,6,4,94,4
20190713/user6/user6-3-87-r1.dat,6,3,87,1
20190713/user6/user6-3-8-r6.dat,6,3,8,6
20190713/user6/user6-1-31-r1.dat,6,1,31,1
20190713/user6/user6-2-100-r5.dat,6,2,100,5
20190713/user6/user6-3-64-r3.dat,6,3,64,3
20190713/user6/user6-2-57-r6.dat,6,2,57,6
20190713/user6/user6-1-55-r4.dat,6,1,55,4
20190713/user6/user6-3-23-r2.dat,6,3,23,2
20190713/user6/user6-2-93-r2.dat,6,2,93,2
20190713/user6/user6-3-79-r2.dat,6,3,79,2
20190713/user6/user6-4-32-r4.dat,6,4,32,4
20190713/user6/user6-4-68-r5.dat,6,4,68,5
20190713/user6/user6-4-60-r5.dat,6,4,60,5
20190713/user6/user6-4-18-r2.dat,6,4,18,2
20190713/user6/user6-3-55-r5.dat,6,3,55,5
20190713/user6/user6-1-93-r1.dat,6,1,93,1
20190713/user6/user6-2-18-r2.dat,6,2,18,2
20190713/user6/user6-2-96-r1.dat,6,2,96,1
20190713/user6/user6-1-37-r4.dat,6,1,37,4
20190713/user6/user6-3-25-r5.dat,6,3,25,5
20190713/user6/user6-2-58-r6.dat,6,2,58,6
20190713/user6/user6-1-93-r6.dat,6,1,93,6
20190713/user6/user6-1-82-r5.dat,6,1,82,5
20190713/user6/user6-3-16-r3.dat,6,3,16,3
20190713/user6/user6-4-84-r1.dat,6,4,84,1
20190713/user6/user6-2-98-r2.dat,6,2,98,2
20190713/user6/user6-3-42-r3.dat,6,3,42,3
20190713/user6/user6-2-86-r5.dat,6,2,86,5
20190713/user6/user6-3-17-r4.dat,6,3,17,4
20190713/user6/user6-1-7-r3.dat,6,1,7,3
20190713/user6/user6-1-88-r4.dat,6,1,88,4
20190713/user6/user6-3-34-r1.dat,6,3,34,1
20190713/user6/user6-1-35-r1.dat,6,1,35,1
20190713/user6/user6-2-28-r3.dat,6,2,28,3
20190713/user6/user6-1-67-r2.dat,6,1,67,2
20190713/user6/user6-1-83-r2.dat,6,1,83,2
20190713/user6/user6-2-63-r3.dat,6,2,63,3
20190713/user6/user6-1-20-r4.dat,6,1,20,4
20190713/user6/user6-1-24-r1.dat,6,1,24,1
20190713/user6/user6-4-3-r1.dat,6,4,3,1
20190713/user6/user6-4-92-r2.dat,6,4,92,2
20190713/user6/user6-1-18-r3.dat,6,1,18,3
20190713/user6/user6-4-98-r3.dat,6,4,98,3
20190713/user6/user6-4-70-r3.dat,6,4,70,3
20190713/user6/user6-3-59-r2.dat,6,3,59,2
20190713/user6/user6-2-53-r1.dat,6,2,53,1
20190713/user6/user6-2-96-r3.dat,6,2,96,3
20190713/user6/user6-2-71-r4.dat,6,2,71,4
20190713/user6/user6-3-32-r1.dat,6,3,32,1
20190713/user6/user6-4-15-r3.dat,6,4,15,3
20190713/user6/user6-3-2-r5.dat,6,3,2,5
20190713/user6/user6-1-66-r4.dat,6,1,66,4
20190713/user6/user6-4-51-r4.dat,6,4,51,4
20190713/user6/user6-3-21-r4.dat,6,3,21,4
20190713/user6/user6-1-60-r4.dat,6,1,60,4
20190713/user6/user6-1-96-r5.dat,6,1,96,5
20190713/user6/user6-1-71-r3.dat,6,1,71,3
20190713/user6/user6-4-100-r6.dat,6,4,100,6
20190713/user6/user6-4-44-r4.dat,6,4,44,4
20190713/user6/user6-1-63-r6.dat,6,1,63,6
20190713/user6/user6-4-38-r1.dat,6,4,38,1
20190713/user6/user6-4-96-r6.dat,6,4,96,6
20190713/user6/user6-2-20-r2.dat,6,2,20,2
20190713/user6/user6-4-82-r2.dat,6,4,82,2
20190713/user6/user6-4-49-r6.dat,6,4,49,6
20190713/user6/user6-3-17-r6.dat,6,3,17,6
20190713/user6/user6-3-3-r6.dat,6,3,3,6
20190713/user6/user6-3-16-r6.dat,6,3,16,6
20190713/user6/user6-2-38-r2.dat,6,2,38,2
20190713/user6/user6-4-26-r1.dat,6,4,26,1
20190713/user6/user6-1-87-r3.dat,6,1,87,3
20190713/user6/user6-3-23-r1.dat,6,3,23,1
20190713/user6/user6-2-84-r5.dat,6,2,84,5
20190713/user6/user6-1-31-r5.dat,6,1,31,5
20190713/user6/user6-4-22-r1.dat,6,4,22,1
20190713/user6/user6-3-68-r1.dat,6,3,68,1
20190713/user6/user6-4-98-r5.dat,6,4,98,5
20190713/user6/user6-2-2-r1.dat,6,2,2,1
20190713/user6/user6-4-94-r2.dat,6,4,94,2
20190713/user6/user6-3-53-r3.dat,6,3,53,3
20190713/user6/user6-1-89-r1.dat,6,1,89,1
20190713/user6/user6-3-82-r4.dat,6,3,82,4
20190713/user6/user6-2-6-r5.dat,6,2,6,5
20190713/user6/user6-4-9-r2.dat,6,4,9,2
20190713/user6/user6-3-69-r5.dat,6,3,69,5
20190713/user6/user6-1-20-r6.dat,6,1,20,6
20190713/user6/user6-3-24-r3.dat,6,3,24,3
20190713/user6/user6-3-83-r3.dat,6,3,83,3
20190713/user6/user6-1-52-r3.dat,6,1,52,3
20190713/user6/user6-3-28-r3.dat,6,3,28,3
20190713/user6/user6-3-42-r4.dat,6,3,42,4
20190713/user6/user6-3-63-r5.dat,6,3,63,5
20190713/user6/user6-4-86-r4.dat,6,4,86,4
20190713/user6/user6-4-54-r5.dat,6,4,54,5
20190713/user6/user6-2-10-r4.dat,6,2,10,4
20190713/user6/user6-1-71-r1.dat,6,1,71,1
20190713/user6/user6-4-97-r3.dat,6,4,97,3
20190713/user6/user6-1-3-r5.dat,6,1,3,5
20190713/user6/user6-4-40-r5.dat,6,4,40,5
20190713/user6/user6-3-84-r5.dat,6,3,84,5
20190713/user6/user6-3-23-r5.dat,6,3,23,5
20190713/user6/user6-4-59-r3.dat,6,4,59,3
20190713/user6/user6-3-71-r5.dat,6,3,71,5
20190713/user6/user6-4-20-r3.dat,6,4,20,3
20190713/user6/user6-1-28-r4.dat,6,1,28,4
20190713/user6/user6-2-91-r6.dat,6,2,91,6
20190713/user6/user6-1-34-r4.dat,6,1,34,4
20190713/user6/user6-1-95-r1.dat,6,1,95,1
20190713/user6/user6-4-36-r1.dat,6,4,36,1
20190713/user6/user6-2-75-r6.dat,6,2,75,6
20190713/user6/user6-4-48-r1.dat,6,4,48,1
20190713/user6/user6-4-76-r4.dat,6,4,76,4
20190713/user6/user6-3-22-r2.dat,6,3,22,2
20190713/user6/user6-3-63-r6.dat,6,3,63,6
20190713/user6/user6-2-41-r1.dat,6,2,41,1
20190713/user6/user6-4-45-r4.dat,6,4,45,4
20190713/user6/user6-1-70-r6.dat,6,1,70,6
20190713/user6/user6-2-87-r3.dat,6,2,87,3
20190713/user6/user6-3-99-r6.dat,6,3,99,6
20190713/user6/user6-3-4-r1.dat,6,3,4,1
20190713/user6/user6-2-73-r5.dat,6,2,73,5
20190713/user6/user6-2-5-r3.dat,6,2,5,3
20190713/user6/user6-2-26-r2.dat,6,2,26,2
20190713/user6/user6-2-87-r2.dat,6,2,87,2
20190713/user6/user6-3-18-r5.dat,6,3,18,5
20190713/user6/user6-4-60-r1.dat,6,4,60,1
20190713/user6/user6-2-49-r4.dat,6,2,49,4
20190713/user6/user6-2-17-r1.dat,6,2,17,1
20190713/user6/user6-4-22-r6.dat,6,4,22,6
20190713/user6/user6-2-37-r4.dat,6,2,37,4
20190713/user6/user6-2-2-r3.dat,6,2,2,3
20190713/user6/user6-1-44-r3.dat,6,1,44,3
20190713/user6/user6-3-41-r5.dat,6,3,41,5
20190713/user6/user6-3-21-r6.dat,6,3,21,6
20190713/user6/user6-4-18-r4.dat,6,4,18,4
20190713/user6/user6-2-45-r5.dat,6,2,45,5
20190713/user6/user6-1-95-r2.dat,6,1,95,2
20190713/user6/user6-2-7-r3.dat,6,2,7,3
20190713/user6/user6-3-96-r3.dat,6,3,96,3
20190713/user6/user6-4-27-r1.dat,6,4,27,1
20190713/user6/user6-4-81-r4.dat,6,4,81,4
20190713/user6/user6-1-67-r3.dat,6,1,67,3
20190713/user6/user6-1-4-r5.dat,6,1,4,5
20190713/user6/user6-2-84-r3.dat,6,2,84,3
20190713/user6/user6-4-11-r1.dat,6,4,11,1
20190713/user6/user6-1-7-r5.dat,6,1,7,5
20190713/user6/user6-4-8-r5.dat,6,4,8,5
20190713/user6/user6-4-64-r1.dat,6,4,64,1
20190713/user6/user6-3-12-r6.dat,6,3,12,6
20190713/user6/user6-1-32-r6.dat,6,1,32,6
20190713/user6/user6-1-49-r2.dat,6,1,49,2
20190713/user6/user6-2-97-r1.dat,6,2,97,1
20190713/user6/user6-4-82-r1.dat,6,4,82,1
20190713/user6/user6-2-90-r2.dat,6,2,90,2
20190713/user6/user6-4-54-r6.dat,6,4,54,6
20190713/user6/user6-4-86-r5.dat,6,4,86,5
20190713/user6/user6-1-58-r2.dat,6,1,58,2
20190713/user6/user6-1-60-r2.dat,6,1,60,2
20190713/user6/user6-1-97-r1.dat,6,1,97,1
20190713/user6/user6-2-70-r3.dat,6,2,70,3
20190713/user6/user6-3-39-r5.dat,6,3,39,5
20190713/user6/user6-1-14-r4.dat,6,1,14,4
20190713/user6/user6-2-32-r1.dat,6,2,32,1
20190713/user6/user6-4-95-r4.dat,6,4,95,4
20190713/user6/user6-2-10-r2.dat,6,2,10,2
20190713/user6/user6-1-13-r1.dat,6,1,13,1
20190713/user6/user6-1-44-r1.dat,6,1,44,1
20190713/user6/user6-2-37-r1.dat,6,2,37,1
20190713/user6/user6-2-9-r5.dat,6,2,9,5
20190713/user6/user6-3-32-r5.dat,6,3,32,5
20190713/user6/user6-1-86-r6.dat,6,1,86,6
20190713/user6/user6-1-59-r1.dat,6,1,59,1
20190713/user6/user6-4-85-r2.dat,6,4,85,2
20190713/user6/user6-4-68-r4.dat,6,4,68,4
20190713/user6/user6-1-94-r5.dat,6,1,94,5
20190713/user6/user6-4-14-r2.dat,6,4,14,2
20190713/user6/user6-1-68-r6.dat,6,1,68,6
20190713/user6/user6-1-2-r5.dat,6,1,2,5
20190713/user6/user6-2-31-r2.dat,6,2,31,2
20190713/user6/user6-4-79-r4.dat,6,4,79,4
20190713/user6/user6-1-15-r5.dat,6,1,15,5
20190713/user6/user6-4-69-r5.dat,6,4,69,5
20190713/user6/user6-2-35-r3.dat,6,2,35,3
20190713/user6/user6-1-61-r3.dat,6,1,61,3
20190713/user6/user6-3-60-r5.dat,6,3,60,5
20190713/user6/user6-2-32-r4.dat,6,2,32,4
20190713/user6/user6-2-90-r1.dat,6,2,90,1
20190713/user6/user6-2-81-r2.dat,6,2,81,2
20190713/user6/user6-4-28-r3.dat,6,4,28,3
20190713/user6/user6-3-57-r3.dat,6,3,57,3
20190713/user6/user6-4-45-r2.dat,6,4,45,2
20190713/user6/user6-2-81-r6.dat,6,2,81,6
20190713/user6/user6-3-52-r4.dat,6,3,52,4
20190713/user6/user6-1-27-r1.dat,6,1,27,1
20190713/user6/user6-3-83-r2.dat,6,3,83,2
20190713/user6/user6-3-64-r2.dat,6,3,64,2
20190713/user6/user6-1-84-r6.dat,6,1,84,6
20190713/user6/user6-4-100-r2.dat,6,4,100,2
20190713/user6/user6-3-4-r4.dat,6,3,4,4
20190713/user6/user6-1-12-r5.dat,6,1,12,5
20190713/user6/user6-1-2-r6.dat,6,1,2,6
20190713/user6/user6-2-27-r2.dat,6,2,27,2
20190713/user6/user6-2-59-r3.dat,6,2,59,3
20190713/user6/user6-3-39-r2.dat,6,3,39,2
20190713/user6/user6-3-55-r1.dat,6,3,55,1
20190713/user6/user6-2-55-r5.dat,6,2,55,5
20190713/user6/user6-3-12-r3.dat,6,3,12,3
20190713/user6/user6-1-14-r6.dat,6,1,14,6
20190713/user6/user6-3-80-r2.dat,6,3,80,2
20190713/user6/user6-2-41-r4.dat,6,2,41,4
20190713/user6/user6-3-52-r6.dat,6,3,52,6
20190713/user6/user6-1-41-r3.dat,6,1,41,3
20190713/user6/user6-4-16-r4.dat,6,4,16,4
20190713/user6/user6-2-26-r1.dat,6,2,26,1
20190713/user6/user6-2-3-r1.dat,6,2,3,1
20190713/user6/user6-3-82-r6.dat,6,3,82,6
20190713/user6/user6-4-69-r1.dat,6,4,69,1
20190713/user6/user6-4-83-r5.dat,6,4,83,5
20190713/user6/user6-4-30-r1.dat,6,4,30,1
20190713/user6/user6-1-53-r4.dat,6,1,53,4
20190713/user6/user6-3-93-r5.dat,6,3,93,5
20190713/user6/user6-1-5-r5.dat,6,1,5,5
20190713/user6/user6-3-14-r6.dat,6,3,14,6
20190713/user6/user6-2-77-r4.dat,6,2,77,4
20190713/user6/user6-2-60-r1.dat,6,2,60,1
20190713/user6/user6-1-30-r4.dat,6,1,30,4
20190713/user6/user6-2-77-r6.dat,6,2,77,6
20190713/user6/user6-2-74-r1.dat,6,2,74,1
20190713/user6/user6-3-76-r6.dat,6,3,76,6
20190713/user6/user6-4-81-r5.dat,6,4,81,5
20190713/user6/user6-2-68-r4.dat,6,2,68,4
20190713/user6/user6-3-72-r5.dat,6,3,72,5
20190713/user6/user6-4-64-r5.dat,6,4,64,5
20190713/user6/user6-1-85-r5.dat,6,1,85,5
20190713/user6/user6-2-57-r5.dat,6,2,57,5
20190713/user6/user6-2-52-r4.dat,6,2,52,4
20190713/user6/user6-4-60-r3.dat,6,4,60,3
20190713/user6/user6-1-22-r1.dat,6,1,22,1
20190713/user6/user6-4-17-r4.dat,6,4,17,4
20190713/user6/user6-3-61-r5.dat,6,3,61,5
20190713/user6/user6-4-17-r2.dat,6,4,17,2
20190713/user6/user6-1-59-r4.dat,6,1,59,4
20190713/user6/user6-2-46-r4.dat,6,2,46,4
20190713/user6/user6-3-59-r5.dat,6,3,59,5
20190713/user6/user6-1-95-r5.dat,6,1,95,5
20190713/user6/user6-2-78-r4.dat,6,2,78,4
20190713/user6/user6-4-55-r2.dat,6,4,55,2
20190713/user6/user6-4-97-r6.dat,6,4,97,6
20190713/user6/user6-4-23-r3.dat,6,4,23,3
20190713/user6/user6-3-4-r2.dat,6,3,4,2
20190713/user6/user6-1-46-r2.dat,6,1,46,2
20190713/user6/user6-4-14-r4.dat,6,4,14,4
20190713/user6/user6-1-86-r3.dat,6,1,86,3
20190713/user6/user6-1-40-r1.dat,6,1,40,1
20190713/user6/user6-4-23-r6.dat,6,4,23,6
20190713/user6/user6-4-1-r5.dat,6,4,1,5
20190713/user6/user6-2-65-r4.dat,6,2,65,4
20190713/user6/user6-4-44-r2.dat,6,4,44,2
20190713/user6/user6-4-72-r4.dat,6,4,72,4
20190713/user6/user6-2-13-r5.dat,6,2,13,5
20190713/user6/user6-4-59-r1.dat,6,4,59,1
20190713/user6/user6-1-3-r1.dat,6,1,3,1
20190713/user6/user6-2-8-r2.dat,6,2,8,2
20190713/user6/user6-2-29-r4.dat,6,2,29,4
20190713/user6/user6-2-70-r2.dat,6,2,70,2
20190713/user6/user6-4-70-r4.dat,6,4,70,4
20190713/user6/user6-2-64-r6.dat,6,2,64,6
20190713/user6/user6-2-46-r2.dat,6,2,46,2
20190713/user6/user6-4-12-r3.dat,6,4,12,3
20190713/user6/user6-4-38-r2.dat,6,4,38,2
20190713/user6/user6-2-55-r4.dat,6,2,55,4
20190713/user6/user6-4-56-r3.dat,6,4,56,3
20190713/user6/user6-2-87-r5.dat,6,2,87,5
20190713/user6/user6-2-52-r2.dat,6,2,52,2
20190713/user6/user6-4-7-r4.dat,6,4,7,4
20190713/user6/user6-3-25-r3.dat,6,3,25,3
20190713/user6/user6-4-56-r5.dat,6,4,56,5
20190713/user6/user6-1-99-r5.dat,6,1,99,5
20190713/user6/user6-1-77-r5.dat,6,1,77,5
20190713/user6/user6-1-32-r4.dat,6,1,32,4
20190713/user6/user6-4-17-r1.dat,6,4,17,1
20190713/user6/user6-1-27-r3.dat,6,1,27,3
20190713/user6/user6-4-50-r6.dat,6,4,50,6
20190713/user6/user6-2-73-r4.dat,6,2,73,4
20190713/user6/user6-3-47-r2.dat,6,3,47,2
20190713/user6/user6-4-74-r1.dat,6,4,74,1
20190713/user6/user6-4-77-r5.dat,6,4,77,5
20190713/user6/user6-1-84-r2.dat,6,1,84,2
20190713/user6/user6-4-52-r4.dat,6,4,52,4
20190713/user6/user6-2-82-r2.dat,6,2,82,2
20190713/user6/user6-4-45-r1.dat,6,4,45,1
20190713/user6/user6-3-18-r6.dat,6,3,18,6
20190713/user6/user6-2-18-r4.dat,6,2,18,4
20190713/user6/user6-1-71-r2.dat,6,1,71,2
20190713/user6/user6-1-43-r4.dat,6,1,43,4
20190713/user6/user6-4-69-r2.dat,6,4,69,2
20190713/user6/user6-3-85-r5.dat,6,3,85,5
20190713/user6/user6-3-56-r1.dat,6,3,56,1
20190713/user6/user6-4-34-r4.dat,6,4,34,4
20190713/user6/user6-1-2-r1.dat,6,1,2,1
20190713/user6/user6-2-31-r3.dat,6,2,31,3
20190713/user6/user6-3-84-r1.dat,6,3,84,1
20190713/user6/user6-4-42-r1.dat,6,4,42,1
20190713/user6/user6-1-34-r5.dat,6,1,34,5
20190713/user6/user6-1-26-r3.dat,6,1,26,3
20190713/user6/user6-3-2-r1.dat,6,3,2,1
20190713/user6/user6-2-51-r1.dat,6,2,51,1
20190713/user6/user6-3-37-r6.dat,6,3,37,6
20190713/user6/user6-2-51-r5.dat,6,2,51,5
20190713/user6/user6-3-38-r1.dat,6,3,38,1
20190713/user6/user6-4-50-r1.dat,6,4,50,1
20190713/user6/user6-4-2-r3.dat,6,4,2,3
20190713/user6/user6-1-64-r5.dat,6,1,64,5
20190713/user6/user6-2-88-r1.dat,6,2,88,1
20190713/user6/user6-2-83-r6.dat,6,2,83,6
20190713/user6/user6-1-40-r6.dat,6,1,40,6
20190713/user6/user6-4-14-r3.dat,6,4,14,3
20190713/user6/user6-1-76-r5.dat,6,1,76,5
20190713/user6/user6-2-69-r4.dat,6,2,69,4
20190713/user6/user6-2-89-r5.dat,6,2,89,5
20190713/user6/user6-2-62-r1.dat,6,2,62,1
20190713/user6/user6-4-30-r2.dat,6,4,30,2
20190713/user6/user6-1-7-r1.dat,6,1,7,1
20190713/user6/user6-3-16-r5.dat,6,3,16,5
20190713/user6/user6-3-25-r1.dat,6,3,25,1
20190713/user6/user6-3-73-r3.dat,6,3,73,3
20190713/user6/user6-3-13-r5.dat,6,3,13,5
20190713/user6/user6-3-7-r6.dat,6,3,7,6
20190713/user6/user6-2-69-r5.dat,6,2,69,5
20190713/user6/user6-1-77-r6.dat,6,1,77,6
20190713/user6/user6-1-44-r2.dat,6,1,44,2
20190713/user6/user6-3-58-r5.dat,6,3,58,5
20190713/user6/user6-3-34-r6.dat,6,3,34,6
20190713/user6/user6-1-23-r3.dat,6,1,23,3
20190713/user6/user6-2-75-r1.dat,6,2,75,1
20190713/user6/user6-2-23-r4.dat,6,2,23,4
20190713/user6/user6-1-97-r4.dat,6,1,97,4
20190713/user6/user6-1-62-r2.dat,6,1,62,2
20190713/user6/user6-4-68-r2.dat,6,4,68,2
20190713/user6/user6-2-88-r2.dat,6,2,88,2
20190713/user6/user6-1-79-r3.dat,6,1,79,3
20190713/user6/user6-3-62-r2.dat,6,3,62,2
20190713/user6/user6-1-73-r3.dat,6,1,73,3
20190713/user6/user6-4-68-r3.dat,6,4,68,3
20190713/user6/user6-3-58-r4.dat,6,3,58,4
20190713/user6/user6-3-78-r2.dat,6,3,78,2
20190713/user6/user6-3-21-r2.dat,6,3,21,2
20190713/user6/user6-2-86-r4.dat,6,2,86,4
20190713/user6/user6-3-51-r5.dat,6,3,51,5
20190713/user6/user6-2-97-r4.dat,6,2,97,4
20190713/user6/user6-1-54-r4.dat,6,1,54,4
20190713/user6/user6-3-18-r4.dat,6,3,18,4
20190713/user6/user6-4-41-r2.dat,6,4,41,2
20190713/user6/user6-2-71-r6.dat,6,2,71,6
20190713/user6/user6-1-87-r5.dat,6,1,87,5
20190713/user6/user6-2-35-r4.dat,6,2,35,4
20190713/user6/user6-3-40-r4.dat,6,3,40,4
20190713/user6/user6-4-95-r3.dat,6,4,95,3
20190713/user6/user6-2-71-r3.dat,6,2,71,3
20190713/user6/user6-4-54-r1.dat,6,4,54,1
20190713/user6/user6-1-91-r3.dat,6,1,91,3
20190713/user6/user6-4-93-r2.dat,6,4,93,2
20190713/user6/user6-4-42-r2.dat,6,4,42,2
20190713/user6/user6-4-36-r6.dat,6,4,36,6
20190713/user6/user6-2-80-r2.dat,6,2,80,2
20190713/user6/user6-3-73-r1.dat,6,3,73,1
20190713/user6/user6-1-69-r4.dat,6,1,69,4
20190713/user6/user6-2-31-r1.dat,6,2,31,1
20190713/user6/user6-1-29-r6.dat,6,1,29,6
20190713/user6/user6-4-98-r2.dat,6,4,98,2
20190713/user6/user6-4-31-r2.dat,6,4,31,2
20190713/user6/user6-4-58-r5.dat,6,4,58,5
20190713/user6/user6-1-12-r3.dat,6,1,12,3
20190713/user6/user6-2-99-r4.dat,6,2,99,4
20190713/user6/user6-1-40-r3.dat,6,1,40,3
20190713/user6/user6-4-71-r2.dat,6,4,71,2
20190713/user6/user6-1-96-r4.dat,6,1,96,4
20190713/user6/user6-4-19-r4.dat,6,4,19,4
20190713/user6/user6-3-48-r1.dat,6,3,48,1
20190713/user6/user6-1-82-r6.dat,6,1,82,6
20190713/user6/user6-3-26-r5.dat,6,3,26,5
20190713/user6/user6-1-47-r6.dat,6,1,47,6
20190713/user6/user6-4-6-r3.dat,6,4,6,3
20190713/user6/user6-3-67-r3.dat,6,3,67,3
20190713/user6/user6-1-67-r1.dat,6,1,67,1
20190713/user6/user6-1-9-r1.dat,6,1,9,1
20190713/user6/user6-2-33-r2.dat,6,2,33,2
20190713/user6/user6-2-36-r6.dat,6,2,36,6
20190713/user6/user6-4-58-r2.dat,6,4,58,2
20190713/user6/user6-3-36-r5.dat,6,3,36,5
20190713/user6/user6-1-22-r4.dat,6,1,22,4
20190713/user6/user6-4-62-r4.dat,6,4,62,4
20190713/user6/user6-3-28-r6.dat,6,3,28,6
20190713/user6/user6-1-25-r2.dat,6,1,25,2
20190713/user6/user6-1-98-r1.dat,6,1,98,1
20190713/user6/user6-1-37-r3.dat,6,1,37,3
20190713/user6/user6-4-41-r4.dat,6,4,41,4
20190713/user6/user6-3-4-r6.dat,6,3,4,6
20190713/user6/user6-4-19-r6.dat,6,4,19,6
20190713/user6/user6-2-53-r3.dat,6,2,53,3
20190713/user6/user6-2-91-r2.dat,6,2,91,2
20190713/user6/user6-1-56-r6.dat,6,1,56,6
20190713/user6/user6-4-87-r5.dat,6,4,87,5
20190713/user6/user6-3-60-r2.dat,6,3,60,2
20190713/user6/user6-1-56-r5.dat,6,1,56,5
20190713/user6/user6-1-79-r2.dat,6,1,79,2
20190713/user6/user6-2-67-r3.dat,6,2,67,3
20190713/user6/user6-4-45-r3.dat,6,4,45,3
20190713/user6/user6-4-24-r3.dat,6,4,24,3
20190713/user6/user6-3-15-r4.dat,6,3,15,4
20190713/user6/user6-1-19-r1.dat,6,1,19,1
20190713/user6/user6-2-66-r5.dat,6,2,66,5
20190713/user6/user6-4-23-r2.dat,6,4,23,2
20190713/user6/user6-3-22-r4.dat,6,3,22,4
20190713/user6/user6-3-30-r5.dat,6,3,30,5
20190713/user6/user6-3-11-r5.dat,6,3,11,5
20190713/user6/user6-3-96-r1.dat,6,3,96,1
20190713/user6/user6-4-18-r5.dat,6,4,18,5
20190713/user6/user6-1-68-r2.dat,6,1,68,2
20190713/user6/user6-2-73-r3.dat,6,2,73,3
20190713/user6/user6-2-9-r3.dat,6,2,9,3
20190713/user6/user6-2-39-r1.dat,6,2,39,1
20190713/user6/user6-1-64-r6.dat,6,1,64,6
20190713/user6/user6-2-22-r5.dat,6,2,22,5
20190713/user6/user6-3-43-r4.dat,6,3,43,4
20190713/user6/user6-3-17-r2.dat,6,3,17,2
20190713/user6/user6-1-41-r5.dat,6,1,41,5
20190713/user6/user6-3-22-r3.dat,6,3,22,3
20190713/user6/user6-1-47-r5.dat,6,1,47,5
20190713/user6/user6-4-87-r1.dat,6,4,87,1
20190713/user6/user6-3-69-r3.dat,6,3,69,3
20190713/user6/user6-1-65-r1.dat,6,1,65,1
20190713/user6/user6-4-2-r2.dat,6,4,2,2
20190713/user6/user6-4-25-r4.dat,6,4,25,4
20190713/user6/user6-1-96-r2.dat,6,1,96,2
20190713/user6/user6-1-16-r1.dat,6,1,16,1
20190713/user6/user6-3-81-r4.dat,6,3,81,4
20190713/user6/user6-1-42-r4.dat,6,1,42,4
20190713/user6/user6-1-55-r5.dat,6,1,55,5
20190713/user6/user6-4-27-r3.dat,6,4,27,3
20190713/user6/user6-1-19-r2.dat,6,1,19,2
20190713/user6/user6-2-34-r1.dat,6,2,34,1
20190713/user6/user6-2-78-r5.dat,6,2,78,5
20190713/user6/user6-2-78-r6.dat,6,2,78,6
20190713/user6/user6-4-77-r3.dat,6,4,77,3
20190713/user6/user6-2-56-r4.dat,6,2,56,4
20190713/user6/user6-1-62-r6.dat,6,1,62,6
20190713/user6/user6-3-6-r6.dat,6,3,6,6
20190713/user6/user6-4-95-r6.dat,6,4,95,6
20190713/user6/user6-3-14-r4.dat,6,3,14,4
20190713/user6/user6-2-58-r1.dat,6,2,58,1
20190713/user6/user6-4-88-r1.dat,6,4,88,1
20190713/user6/user6-1-20-r5.dat,6,1,20,5
20190713/user6/user6-2-5-r6.dat,6,2,5,6
20190713/user6/user6-2-53-r5.dat,6,2,53,5
20190713/user6/user6-4-5-r4.dat,6,4,5,4
20190713/user6/user6-1-63-r5.dat,6,1,63,5
20190713/user6/user6-2-74-r3.dat,6,2,74,3
20190713/user6/user6-4-96-r2.dat,6,4,96,2
20190713/user6/user6-3-48-r6.dat,6,3,48,6
20190713/user6/user6-2-80-r1.dat,6,2,80,1
20190713/user6/user6-3-49-r4.dat,6,3,49,4
20190713/user6/user6-1-66-r1.dat,6,1,66,1
20190713/user6/user6-1-61-r1.dat,6,1,61,1
20190713/user6/user6-2-3-r5.dat,6,2,3,5
20190713/user6/user6-1-30-r2.dat,6,1,30,2
20190713/user6/user6-1-78-r5.dat,6,1,78,5
20190713/user6/user6-3-79-r6.dat,6,3,79,6
20190713/user6/user6-3-61-r3.dat,6,3,61,3
20190713/user6/user6-3-13-r2.dat,6,3,13,2
20190713/user6/user6-4-72-r3.dat,6,4,72,3
20190713/user6/user6-1-41-r2.dat,6,1,41,2
20190713/user6/user6-4-62-r6.dat,6,4,62,6
20190713/user6/user6-4-62-r2.dat,6,4,62,2
20190713/user6/user6-4-57-r2.dat,6,4,57,2
20190713/user6/user6-1-75-r4.dat,6,1,75,4
20190713/user6/user6-4-56-r4.dat,6,4,56,4
20190713/user6/user6-2-48-r2.dat,6,2,48,2
20190713/user6/user6-2-36-r4.dat,6,2,36,4
20190713/user6/user6-3-3-r4.dat,6,3,3,4
20190713/user6/user6-3-82-r3.dat,6,3,82,3
20190713/user6/user6-1-14-r1.dat,6,1,14,1
20190713/user6/user6-3-15-r5.dat,6,3,15,5
20190713/user6/user6-3-36-r4.dat,6,3,36,4
20190713/user6/user6-4-39-r1.dat,6,4,39,1
20190713/user6/user6-1-56-r4.dat,6,1,56,4
20190713/user6/user6-4-75-r5.dat,6,4,75,5
20190713/user6/user6-4-70-r2.dat,6,4,70,2
20190713/user6/user6-4-90-r4.dat,6,4,90,4
20190713/user6/user6-1-98-r6.dat,6,1,98,6
20190713/user6/user6-4-30-r6.dat,6,4,30,6
20190713/user6/user6-3-97-r6.dat,6,3,97,6
20190713/user6/user6-3-6-r1.dat,6,3,6,1
20190713/user6/user6-2-15-r6.dat,6,2,15,6
20190713/user6/user6-1-44-r4.dat,6,1,44,4
20190713/user6/user6-1-66-r5.dat,6,1,66,5
20190713/user6/user6-3-16-r4.dat,6,3,16,4
20190713/user6/user6-1-36-r5.dat,6,1,36,5
20190713/user6/user6-4-38-r4.dat,6,4,38,4
20190713/user6/user6-3-88-r1.dat,6,3,88,1
20190713/user6/user6-3-96-r6.dat,6,3,96,6
20190713/user6/user6-4-15-r5.dat,6,4,15,5
20190713/user6/user6-1-31-r4.dat,6,1,31,4
20190713/user6/user6-1-90-r2.dat,6,1,90,2
20190713/user6/user6-2-52-r5.dat,6,2,52,5
20190713/user6/user6-1-65-r3.dat,6,1,65,3
20190713/user6/user6-2-19-r1.dat,6,2,19,1
20190713/user6/user6-3-85-r6.dat,6,3,85,6
20190713/user6/user6-2-7-r5.dat,6,2,7,5
20190713/user6/user6-2-43-r4.dat,6,2,43,4
20190713/user6/user6-1-8-r3.dat,6,1,8,3
20190713/user6/user6-1-79-r1.dat,6,1,79,1
20190713/user6/user6-1-46-r5.dat,6,1,46,5
20190713/user6/user6-1-67-r6.dat,6,1,67,6
20190713/user6/user6-2-44-r1.dat,6,2,44,1
20190713/user6/user6-4-80-r4.dat,6,4,80,4
20190713/user6/user6-2-14-r2.dat,6,2,14,2
20190713/user6/user6-4-92-r1.dat,6,4,92,1
20190713/user6/user6-2-83-r5.dat,6,2,83,5
20190713/user6/user6-4-83-r6.dat,6,4,83,6
20190713/user6/user6-4-21-r4.dat,6,4,21,4
20190713/user6/user6-2-2-r2.dat,6,2,2,2
20190713/user6/user6-4-6-r6.dat,6,4,6,6
20190713/user6/user6-1-37-r6.dat,6,1,37,6
20190713/user6/user6-2-40-r2.dat,6,2,40,2
20190713/user6/user6-3-72-r3.dat,6,3,72,3
20190713/user6/user6-3-100-r5.dat,6,3,100,5
20190713/user6/user6-4-99-r1.dat,6,4,99,1
20190713/user6/user6-3-32-r4.dat,6,3,32,4
20190713/user6/user6-2-38-r5.dat,6,2,38,5
20190713/user6/user6-3-46-r5.dat,6,3,46,5
20190713/user6/user6-1-78-r6.dat,6,1,78,6
20190713/user6/user6-3-84-r4.dat,6,3,84,4
20190713/user6/user6-1-89-r5.dat,6,1,89,5
20190713/user6/user6-2-93-r3.dat,6,2,93,3
20190713/user6/user6-2-97-r2.dat,6,2,97,2
20190713/user6/user6-3-67-r2.dat,6,3,67,2
20190713/user6/user6-2-14-r5.dat,6,2,14,5
20190713/user6/user6-3-80-r1.dat,6,3,80,1
20190713/user6/user6-3-76-r5.dat,6,3,76,5
20190713/user6/user6-3-51-r2.dat,6,3,51,2
20190713/user6/user6-4-8-r6.dat,6,4,8,6
20190713/user6/user6-4-50-r2.dat,6,4,50,2
20190713/user6/user6-4-20-r6.dat,6,4,20,6
20190713/user6/user6-2-89-r3.dat,6,2,89,3
20190713/user6/user6-1-96-r1.dat,6,1,96,1
20190713/user6/user6-3-46-r6.dat,6,3,46,6
20190713/user6/user6-1-10-r2.dat,6,1,10,2
20190713/user6/user6-4-32-r2.dat,6,4,32,2
20190713/user6/user6-2-7-r2.dat,6,2,7,2
20190713/user6/user6-1-17-r6.dat,6,1,17,6
20190713/user6/user6-4-28-r4.dat,6,4,28,4
20190713/user6/user6-1-4-r2.dat,6,1,4,2
20190713/user6/user6-4-9-r4.dat,6,4,9,4
20190713/user6/user6-1-24-r2.dat,6,1,24,2
20190713/user6/user6-3-53-r1.dat,6,3,53,1
20190713/user6/user6-2-75-r3.dat,6,2,75,3
20190713/user6/user6-1-68-r1.dat,6,1,68,1
20190713/user6/user6-2-83-r4.dat,6,2,83,4
20190713/user6/user6-3-10-r3.dat,6,3,10,3
20190713/user6/user6-3-61-r4.dat,6,3,61,4
20190713/user6/user6-1-47-r1.dat,6,1,47,1
20190713/user6/user6-2-48-r1.dat,6,2,48,1
20190713/user6/user6-3-97-r3.dat,6,3,97,3
20190713/user6/user6-4-59-r6.dat,6,4,59,6
20190713/user6/user6-4-91-r6.dat,6,4,91,6
20190713/user6/user6-3-91-r2.dat,6,3,91,2
20190713/user6/user6-1-22-r5.dat,6,1,22,5
20190713/user6/user6-1-12-r1.dat,6,1,12,1
20190713/user6/user6-1-4-r3.dat,6,1,4,3
20190713/user6/user6-4-93-r6.dat,6,4,93,6
20190713/user6/user6-2-38-r3.dat,6,2,38,3
20190713/user6/user6-2-29-r2.dat,6,2,29,2
20190713/user6/user6-4-6-r5.dat,6,4,6,5
20190713/user6/user6-1-53-r6.dat,6,1,53,6
20190713/user6/user6-1-74-r6.dat,6,1,74,6
20190713/user6/user6-2-2-r4.dat,6,2,2,4
20190713/user6/user6-1-10-r5.dat,6,1,10,5
20190713/user6/user6-3-93-r3.dat,6,3,93,3
20190713/user6/user6-4-10-r2.dat,6,4,10,2
20190713/user6/user6-1-34-r6.dat,6,1,34,6
20190713/user6/user6-2-25-r6.dat,6,2,25,6
20190713/user6/user6-3-29-r3.dat,6,3,29,3
20190713/user6/user6-2-54-r5.dat,6,2,54,5
20190713/user6/user6-4-73-r3.dat,6,4,73,3
20190713/user6/user6-2-89-r6.dat,6,2,89,6
20190713/user6/user6-3-76-r2.dat,6,3,76,2
20190713/user6/user6-4-10-r6.dat,6,4,10,6
20190713/user6/user6-1-29-r5.dat,6,1,29,5
20190713/user6/user6-3-22-r1.dat,6,3,22,1
20190713/user6/user6-2-83-r1.dat,6,2,83,1
20190713/user6/user6-1-26-r6.dat,6,1,26,6
20190713/user6/user6-4-58-r1.dat,6,4,58,1
20190713/user6/user6-3-73-r4.dat,6,3,73,4
20190713/user6/user6-2-84-r4.dat,6,2,84,4
20190713/user6/user6-3-86-r5.dat,6,3,86,5
20190713/user6/user6-1-23-r5.dat,6,1,23,5
20190713/user6/user6-2-85-r6.dat,6,2,85,6
20190713/user6/user6-3-94-r6.dat,6,3,94,6
20190713/user6/user6-2-25-r4.dat,6,2,25,4
20190713/user6/user6-2-78-r1.dat,6,2,78,1
20190713/user6/user6-1-22-r2.dat,6,1,22,2
20190713/user6/user6-4-93-r1.dat,6,4,93,1
20190713/user6/user6-3-7-r3.dat,6,3,7,3
20190713/user6/user6-3-97-r5.dat,6,3,97,5
20190713/user6/user6-2-10-r1.dat,6,2,10,1
20190713/user6/user6-1-97-r2.dat,6,1,97,2
20190713/user6/user6-3-70-r5.dat,6,3,70,5
20190713/user6/user6-2-59-r5.dat,6,2,59,5
20190713/user6/user6-2-6-r3.dat,6,2,6,3
20190713/user6/user6-1-10-r1.dat,6,1,10,1
20190713/user6/user6-3-74-r6.dat,6,3,74,6
20190713/user6/user6-2-82-r4.dat,6,2,82,4
20190713/user6/user6-4-35-r4.dat,6,4,35,4
20190713/user6/user6-2-77-r2.dat,6,2,77,2
20190713/user6/user6-1-81-r2.dat,6,1,81,2
20190713/user6/user6-3-63-r2.dat,6,3,63,2
20190713/user6/user6-3-88-r2.dat,6,3,88,2
20190713/user6/user6-3-93-r1.dat,6,3,93,1
20190713/user6/user6-4-52-r1.dat,6,4,52,1
20190713/user6/user6-4-26-r4.dat,6,4,26,4
20190713/user6/user6-3-30-r6.dat,6,3,30,6
20190713/user6/user6-4-71-r6.dat,6,4,71,6
20190713/user6/user6-2-34-r6.dat,6,2,34,6
20190713/user6/user6-1-62-r3.dat,6,1,62,3
20190713/user6/user6-2-14-r1.dat,6,2,14,1
20190713/user6/user6-2-3-r4.dat,6,2,3,4
20190713/user6/user6-1-75-r1.dat,6,1,75,1
20190713/user6/user6-1-54-r5.dat,6,1,54,5
20190713/user6/user6-4-87-r2.dat,6,4,87,2
20190713/user6/user6-1-57-r6.dat,6,1,57,6
20190713/user6/user6-3-74-r3.dat,6,3,74,3
20190713/user6/user6-3-80-r3.dat,6,3,80,3
20190713/user6/user6-3-85-r4.dat,6,3,85,4
20190713/user6/user6-2-92-r1.dat,6,2,92,1
20190713/user6/user6-1-57-r4.dat,6,1,57,4
20190713/user6/user6-4-54-r3.dat,6,4,54,3
20190713/user6/user6-1-9-r4.dat,6,1,9,4
20190713/user6/user6-2-96-r5.dat,6,2,96,5
20190713/user6/user6-4-86-r2.dat,6,4,86,2
20190713/user6/user6-1-68-r3.dat,6,1,68,3
20190713/user6/user6-2-95-r1.dat,6,2,95,1
20190713/user6/user6-2-81-r4.dat,6,2,81,4
20190713/user6/user6-2-20-r3.dat,6,2,20,3
20190713/user6/user6-1-68-r4.dat,6,1,68,4
20190713/user6/user6-4-89-r5.dat,6,4,89,5
20190713/user6/user6-3-33-r2.dat,6,3,33,2
20190713/user6/user6-1-38-r6.dat,6,1,38,6
20190713/user6/user6-4-10-r3.dat,6,4,10,3
20190713/user6/user6-3-79-r4.dat,6,3,79,4
20190713/user6/user6-1-57-r2.dat,6,1,57,2
20190713/user6/user6-2-16-r1.dat,6,2,16,1
20190713/user6/user6-2-75-r2.dat,6,2,75,2
20190713/user6/user6-1-97-r6.dat,6,1,97,6
20190713/user6/user6-2-31-r4.dat,6,2,31,4
20190713/user6/user6-4-44-r1.dat,6,4,44,1
20190713/user6/user6-1-82-r3.dat,6,1,82,3
20190713/user6/user6-3-86-r2.dat,6,3,86,2
20190713/user6/user6-2-100-r4.dat,6,2,100,4
20190713/user6/user6-2-63-r1.dat,6,2,63,1
20190713/user6/user6-4-2-r1.dat,6,4,2,1
20190713/user6/user6-2-36-r2.dat,6,2,36,2
20190713/user6/user6-1-24-r3.dat,6,1,24,3
20190713/user6/user6-1-11-r6.dat,6,1,11,6
20190713/user6/user6-4-26-r2.dat,6,4,26,2
20190713/user6/user6-2-36-r1.dat,6,2,36,1
20190713/user6/user6-3-29-r4.dat,6,3,29,4
20190713/user6/user6-3-42-r2.dat,6,3,42,2
20190713/user6/user6-4-73-r5.dat,6,4,73,5
20190713/user6/user6-3-89-r1.dat,6,3,89,1
20190713/user6/user6-1-32-r2.dat,6,1,32,2
20190713/user6/user6-3-68-r4.dat,6,3,68,4
20190713/user6/user6-4-1-r1.dat,6,4,1,1
20190713/user6/user6-2-91-r4.dat,6,2,91,4
20190713/user6/user6-2-55-r1.dat,6,2,55,1
20190713/user6/user6-4-74-r2.dat,6,4,74,2
20190713/user6/user6-1-94-r6.dat,6,1,94,6
20190713/user6/user6-1-74-r5.dat,6,1,74,5
20190713/user6/user6-3-91-r4.dat,6,3,91,4
20190713/user6/user6-3-56-r5.dat,6,3,56,5
20190713/user6/user6-1-38-r2.dat,6,1,38,2
20190713/user6/user6-1-53-r5.dat,6,1,53,5
20190713/user6/user6-1-88-r2.dat,6,1,88,2
20190713/user6/user6-4-49-r3.dat,6,4,49,3
20190713/user6/user6-3-7-r1.dat,6,3,7,1
20190713/user6/user6-4-64-r6.dat,6,4,64,6
20190713/user6/user6-2-24-r4.dat,6,2,24,4
20190713/user6/user6-4-60-r6.dat,6,4,60,6
20190713/user6/user6-4-15-r1.dat,6,4,15,1
20190713/user6/user6-2-16-r6.dat,6,2,16,6
20190713/user6/user6-1-64-r2.dat,6,1,64,2
20190713/user6/user6-3-89-r6.dat,6,3,89,6
20190713/user6/user6-4-70-r5.dat,6,4,70,5
20190713/user6/user6-1-35-r2.dat,6,1,35,2
20190713/user6/user6-2-33-r1.dat,6,2,33,1
20190713/user6/user6-1-48-r5.dat,6,1,48,5
20190713/user6/user6-4-21-r5.dat,6,4,21,5
20190713/user6/user6-1-36-r3.dat,6,1,36,3
20190713/user6/user6-3-86-r1.dat,6,3,86,1
20190713/user6/user6-3-11-r2.dat,6,3,11,2
20190713/user6/user6-2-65-r6.dat,6,2,65,6
20190713/user6/user6-2-88-r4.dat,6,2,88,4
20190713/user6/user6-1-25-r1.dat,6,1,25,1
20190713/user6/user6-4-10-r5.dat,6,4,10,5
20190713/user6/user6-3-67-r1.dat,6,3,67,1
20190713/user6/user6-2-19-r2.dat,6,2,19,2
20190713/user6/user6-1-26-r5.dat,6,1,26,5
20190713/user6/user6-3-81-r5.dat,6,3,81,5
20190713/user6/user6-3-60-r1.dat,6,3,60,1
20190713/user6/user6-3-70-r2.dat,6,3,70,2
20190713/user6/user6-3-23-r6.dat,6,3,23,6
20190713/user6/user6-3-88-r6.dat,6,3,88,6
20190713/user6/user6-4-8-r4.dat,6,4,8,4
20190713/user6/user6-2-87-r4.dat,6,2,87,4
20190713/user6/user6-3-60-r6.dat,6,3,60,6
20190713/user6/user6-1-99-r4.dat,6,1,99,4
20190713/user6/user6-4-45-r6.dat,6,4,45,6
20190713/user6/user6-3-51-r3.dat,6,3,51,3
20190713/user6/user6-2-60-r2.dat,6,2,60,2
20190713/user6/user6-2-79-r5.dat,6,2,79,5
20190713/user6/user6-1-59-r6.dat,6,1,59,6
20190713/user6/user6-2-11-r2.dat,6,2,11,2
20190713/user6/user6-3-32-r2.dat,6,3,32,2
20190713/user6/user6-2-71-r5.dat,6,2,71,5
20190713/user6/user6-2-8-r4.dat,6,2,8,4
20190713/user6/user6-3-9-r3.dat,6,3,9,3
20190713/user6/user6-2-27-r3.dat,6,2,27,3
20190713/user6/user6-1-80-r1.dat,6,1,80,1
20190713/user6/user6-2-32-r3.dat,6,2,32,3
20190713/user6/user6-2-42-r1.dat,6,2,42,1
20190713/user6/user6-4-26-r6.dat,6,4,26,6
20190713/user6/user6-4-90-r3.dat,6,4,90,3
20190713/user6/user6-1-32-r1.dat,6,1,32,1
20190713/user6/user6-1-50-r5.dat,6,1,50,5
20190713/user6/user6-1-5-r3.dat,6,1,5,3
20190713/user6/user6-1-98-r2.dat,6,1,98,2
20190713/user6/user6-1-35-r3.dat,6,1,35,3
20190713/user6/user6-4-65-r3.dat,6,4,65,3
20190713/user6/user6-3-27-r1.dat,6,3,27,1
20190713/user6/user6-4-82-r3.dat,6,4,82,3
20190713/user6/user6-3-53-r5.dat,6,3,53,5
20190713/user6/user6-4-19-r3.dat,6,4,19,3
20190713/user6/user6-2-35-r1.dat,6,2,35,1
20190713/user6/user6-4-34-r2.dat,6,4,34,2
20190713/user6/user6-2-15-r1.dat,6,2,15,1
20190713/user6/user6-3-71-r3.dat,6,3,71,3
20190713/user6/user6-1-58-r4.dat,6,1,58,4
20190713/user6/user6-4-37-r5.dat,6,4,37,5
20190713/user6/user6-3-15-r6.dat,6,3,15,6
20190713/user6/user6-2-94-r6.dat,6,2,94,6
20190713/user6/user6-4-28-r2.dat,6,4,28,2
20190713/user6/user6-1-49-r3.dat,6,1,49,3
20190713/user6/user6-2-92-r5.dat,6,2,92,5
20190713/user6/user6-3-23-r3.dat,6,3,23,3
20190713/user6/user6-2-76-r6.dat,6,2,76,6
20190713/user6/user6-4-85-r6.dat,6,4,85,6
20190713/user6/user6-3-11-r1.dat,6,3,11,1
20190713/user6/user6-3-57-r1.dat,6,3,57,1
20190713/user6/user6-4-11-r5.dat,6,4,11,5
20190713/user6/user6-4-81-r6.dat,6,4,81,6
20190713/user6/user6-4-70-r6.dat,6,4,70,6
20190713/user6/user6-3-59-r3.dat,6,3,59,3
20190713/user6/user6-1-46-r4.dat,6,1,46,4
20190713/user6/user6-4-76-r1.dat,6,4,76,1
20190713/user6/user6-4-8-r2.dat,6,4,8,2
20190713/user6/user6-3-57-r6.dat,6,3,57,6
20190713/user6/user6-3-40-r3.dat,6,3,40,3
20190713/user6/user6-1-61-r4.dat,6,1,61,4
20190713/user6/user6-3-7-r4.dat,6,3,7,4
20190713/user6/user6-2-35-r2.dat,6,2,35,2
20190713/user6/user6-1-1-r3.dat,6,1,1,3
20190713/user6/user6-1-80-r6.dat,6,1,80,6
20190713/user6/user6-2-87-r1.dat,6,2,87,1
20190713/user6/user6-1-64-r4.dat,6,1,64,4
20190713/user6/user6-4-37-r3.dat,6,4,37,3
20190713/user6/user6-3-99-r4.dat,6,3,99,4
20190713/user6/user6-1-84-r5.dat,6,1,84,5
20190713/user6/user6-2-29-r1.dat,6,2,29,1
20190713/user6/user6-4-53-r1.dat,6,4,53,1
20190713/user6/user6-1-100-r1.dat,6,1,100,1
20190713/user6/user6-1-13-r2.dat,6,1,13,2
20190713/user6/user6-4-69-r3.dat,6,4,69,3
20190713/user6/user6-4-89-r1.dat,6,4,89,1
20190713/user6/user6-3-38-r3.dat,6,3,38,3
20190713/user6/user6-2-30-r5.dat,6,2,30,5
20190713/user6/user6-4-4-r4.dat,6,4,4,4
20190713/user6/user6-1-28-r5.dat,6,1,28,5
20190713/user6/user6-1-17-r4.dat,6,1,17,4
20190713/user6/user6-4-64-r2.dat,6,4,64,2
20190713/user6/user6-4-48-r6.dat,6,4,48,6
20190713/user6/user6-4-42-r6.dat,6,4,42,6
20190713/user6/user6-2-91-r5.dat,6,2,91,5
20190713/user6/user6-2-25-r2.dat,6,2,25,2
20190713/user6/user6-3-65-r1.dat,6,3,65,1
20190713/user6/user6-2-11-r4.dat,6,2,11,4
20190713/user6/user6-4-76-r6.dat,6,4,76,6
20190713/user6/user6-2-1-r6.dat,6,2,1,6
20190713/user6/user6-2-40-r6.dat,6,2,40,6
20190713/user6/user6-1-14-r3.dat,6,1,14,3
20190713/user6/user6-2-45-r4.dat,6,2,45,4
20190713/user6/user6-1-82-r2.dat,6,1,82,2
20190713/user6/user6-2-44-r3.dat,6,2,44,3
20190713/user6/user6-3-87-r6.dat,6,3,87,6
20190713/user6/user6-1-65-r6.dat,6,1,65,6
20190713/user6/user6-4-14-r6.dat,6,4,14,6
20190713/user6/user6-4-5-r1.dat,6,4,5,1
20190713/user6/user6-3-84-r2.dat,6,3,84,2
20190713/user6/user6-4-11-r6.dat,6,4,11,6
20190713/user6/user6-1-52-r5.dat,6,1,52,5
20190713/user6/user6-3-44-r1.dat,6,3,44,1
20190713/user6/user6-2-6-r1.dat,6,2,6,1
20190713/user6/user6-1-76-r3.dat,6,1,76,3
20190713/user6/user6-3-54-r4.dat,6,3,54,4
20190713/user6/user6-2-3-r3.dat,6,2,3,3
20190713/user6/user6-1-81-r3.dat,6,1,81,3
20190713/user6/user6-2-4-r2.dat,6,2,4,2
20190713/user6/user6-1-50-r3.dat,6,1,50,3
20190713/user6/user6-1-19-r6.dat,6,1,19,6
20190713/user6/user6-1-75-r2.dat,6,1,75,2
20190713/user6/user6-3-100-r2.dat,6,3,100,2
20190713/user6/user6-3-19-r4.dat,6,3,19,4
20190713/user6/user6-4-41-r1.dat,6,4,41,1
20190713/user6/user6-1-93-r4.dat,6,1,93,4
20190713/user6/user6-1-74-r3.dat,6,1,74,3
20190713/user6/user6-2-94-r5.dat,6,2,94,5
20190713/user6/user6-3-62-r1.dat,6,3,62,1
20190713/user6/user6-4-80-r3.dat,6,4,80,3
20190713/user6/user6-4-50-r4.dat,6,4,50,4
20190713/user6/user6-4-23-r1.dat,6,4,23,1
20190713/user6/user6-4-65-r2.dat,6,4,65,2
20190713/user6/user6-3-71-r6.dat,6,3,71,6
20190713/user6/user6-4-19-r5.dat,6,4,19,5
20190713/user6/user6-2-8-r1.dat,6,2,8,1
20190713/user6/user6-4-76-r3.dat,6,4,76,3
20190713/user6/user6-3-8-r1.dat,6,3,8,1
20190713/user6/user6-1-13-r6.dat,6,1,13,6
20190713/user6/user6-3-92-r5.dat,6,3,92,5
20190713/user6/user6-3-94-r1.dat,6,3,94,1
20190713/user6/user6-3-45-r4.dat,6,3,45,4
20190713/user6/user6-2-47-r6.dat,6,2,47,6
20190713/user6/user6-1-70-r3.dat,6,1,70,3
20190713/user6/user6-1-92-r6.dat,6,1,92,6
20190713/user6/user6-2-29-r5.dat,6,2,29,5
20190713/user6/user6-1-69-r1.dat,6,1,69,1
20190713/user6/user6-4-17-r5.dat,6,4,17,5
20190713/user6/user6-2-29-r6.dat,6,2,29,6
20190713/user6/user6-1-44-r5.dat,6,1,44,5
20190713/user6/user6-1-10-r3.dat,6,1,10,3
20190713/user6/user6-2-40-r3.dat,6,2,40,3
20190713/user6/user6-3-84-r3.dat,6,3,84,3
20190713/user6/user6-1-43-r5.dat,6,1,43,5
20190713/user6/user6-4-31-r5.dat,6,4,31,5
20190713/user6/user6-1-37-r5.dat,6,1,37,5
20190713/user6/user6-3-52-r2.dat,6,3,52,2
20190713/user6/user6-1-55-r3.dat,6,1,55,3
20190713/user6/user6-4-84-r4.dat,6,4,84,4
20190713/user6/user6-4-56-r2.dat,6,4,56,2
20190713/user6/user6-2-65-r5.dat,6,2,65,5
20190713/user6/user6-4-99-r4.dat,6,4,99,4
20190713/user6/user6-3-17-r5.dat,6,3,17,5
20190713/user6/user6-4-85-r4.dat,6,4,85,4
20190713/user6/user6-2-9-r1.dat,6,2,9,1
20190713/user6/user6-4-85-r5.dat,6,4,85,5
20190713/user6/user6-1-1-r1.dat,6,1,1,1
20190713/user6/user6-3-99-r5.dat,6,3,99,5
20190713/user6/user6-2-22-r4.dat,6,2,22,4
20190713/user6/user6-1-74-r2.dat,6,1,74,2
20190713/user6/user6-4-67-r4.dat,6,4,67,4
20190713/user6/user6-4-63-r4.dat,6,4,63,4
20190713/user6/user6-2-5-r1.dat,6,2,5,1
20190713/user6/user6-3-37-r3.dat,6,3,37,3
20190713/user6/user6-4-88-r3.dat,6,4,88,3
20190713/user6/user6-4-26-r3.dat,6,4,26,3
20190713/user6/user6-1-41-r6.dat,6,1,41,6
20190713/user6/user6-2-51-r2.dat,6,2,51,2
20190713/user6/user6-3-72-r6.dat,6,3,72,6
20190713/user6/user6-2-16-r5.dat,6,2,16,5
20190713/user6/user6-2-85-r5.dat,6,2,85,5
20190713/user6/user6-1-78-r1.dat,6,1,78,1
20190713/user6/user6-2-60-r6.dat,6,2,60,6
20190713/user6/user6-2-39-r3.dat,6,2,39,3
20190713/user6/user6-2-27-r1.dat,6,2,27,1
20190713/user6/user6-3-45-r2.dat,6,3,45,2
20190713/user6/user6-3-53-r6.dat,6,3,53,6
20190713/user6/user6-1-76-r2.dat,6,1,76,2
20190713/user6/user6-1-5-r6.dat,6,1,5,6
20190713/user6/user6-3-98-r3.dat,6,3,98,3
20190713/user6/user6-2-61-r4.dat,6,2,61,4
20190713/user6/user6-1-45-r1.dat,6,1,45,1
20190713/user6/user6-2-97-r3.dat,6,2,97,3
20190713/user6/user6-3-24-r6.dat,6,3,24,6
20190713/user6/user6-4-79-r1.dat,6,4,79,1
20190713/user6/user6-3-43-r1.dat,6,3,43,1
20190713/user6/user6-1-54-r2.dat,6,1,54,2
20190713/user6/user6-1-9-r3.dat,6,1,9,3
20190713/user6/user6-3-83-r4.dat,6,3,83,4
20190713/user6/user6-3-57-r5.dat,6,3,57,5
20190713/user6/user6-4-53-r3.dat,6,4,53,3
20190713/user6/user6-1-51-r2.dat,6,1,51,2
20190713/user6/user6-2-82-r6.dat,6,2,82,6
20190713/user6/user6-3-66-r1.dat,6,3,66,1
20190713/user6/user6-2-86-r6.dat,6,2,86,6
20190713/user6/user6-4-93-r5.dat,6,4,93,5
20190713/user6/user6-3-33-r6.dat,6,3,33,6
20190713/user6/user6-4-64-r3.dat,6,4,64,3
20190713/user6/user6-4-96-r3.dat,6,4,96,3
20190713/user6/user6-4-49-r1.dat,6,4,49,1
20190713/user6/user6-4-15-r2.dat,6,4,15,2
20190713/user6/user6-4-25-r3.dat,6,4,25,3
20190713/user6/user6-3-12-r2.dat,6,3,12,2
20190713/user6/user6-2-65-r3.dat,6,2,65,3
20190713/user6/user6-4-77-r4.dat,6,4,77,4
20190713/user6/user6-2-84-r1.dat,6,2,84,1
20190713/user6/user6-1-46-r1.dat,6,1,46,1
20190713/user6/user6-3-31-r3.dat,6,3,31,3
20190713/user6/user6-1-32-r3.dat,6,1,32,3
20190713/user6/user6-1-23-r4.dat,6,1,23,4
20190713/user6/user6-2-67-r5.dat,6,2,67,5
20190713/user6/user6-1-73-r5.dat,6,1,73,5
20190713/user6/user6-1-42-r6.dat,6,1,42,6
20190713/user6/user6-4-47-r4.dat,6,4,47,4
20190713/user6/user6-1-77-r4.dat,6,1,77,4
20190713/user6/user6-2-97-r6.dat,6,2,97,6
20190713/user6/user6-2-39-r2.dat,6,2,39,2
20190713/user6/user6-2-73-r2.dat,6,2,73,2
20190713/user6/user6-2-27-r4.dat,6,2,27,4
20190713/user6/user6-2-50-r1.dat,6,2,50,1
20190713/user6/user6-4-13-r3.dat,6,4,13,3
20190713/user6/user6-3-51-r1.dat,6,3,51,1
20190713/user6/user6-4-14-r1.dat,6,4,14,1
20190713/user6/user6-3-2-r6.dat,6,3,2,6
20190713/user6/user6-2-19-r3.dat,6,2,19,3
20190713/user6/user6-3-9-r5.dat,6,3,9,5
20190713/user6/user6-1-69-r5.dat,6,1,69,5
20190713/user6/user6-1-64-r1.dat,6,1,64,1
20190713/user6/user6-2-88-r5.dat,6,2,88,5
20190713/user6/user6-2-58-r4.dat,6,2,58,4
20190713/user6/user6-3-40-r6.dat,6,3,40,6
20190713/user6/user6-2-6-r4.dat,6,2,6,4
20190713/user6/user6-1-43-r6.dat,6,1,43,6
20190713/user6/user6-4-55-r1.dat,6,4,55,1
20190713/user6/user6-1-45-r2.dat,6,1,45,2
20190713/user6/user6-1-51-r6.dat,6,1,51,6
20190713/user6/user6-1-88-r6.dat,6,1,88,6
20190713/user6/user6-4-99-r3.dat,6,4,99,3
20190713/user6/user6-1-93-r5.dat,6,1,93,5
20190713/user6/user6-3-18-r3.dat,6,3,18,3
20190713/user6/user6-4-2-r4.dat,6,4,2,4
20190713/user6/user6-1-79-r6.dat,6,1,79,6
20190713/user6/user6-4-19-r2.dat,6,4,19,2
20190713/user6/user6-4-71-r3.dat,6,4,71,3
20190713/user6/user6-4-69-r4.dat,6,4,69,4
20190713/user6/user6-2-89-r2.dat,6,2,89,2
20190713/user6/user6-1-85-r6.dat,6,1,85,6
20190713/user6/user6-3-87-r5.dat,6,3,87,5
20190713/user6/user6-2-39-r5.dat,6,2,39,5
20190713/user6/user6-3-14-r1.dat,6,3,14,1
20190713/user6/user6-2-74-r6.dat,6,2,74,6
20190713/user6/user6-4-37-r6.dat,6,4,37,6
20190713/user6/user6-3-5-r1.dat,6,3,5,1
20190713/user6/user6-1-74-r1.dat,6,1,74,1
20190713/user6/user6-1-18-r1.dat,6,1,18,1
20190713/user6/user6-3-44-r3.dat,6,3,44,3
20190713/user6/user6-2-37-r6.dat,6,2,37,6
20190713/user6/user6-3-44-r6.dat,6,3,44,6
20190713/user6/user6-3-50-r2.dat,6,3,50,2
20190713/user6/user6-2-34-r4.dat,6,2,34,4
20190713/user6/user6-4-72-r5.dat,6,4,72,5
20190713/user6/user6-3-31-r1.dat,6,3,31,1
20190713/user6/user6-1-49-r6.dat,6,1,49,6
20190713/user6/user6-3-67-r4.dat,6,3,67,4
20190713/user6/user6-1-60-r3.dat,6,1,60,3
20190713/user6/user6-4-65-r4.dat,6,4,65,4
20190713/user6/user6-3-35-r2.dat,6,3,35,2
20190713/user6/user6-2-10-r3.dat,6,2,10,3
20190713/user6/user6-2-6-r2.dat,6,2,6,2
20190713/user6/user6-4-54-r2.dat,6,4,54,2
20190713/user6/user6-3-2-r2.dat,6,3,2,2
20190713/user6/user6-4-6-r2.dat,6,4,6,2
20190713/user6/user6-3-69-r4.dat,6,3,69,4
20190713/user6/user6-2-6-r6.dat,6,2,6,6
20190713/user6/user6-4-88-r5.dat,6,4,88,5
20190713/user6/user6-1-71-r4.dat,6,1,71,4
20190713/user6/user6-2-45-r1.dat,6,2,45,1
20190713/user6/user6-3-95-r1.dat,6,3,95,1
20190713/user6/user6-1-9-r5.dat,6,1,9,5
20190713/user6/user6-1-48-r2.dat,6,1,48,2
20190713/user6/user6-4-75-r2.dat,6,4,75,2
20190713/user6/user6-1-8-r6.dat,6,1,8,6
20190713/user6/user6-1-15-r2.dat,6,1,15,2
20190713/user6/user6-4-66-r1.dat,6,4,66,1
20190713/user6/user6-3-48-r2.dat,6,3,48,2
20190713/user6/user6-2-23-r6.dat,6,2,23,6
20190713/user6/user6-2-43-r2.dat,6,2,43,2
20190713/user6/user6-3-90-r6.dat,6,3,90,6
20190713/user6/user6-3-89-r2.dat,6,3,89,2
20190713/user6/user6-3-28-r2.dat,6,3,28,2
20190713/user6/user6-4-84-r6.dat,6,4,84,6
20190713/user6/user6-3-49-r6.dat,6,3,49,6
20190713/user6/user6-2-72-r4.dat,6,2,72,4
20190713/user6/user6-3-69-r2.dat,6,3,69,2
20190713/user6/user6-3-56-r4.dat,6,3,56,4
20190713/user6/user6-2-1-r2.dat,6,2,1,2
20190713/user6/user6-2-99-r5.dat,6,2,99,5
20190713/user6/user6-2-99-r2.dat,6,2,99,2
20190713/user6/user6-2-94-r1.dat,6,2,94,1
20190713/user6/user6-4-16-r5.dat,6,4,16,5
20190713/user6/user6-3-95-r6.dat,6,3,95,6
20190713/user6/user6-4-19-r1.dat,6,4,19,1
20190713/user6/user6-3-24-r2.dat,6,3,24,2
20190713/user6/user6-1-45-r6.dat,6,1,45,6
20190713/user6/user6-2-4-r1.dat,6,2,4,1
20190713/user6/user6-3-14-r2.dat,6,3,14,2
20190713/user6/user6-2-69-r2.dat,6,2,69,2
20190713/user6/user6-4-33-r5.dat,6,4,33,5
20190713/user6/user6-2-64-r4.dat,6,2,64,4
20190713/user6/user6-3-37-r1.dat,6,3,37,1
20190713/user6/user6-2-61-r5.dat,6,2,61,5
20190713/user6/user6-3-50-r1.dat,6,3,50,1
20190713/user6/user6-1-18-r6.dat,6,1,18,6
20190713/user6/user6-4-9-r3.dat,6,4,9,3
20190713/user6/user6-1-17-r3.dat,6,1,17,3
20190713/user6/user6-2-18-r3.dat,6,2,18,3
20190713/user6/user6-1-94-r2.dat,6,1,94,2
20190713/user6/user6-1-13-r4.dat,6,1,13,4
20190713/user6/user6-3-38-r5.dat,6,3,38,5
20190713/user6/user6-2-52-r1.dat,6,2,52,1
20190713/user6/user6-3-54-r2.dat,6,3,54,2
20190713/user6/user6-4-73-r4.dat,6,4,73,4
20190713/user6/user6-2-95-r3.dat,6,2,95,3
20190713/user6/user6-2-54-r3.dat,6,2,54,3
20190713/user6/user6-4-100-r1.dat,6,4,100,1
20190713/user6/user6-1-35-r6.dat,6,1,35,6
20190713/user6/user6-4-33-r4.dat,6,4,33,4
20190713/user6/user6-4-3-r2.dat,6,4,3,2
20190713/user6/user6-3-41-r2.dat,6,3,41,2
20190713/user6/user6-2-79-r4.dat,6,2,79,4
20190713/user6/user6-1-85-r4.dat,6,1,85,4
20190713/user6/user6-4-46-r1.dat,6,4,46,1
20190713/user6/user6-1-27-r2.dat,6,1,27,2
20190713/user6/user6-4-52-r2.dat,6,4,52,2
20190713/user6/user6-1-73-r4.dat,6,1,73,4
20190713/user6/user6-2-91-r1.dat,6,2,91,1
20190713/user6/user6-1-3-r2.dat,6,1,3,2
20190713/user6/user6-2-43-r6.dat,6,2,43,6
20190713/user6/user6-3-3-r5.dat,6,3,3,5
20190713/user6/user6-4-67-r1.dat,6,4,67,1
20190713/user6/user6-1-30-r5.dat,6,1,30,5
20190713/user6/user6-4-24-r1.dat,6,4,24,1
20190713/user6/user6-2-69-r1.dat,6,2,69,1
20190713/user6/user6-2-38-r6.dat,6,2,38,6
20190713/user6/user6-3-56-r6.dat,6,3,56,6
20190713/user6/user6-3-68-r2.dat,6,3,68,2
20190713/user6/user6-2-61-r2.dat,6,2,61,2
20190713/user6/user6-3-50-r3.dat,6,3,50,3
20190713/user6/user6-2-80-r4.dat,6,2,80,4
20190713/user6/user6-4-10-r1.dat,6,4,10,1
20190713/user6/user6-4-87-r3.dat,6,4,87,3
20190713/user6/user6-2-15-r4.dat,6,2,15,4
20190713/user6/user6-1-19-r5.dat,6,1,19,5
20190713/user6/user6-2-58-r5.dat,6,2,58,5
20190713/user6/user6-3-66-r6.dat,6,3,66,6
20190713/user6/user6-1-11-r1.dat,6,1,11,1
20190713/user6/user6-1-70-r2.dat,6,1,70,2
20190713/user6/user6-4-37-r2.dat,6,4,37,2
20190713/user6/user6-4-13-r4.dat,6,4,13,4
20190713/user6/user6-4-84-r2.dat,6,4,84,2
20190713/user6/user6-3-48-r5.dat,6,3,48,5
20190713/user6/user6-4-39-r3.dat,6,4,39,3
20190713/user6/user6-3-100-r3.dat,6,3,100,3
20190713/user6/user6-4-86-r6.dat,6,4,86,6
20190713/user6/user6-4-12-r6.dat,6,4,12,6
20190713/user6/user6-2-12-r2.dat,6,2,12,2
20190713/user6/user6-1-11-r3.dat,6,1,11,3
20190713/user6/user6-3-51-r4.dat,6,3,51,4
20190713/user6/user6-3-34-r2.dat,6,3,34,2
20190713/user6/user6-4-92-r4.dat,6,4,92,4
20190713/user6/user6-2-54-r2.dat,6,2,54,2
20190713/user6/user6-3-97-r2.dat,6,3,97,2
20190713/user6/user6-1-6-r5.dat,6,1,6,5
20190713/user6/user6-4-5-r3.dat,6,4,5,3
20190713/user6/user6-2-92-r6.dat,6,2,92,6
20190713/user6/user6-2-38-r4.dat,6,2,38,4
20190713/user6/user6-3-54-r3.dat,6,3,54,3
20190713/user6/user6-1-15-r3.dat,6,1,15,3
20190713/user6/user6-2-17-r2.dat,6,2,17,2
20190713/user6/user6-3-34-r4.dat,6,3,34,4
20190713/user6/user6-1-65-r2.dat,6,1,65,2
20190713/user6/user6-4-42-r3.dat,6,4,42,3
20190713/user6/user6-4-83-r4.dat,6,4,83,4
20190713/user6/user6-2-57-r3.dat,6,2,57,3
20190713/user6/user6-3-5-r5.dat,6,3,5,5
20190713/user6/user6-2-18-r1.dat,6,2,18,1
20190713/user6/user6-4-25-r6.dat,6,4,25,6
20190713/user6/user6-2-11-r3.dat,6,2,11,3
20190713/user6/user6-4-6-r1.dat,6,4,6,1
20190713/user6/user6-2-93-r1.dat,6,2,93,1
20190713/user6/user6-4-94-r1.dat,6,4,94,1
20190713/user6/user6-2-1-r3.dat,6,2,1,3
20190713/user6/user6-3-28-r5.dat,6,3,28,5
20190713/user6/user6-3-39-r6.dat,6,3,39,6
20190713/user6/user6-4-93-r3.dat,6,4,93,3
20190713/user6/user6-4-97-r1.dat,6,4,97,1
20190713/user6/user6-4-38-r3.dat,6,4,38,3
20190713/user6/user6-1-13-r5.dat,6,1,13,5
20190713/user6/user6-2-73-r6.dat,6,2,73,6
20190713/user6/user6-4-69-r6.dat,6,4,69,6
20190713/user6/user6-1-11-r5.dat,6,1,11,5
20190713/user6/user6-4-47-r2.dat,6,4,47,2
20190713/user6/user6-2-24-r3.dat,6,2,24,3
20190713/user6/user6-4-29-r5.dat,6,4,29,5
20190713/user6/user6-4-22-r3.dat,6,4,22,3
20190713/user6/user6-2-33-r5.dat,6,2,33,5
20190713/user6/user6-2-16-r3.dat,6,2,16,3
20190713/user6/user6-4-28-r5.dat,6,4,28,5
20190713/user6/user6-3-47-r4.dat,6,3,47,4
20190713/user6/user6-1-21-r4.dat,6,1,21,4
20190713/user6/user6-4-62-r5.dat,6,4,62,5
20190713/user6/user6-2-54-r4.dat,6,2,54,4
20190713/user6/user6-1-33-r5.dat,6,1,33,5
20190713/user6/user6-3-31-r6.dat,6,3,31,6
20190713/user6/user6-4-95-r1.dat,6,4,95,1
20190713/user6/user6-4-91-r2.dat,6,4,91,2
20190713/user6/user6-2-68-r1.dat,6,2,68,1
20190713/user6/user6-4-98-r6.dat,6,4,98,6
20190713/user6/user6-2-49-r1.dat,6,2,49,1
20190713/user6/user6-2-67-r1.dat,6,2,67,1
20190713/user6/user6-3-26-r4.dat,6,3,26,4
20190713/user6/user6-2-31-r5.dat,6,2,31,5
20190713/user6/user6-1-81-r1.dat,6,1,81,1
20190713/user6/user6-2-62-r3.dat,6,2,62,3
20190713/user6/user6-2-35-r5.dat,6,2,35,5
20190713/user6/user6-2-24-r1.dat,6,2,24,1
20190713/user6/user6-1-97-r3.dat,6,1,97,3
20190713/user6/user6-2-86-r2.dat,6,2,86,2
20190713/user6/user6-4-49-r2.dat,6,4,49,2
20190713/user6/user6-3-54-r1.dat,6,3,54,1
20190713/user6/user6-3-47-r1.dat,6,3,47,1
20190713/user6/user6-1-8-r4.dat,6,1,8,4
20190713/user6/user6-3-62-r4.dat,6,3,62,4
20190713/user6/user6-3-21-r1.dat,6,3,21,1
20190713/user6/user6-1-75-r3.dat,6,1,75,3
20190713/user6/user6-3-12-r5.dat,6,3,12,5
20190713/user6/user6-4-37-r4.dat,6,4,37,4
20190713/user6/user6-3-71-r1.dat,6,3,71,1
20190713/user6/user6-2-85-r2.dat,6,2,85,2
20190713/user6/user6-3-77-r6.dat,6,3,77,6
20190713/user6/user6-2-50-r5.dat,6,2,50,5
20190713/user6/user6-2-4-r4.dat,6,2,4,4
20190713/user6/user6-3-98-r5.dat,6,3,98,5
20190713/user6/user6-2-57-r4.dat,6,2,57,4
20190713/user6/user6-3-99-r1.dat,6,3,99,1
20190713/user6/user6-3-94-r4.dat,6,3,94,4
20190713/user6/user6-3-65-r3.dat,6,3,65,3
20190713/user6/user6-2-9-r2.dat,6,2,9,2
20190713/user6/user6-1-10-r4.dat,6,1,10,4
20190713/user6/user6-3-33-r5.dat,6,3,33,5
20190713/user6/user6-4-23-r4.dat,6,4,23,4
20190713/user6/user6-1-54-r1.dat,6,1,54,1
20190713/user6/user6-1-91-r6.dat,6,1,91,6
20190713/user6/user6-1-76-r1.dat,6,1,76,1
20190713/user6/user6-3-46-r1.dat,6,3,46,1
20190713/user6/user6-1-11-r2.dat,6,1,11,2
20190713/user6/user6-3-13-r3.dat,6,3,13,3
20190713/user6/user6-2-60-r4.dat,6,2,60,4
20190713/user6/user6-2-36-r5.dat,6,2,36,5
20190713/user6/user6-4-87-r4.dat,6,4,87,4
20190713/user6/user6-3-96-r4.dat,6,3,96,4
20190713/user6/user6-1-51-r5.dat,6,1,51,5
20190713/user6/user6-3-44-r2.dat,6,3,44,2
20190713/user6/user6-3-33-r3.dat,6,3,33,3
20190713/user6/user6-2-34-r5.dat,6,2,34,5
20190713/user6/user6-2-5-r4.dat,6,2,5,4
20190713/user6/user6-1-37-r1.dat,6,1,37,1
20190713/user6/user6-3-87-r3.dat,6,3,87,3
20190713/user6/user6-1-69-r6.dat,6,1,69,6
20190713/user6/user6-1-65-r5.dat,6,1,65,5
20190713/user6/user6-4-65-r6.dat,6,4,65,6
20190713/user6/user6-1-51-r3.dat,6,1,51,3
20190713/user6/user6-3-35-r5.dat,6,3,35,5
20190713/user6/user6-2-23-r2.dat,6,2,23,2
20190713/user6/user6-1-55-r1.dat,6,1,55,1
20190713/user6/user6-1-92-r4.dat,6,1,92,4
20190713/user6/user6-4-75-r6.dat,6,4,75,6
20190713/user6/user6-4-16-r2.dat,6,4,16,2
20190713/user6/user6-4-39-r2.dat,6,4,39,2
20190713/user6/user6-2-25-r3.dat,6,2,25,3
20190713/user6/user6-2-75-r5.dat,6,2,75,5
20190713/user6/user6-3-63-r1.dat,6,3,63,1
20190713/user6/user6-2-32-r6.dat,6,2,32,6
20190713/user6/user6-3-50-r5.dat,6,3,50,5
20190713/user6/user6-3-18-r2.dat,6,3,18,2
20190713/user6/user6-4-24-r6.dat,6,4,24,6
20190713/user6/user6-3-7-r2.dat,6,3,7,2
20190713/user6/user6-4-81-r1.dat,6,4,81,1
20190713/user6/user6-1-58-r3.dat,6,1,58,3
20190713/user6/user6-4-1-r6.dat,6,4,1,6
20190713/user6/user6-3-89-r5.dat,6,3,89,5
20190713/user6/user6-1-18-r2.dat,6,1,18,2
20190713/user6/user6-3-85-r2.dat,6,3,85,2
20190713/user6/user6-3-16-r2.dat,6,3,16,2
20190713/user6/user6-3-80-r6.dat,6,3,80,6
20190713/user6/user6-3-22-r6.dat,6,3,22,6
20190713/user6/user6-2-4-r3.dat,6,2,4,3
20190713/user6/user6-1-60-r1.dat,6,1,60,1
20190713/user6/user6-3-21-r5.dat,6,3,21,5
20190713/user6/user6-4-29-r3.dat,6,4,29,3
20190713/user6/user6-4-7-r2.dat,6,4,7,2
20190713/user6/user6-2-55-r2.dat,6,2,55,2
20190713/user6/user6-3-3-r3.dat,6,3,3,3
20190713/user6/user6-4-76-r2.dat,6,4,76,2
20190713/user6/user6-2-21-r4.dat,6,2,21,4
20190713/user6/user6-2-23-r3.dat,6,2,23,3
20190713/user6/user6-3-27-r2.dat,6,3,27,2
20190713/user6/user6-1-22-r6.dat,6,1,22,6
20190713/user6/user6-1-81-r6.dat,6,1,81,6
20190713/user6/user6-2-12-r1.dat,6,2,12,1
20190713/user6/user6-2-90-r4.dat,6,2,90,4
20190713/user6/user6-4-98-r4.dat,6,4,98,4
20190713/user6/user6-3-39-r4.dat,6,3,39,4
20190713/user6/user6-2-86-r3.dat,6,2,86,3
20190713/user6/user6-2-13-r2.dat,6,2,13,2
20190713/user6/user6-2-33-r3.dat,6,2,33,3
20190713/user6/user6-1-52-r6.dat,6,1,52,6
20190713/user6/user6-1-100-r5.dat,6,1,100,5
20190713/user6/user6-3-100-r1.dat,6,3,100,1
20190713/user6/user6-2-100-r6.dat,6,2,100,6
20190713/user6/user6-2-31-r6.dat,6,2,31,6
20190713/user6/user6-4-79-r5.dat,6,4,79,5
20190713/user6/user6-2-27-r6.dat,6,2,27,6
20190713/user6/user6-4-96-r4.dat,6,4,96,4
20190713/user6/user6-2-45-r2.dat,6,2,45,2
20190713/user6/user6-1-3-r6.dat,6,1,3,6
20190713/user6/user6-1-82-r1.dat,6,1,82,1
20190713/user6/user6-4-98-r1.dat,6,4,98,1
20190713/user6/user6-3-35-r4.dat,6,3,35,4
20190713/user6/user6-3-54-r5.dat,6,3,54,5
20190713/user6/user6-4-100-r5.dat,6,4,100,5
20190713/user6/user6-2-37-r2.dat,6,2,37,2
20190713/user6/user6-1-72-r3.dat,6,1,72,3
20190713/user6/user6-3-45-r3.dat,6,3,45,3
20190713/user6/user6-4-38-r5.dat,6,4,38,5
20190713/user6/user6-1-12-r6.dat,6,1,12,6
20190713/user6/user6-4-35-r2.dat,6,4,35,2
20190713/user6/user6-1-40-r5.dat,6,1,40,5
20190713/user6/user6-1-16-r4.dat,6,1,16,4
20190713/user6/user6-1-80-r2.dat,6,1,80,2
20190713/user6/user6-4-40-r2.dat,6,4,40,2
20190713/user6/user6-3-58-r6.dat,6,3,58,6
20190713/user6/user6-3-83-r1.dat,6,3,83,1
20190713/user6/user6-4-21-r3.dat,6,4,21,3
20190713/user6/user6-4-39-r4.dat,6,4,39,4
20190713/user6/user6-4-79-r3.dat,6,4,79,3
20190713/user6/user6-2-75-r4.dat,6,2,75,4
20190713/user6/user6-3-77-r4.dat,6,3,77,4
20190713/user6/user6-4-6-r4.dat,6,4,6,4
20190713/user6/user6-2-28-r4.dat,6,2,28,4
20190713/user6/user6-2-42-r2.dat,6,2,42,2
20190713/user6/user6-3-75-r5.dat,6,3,75,5
20190713/user6/user6-1-37-r2.dat,6,1,37,2
20190713/user6/user6-3-77-r5.dat,6,3,77,5
20190713/user6/user6-2-34-r3.dat,6,2,34,3
20190713/user6/user6-2-19-r5.dat,6,2,19,5
20190713/user6/user6-4-40-r3.dat,6,4,40,3
20190713/user6/user6-4-44-r5.dat,6,4,44,5
20190713/user6/user6-4-12-r5.dat,6,4,12,5
20190713/user6/user6-2-62-r6.dat,6,2,62,6
20190713/user6/user6-2-41-r6.dat,6,2,41,6
20190713/user6/user6-3-75-r4.dat,6,3,75,4
20190713/user6/user6-3-38-r6.dat,6,3,38,6
20190713/user6/user6-2-24-r5.dat,6,2,24,5
20190713/user6/user6-1-84-r3.dat,6,1,84,3
20190713/user6/user6-2-43-r3.dat,6,2,43,3
20190713/user6/user6-1-30-r6.dat,6,1,30,6
20190713/user6/user6-1-16-r6.dat,6,1,16,6
20190713/user6/user6-3-98-r2.dat,6,3,98,2
20190713/user6/user6-3-96-r5.dat,6,3,96,5
20190713/user6/user6-2-86-r1.dat,6,2,86,1
20190713/user6/user6-2-62-r5.dat,6,2,62,5
20190713/user6/user6-1-53-r3.dat,6,1,53,3
20190713/user6/user6-4-18-r6.dat,6,4,18,6
20190713/user6/user6-4-51-r3.dat,6,4,51,3
20190713/user6/user6-2-23-r5.dat,6,2,23,5
20190713/user6/user6-3-10-r1.dat,6,3,10,1
20190713/user6/user6-1-25-r4.dat,6,1,25,4
20190713/user6/user6-2-9-r4.dat,6,2,9,4
20190713/user6/user6-2-98-r4.dat,6,2,98,4
20190713/user6/user6-4-66-r6.dat,6,4,66,6
20190713/user6/user6-3-90-r4.dat,6,3,90,4
20190713/user6/user6-3-38-r4.dat,6,3,38,4
20190713/user6/user6-4-61-r1.dat,6,4,61,1
20190713/user6/user6-3-55-r2.dat,6,3,55,2
20190713/user6/user6-3-19-r3.dat,6,3,19,3
20190713/user6/user6-2-45-r3.dat,6,2,45,3
20190713/user6/user6-1-73-r1.dat,6,1,73,1
20190713/user6/user6-3-35-r6.dat,6,3,35,6
20190713/user6/user6-4-53-r6.dat,6,4,53,6
20190713/user6/user6-3-87-r2.dat,6,3,87,2
20190713/user6/user6-3-13-r6.dat,6,3,13,6
20190713/user6/user6-1-16-r2.dat,6,1,16,2
20190713/user6/user6-3-90-r3.dat,6,3,90,3
20190713/user6/user6-2-13-r4.dat,6,2,13,4
20190713/user6/user6-2-72-r2.dat,6,2,72,2
20190713/user6/user6-4-46-r2.dat,6,4,46,2
20190713/user6/user6-2-66-r2.dat,6,2,66,2
20190713/user6/user6-2-85-r1.dat,6,2,85,1
20190713/user6/user6-1-48-r6.dat,6,1,48,6
20190713/user6/user6-4-44-r6.dat,6,4,44,6
20190713/user6/user6-2-3-r6.dat,6,2,3,6
20190713/user6/user6-1-92-r5.dat,6,1,92,5
20190713/user6/user6-1-22-r3.dat,6,1,22,3
20190713/user6/user6-1-21-r3.dat,6,1,21,3
20190713/user6/user6-4-81-r2.dat,6,4,81,2
20190713/user6/user6-3-49-r5.dat,6,3,49,5
20190713/user6/user6-3-12-r4.dat,6,3,12,4
20190713/user6/user6-1-61-r6.dat,6,1,61,6
20190713/user6/user6-2-99-r1.dat,6,2,99,1
20190713/user6/user6-4-86-r1.dat,6,4,86,1
20190713/user6/user6-3-1-r1.dat,6,3,1,1
20190713/user6/user6-2-59-r4.dat,6,2,59,4
20190713/user6/user6-4-8-r3.dat,6,4,8,3
20190713/user6/user6-4-80-r6.dat,6,4,80,6
20190713/user6/user6-3-8-r4.dat,6,3,8,4
20190713/user6/user6-4-30-r3.dat,6,4,30,3
20190713/user6/user6-4-100-r3.dat,6,4,100,3
20190713/user6/user6-1-78-r3.dat,6,1,78,3
20190713/user6/user6-4-75-r3.dat,6,4,75,3
20190713/user6/user6-2-41-r5.dat,6,2,41,5
20190713/user6/user6-1-69-r3.dat,6,1,69,3
20190713/user6/user6-4-59-r5.dat,6,4,59,5
20190713/user6/user6-2-43-r5.dat,6,2,43,5
20190713/user6/user6-3-28-r4.dat,6,3,28,4
20190713/user6/user6-2-97-r5.dat,6,2,97,5
20190713/user6/user6-1-26-r1.dat,6,1,26,1
20190713/user6/user6-1-66-r2.dat,6,1,66,2
20190713/user6/user6-2-57-r1.dat,6,2,57,1
20190713/user6/user6-1-79-r5.dat,6,1,79,5
20190713/user6/user6-2-70-r5.dat,6,2,70,5
20190713/user6/user6-4-61-r4.dat,6,4,61,4
20190713/user6/user6-2-78-r3.dat,6,2,78,3
20190713/user6/user6-2-54-r6.dat,6,2,54,6
20190713/user6/user6-2-60-r3.dat,6,2,60,3
20190713/user6/user6-1-85-r3.dat,6,1,85,3
20190713/user6/user6-2-74-r4.dat,6,2,74,4
20190713/user6/user6-3-53-r4.dat,6,3,53,4
20190713/user6/user6-4-48-r2.dat,6,4,48,2
20190713/user6/user6-2-30-r4.dat,6,2,30,4
20190713/user6/user6-4-74-r6.dat,6,4,74,6
20190713/user6/user6-4-1-r2.dat,6,4,1,2
20190713/user6/user6-1-88-r5.dat,6,1,88,5
20190713/user6/user6-4-90-r2.dat,6,4,90,2
20190713/user6/user6-2-13-r1.dat,6,2,13,1
20190713/user6/user6-1-72-r2.dat,6,1,72,2
20190713/user6/user6-1-3-r3.dat,6,1,3,3
20190713/user6/user6-2-76-r5.dat,6,2,76,5
20190713/user6/user6-3-3-r2.dat,6,3,3,2
20190713/user6/user6-4-67-r5.dat,6,4,67,5
20190713/user6/user6-3-14-r3.dat,6,3,14,3
20190713/user6/user6-2-77-r5.dat,6,2,77,5
20190713/user6/user6-3-64-r4.dat,6,3,64,4
20190713/user6/user6-1-20-r3.dat,6,1,20,3
20190713/user6/user6-4-96-r5.dat,6,4,96,5
20190713/user6/user6-3-62-r6.dat,6,3,62,6
20190713/user6/user6-3-66-r2.dat,6,3,66,2
20190713/user6/user6-2-64-r2.dat,6,2,64,2
20190713/user6/user6-4-91-r5.dat,6,4,91,5
20190713/user6/user6-2-62-r2.dat,6,2,62,2
20190713/user6/user6-4-4-r3.dat,6,4,4,3
20190713/user6/user6-4-72-r1.dat,6,4,72,1
20190713/user6/user6-4-55-r6.dat,6,4,55,6
20190713/user6/user6-2-1-r1.dat,6,2,1,1
20190713/user6/user6-3-68-r6.dat,6,3,68,6
20190713/user6/user6-4-87-r6.dat,6,4,87,6
20190713/user6/user6-4-24-r2.dat,6,4,24,2
20190713/user6/user6-1-35-r5.dat,6,1,35,5
20190713/user6/user6-3-48-r3.dat,6,3,48,3
20190713/user6/user6-4-84-r5.dat,6,4,84,5
20190713/user6/user6-1-9-r6.dat,6,1,9,6
20190713/user6/user6-1-86-r2.dat,6,1,86,2
20190713/user6/user6-2-50-r3.dat,6,2,50,3
20190713/user6/user6-1-1-r4.dat,6,1,1,4
20190713/user6/user6-3-73-r2.dat,6,3,73,2
20190713/user6/user6-1-60-r6.dat,6,1,60,6
20190713/user6/user6-1-77-r3.dat,6,1,77,3
20190713/user6/user6-2-44-r5.dat,6,2,44,5
20190713/user6/user6-2-64-r3.dat,6,2,64,3
20190713/user6/user6-2-63-r5.dat,6,2,63,5
20190713/user6/user6-3-92-r4.dat,6,3,92,4
20190713/user6/user6-1-28-r1.dat,6,1,28,1
20190713/user6/user6-3-2-r3.dat,6,3,2,3
20190713/user6/user6-1-33-r2.dat,6,1,33,2
20190713/user6/user6-2-21-r2.dat,6,2,21,2
20190713/user6/user6-1-75-r5.dat,6,1,75,5
20190713/user6/user6-4-3-r3.dat,6,4,3,3
20190713/user6/user6-2-68-r3.dat,6,2,68,3
20190713/user6/user6-3-36-r6.dat,6,3,36,6
20190713/user6/user6-2-7-r1.dat,6,2,7,1
20190713/user6/user6-4-67-r3.dat,6,4,67,3
20190713/user6/user6-3-94-r2.dat,6,3,94,2
20190713/user6/user6-4-29-r4.dat,6,4,29,4
20190713/user6/user6-4-36-r5.dat,6,4,36,5
20190713/user6/user6-2-24-r2.dat,6,2,24,2
20190713/user6/user6-3-11-r6.dat,6,3,11,6
20190713/user6/user6-4-91-r1.dat,6,4,91,1
20190713/user6/user6-1-72-r6.dat,6,1,72,6
20190713/user6/user6-3-99-r2.dat,6,3,99,2
20190713/user6/user6-1-74-r4.dat,6,1,74,4
20190713/user6/user6-1-88-r3.dat,6,1,88,3
20190713/user6/user6-2-21-r3.dat,6,2,21,3
20190713/user6/user6-3-22-r5.dat,6,3,22,5
20190713/user6/user6-3-19-r2.dat,6,3,19,2
20190713/user6/user6-1-94-r4.dat,6,1,94,4
20190713/user6/user6-2-22-r6.dat,6,2,22,6
20190713/user6/user6-3-17-r1.dat,6,3,17,1
20190713/user6/user6-4-39-r6.dat,6,4,39,6
20190713/user6/user6-3-92-r6.dat,6,3,92,6
20190713/user6/user6-3-89-r4.dat,6,3,89,4
20190713/user6/user6-3-81-r6.dat,6,3,81,6
20190713/user6/user6-1-61-r5.dat,6,1,61,5
20190713/user6/user6-3-47-r3.dat,6,3,47,3
20190713/user6/user6-4-43-r1.dat,6,4,43,1
20190713/user6/user6-3-9-r4.dat,6,3,9,4
20190713/user6/user6-4-7-r5.dat,6,4,7,5
20190713/user6/user6-4-64-r4.dat,6,4,64,4
20190713/user6/user6-1-51-r4.dat,6,1,51,4
20190713/user6/user6-3-4-r3.dat,6,3,4,3
20190713/user6/user6-1-73-r6.dat,6,1,73,6
20190713/user6/user6-3-9-r1.dat,6,3,9,1
20190713/user6/user6-2-19-r6.dat,6,2,19,6
20190713/user6/user6-3-85-r1.dat,6,3,85,1
20190713/user6/user6-3-25-r6.dat,6,3,25,6
20190713/user6/user6-2-10-r6.dat,6,2,10,6
20190713/user6/user6-4-28-r6.dat,6,4,28,6
20190713/user6/user6-3-80-r5.dat,6,3,80,5
20190713/user6/user6-3-37-r4.dat,6,3,37,4
20190713/user6/user6-2-98-r1.dat,6,2,98,1
20190713/user6/user6-1-45-r3.dat,6,1,45,3
20190713/user6/user6-4-57-r6.dat,6,4,57,6
20190713/user6/user6-2-56-r2.dat,6,2,56,2
20190713/user6/user6-1-52-r4.dat,6,1,52,4
20190713/user6/user6-2-34-r2.dat,6,2,34,2
20190713/user6/user6-2-56-r5.dat,6,2,56,5
20190713/user6/user6-4-3-r5.dat,6,4,3,5
20190713/user6/user6-2-50-r2.dat,6,2,50,2
20190713/user6/user6-3-20-r2.dat,6,3,20,2
20190713/user6/user6-3-78-r3.dat,6,3,78,3
20190713/user6/user6-4-44-r3.dat,6,4,44,3
20190713/user6/user6-4-34-r5.dat,6,4,34,5
20190713/user6/user6-3-68-r5.dat,6,3,68,5
20190713/user6/user6-4-48-r3.dat,6,4,48,3
20190713/user6/user6-4-4-r5.dat,6,4,4,5
20190713/user6/user6-2-63-r4.dat,6,2,63,4
20190713/user6/user6-2-47-r2.dat,6,2,47,2
20190713/user6/user6-4-93-r4.dat,6,4,93,4
20190713/user6/user6-1-30-r3.dat,6,1,30,3
20190713/user6/user6-3-9-r6.dat,6,3,9,6
20190713/user6/user6-3-61-r1.dat,6,3,61,1
20190713/user6/user6-4-12-r2.dat,6,4,12,2
20190713/user6/user6-3-5-r2.dat,6,3,5,2
20190713/user6/user6-3-20-r5.dat,6,3,20,5
20190713/user6/user6-1-86-r1.dat,6,1,86,1
20190713/user6/user6-4-73-r2.dat,6,4,73,2
20190713/user6/user6-4-33-r6.dat,6,4,33,6
20190713/user6/user6-3-61-r2.dat,6,3,61,2
20190713/user6/user6-4-16-r3.dat,6,4,16,3
20190713/user6/user6-1-9-r2.dat,6,1,9,2
20190713/user6/user6-1-86-r4.dat,6,1,86,4
20190713/user6/user6-3-79-r5.dat,6,3,79,5
20190713/user6/user6-4-16-r1.dat,6,4,16,1
20190713/user6/user6-3-30-r4.dat,6,3,30,4
20190713/user6/user6-3-52-r3.dat,6,3,52,3
20190713/user6/user6-2-48-r6.dat,6,2,48,6
20190713/user6/user6-3-29-r1.dat,6,3,29,1
20190713/user6/user6-2-62-r4.dat,6,2,62,4
20190713/user6/user6-4-42-r4.dat,6,4,42,4
20190713/user6/user6-2-79-r3.dat,6,2,79,3
20190713/user6/user6-1-96-r6.dat,6,1,96,6
20190713/user6/user6-2-16-r2.dat,6,2,16,2
20190713/user6/user6-3-42-r6.dat,6,3,42,6
20190713/user6/user6-4-27-r6.dat,6,4,27,6
20190713/user6/user6-3-67-r5.dat,6,3,67,5
20190713/user6/user6-3-26-r1.dat,6,3,26,1
20190713/user6/user6-4-52-r6.dat,6,4,52,6
20190713/user7/user7-4-99-r3.dat,7,4,99,3
20190713/user7/user7-4-24-r3.dat,7,4,24,3
20190713/user7/user7-2-4-r3.dat,7,2,4,3
20190713/user7/user7-1-55-r1.dat,7,1,55,1
20190713/user7/user7-2-30-r1.dat,7,2,30,1
20190713/user7/user7-4-23-r2.dat,7,4,23,2
20190713/user7/user7-1-88-r5.dat,7,1,88,5
20190713/user7/user7-3-3-r5.dat,7,3,3,5
20190713/user7/user7-1-20-r1.dat,7,1,20,1
20190713/user7/user7-3-89-r3.dat,7,3,89,3
20190713/user7/user7-3-60-r6.dat,7,3,60,6
20190713/user7/user7-4-41-r5.dat,7,4,41,5
20190713/user7/user7-2-63-r5.dat,7,2,63,5
20190713/user7/user7-1-72-r3.dat,7,1,72,3
20190713/user7/user7-4-78-r3.dat,7,4,78,3
20190713/user7/user7-1-81-r2.dat,7,1,81,2
20190713/user7/user7-2-45-r6.dat,7,2,45,6
20190713/user7/user7-1-42-r3.dat,7,1,42,3
20190713/user7/user7-3-41-r5.dat,7,3,41,5
20190713/user7/user7-3-67-r6.dat,7,3,67,6
20190713/user7/user7-4-10-r1.dat,7,4,10,1
20190713/user7/user7-1-32-r5.dat,7,1,32,5
20190713/user7/user7-4-50-r5.dat,7,4,50,5
20190713/user7/user7-3-73-r1.dat,7,3,73,1
20190713/user7/user7-2-59-r6.dat,7,2,59,6
20190713/user7/user7-1-40-r3.dat,7,1,40,3
20190713/user7/user7-3-51-r3.dat,7,3,51,3
20190713/user7/user7-2-42-r3.dat,7,2,42,3
20190713/user7/user7-3-12-r4.dat,7,3,12,4
20190713/user7/user7-3-68-r6.dat,7,3,68,6
20190713/user7/user7-3-45-r1.dat,7,3,45,1
20190713/user7/user7-1-85-r1.dat,7,1,85,1
20190713/user7/user7-2-74-r4.dat,7,2,74,4
20190713/user7/user7-1-10-r1.dat,7,1,10,1
20190713/user7/user7-4-6-r5.dat,7,4,6,5
20190713/user7/user7-3-88-r4.dat,7,3,88,4
20190713/user7/user7-1-70-r5.dat,7,1,70,5
20190713/user7/user7-1-10-r4.dat,7,1,10,4
20190713/user7/user7-3-6-r6.dat,7,3,6,6
20190713/user7/user7-1-13-r1.dat,7,1,13,1
20190713/user7/user7-3-61-r3.dat,7,3,61,3
20190713/user7/user7-4-71-r3.dat,7,4,71,3
20190713/user7/user7-4-57-r3.dat,7,4,57,3
20190713/user7/user7-1-3-r1.dat,7,1,3,1
20190713/user7/user7-2-67-r1.dat,7,2,67,1
20190713/user7/user7-3-27-r2.dat,7,3,27,2
20190713/user7/user7-1-3-r5.dat,7,1,3,5
20190713/user7/user7-3-20-r2.dat,7,3,20,2
20190713/user7/user7-4-11-r6.dat,7,4,11,6
20190713/user7/user7-2-70-r4.dat,7,2,70,4
20190713/user7/user7-3-69-r1.dat,7,3,69,1
20190713/user7/user7-1-93-r1.dat,7,1,93,1
20190713/user7/user7-2-19-r4.dat,7,2,19,4
20190713/user7/user7-2-89-r3.dat,7,2,89,3
20190713/user7/user7-3-15-r1.dat,7,3,15,1
20190713/user7/user7-4-18-r5.dat,7,4,18,5
20190713/user7/user7-2-100-r6.dat,7,2,100,6
20190713/user7/user7-2-78-r4.dat,7,2,78,4
20190713/user7/user7-4-52-r5.dat,7,4,52,5
20190713/user7/user7-2-25-r1.dat,7,2,25,1
20190713/user7/user7-1-52-r3.dat,7,1,52,3
20190713/user7/user7-4-59-r3.dat,7,4,59,3
20190713/user7/user7-2-7-r1.dat,7,2,7,1
20190713/user7/user7-2-33-r6.dat,7,2,33,6
20190713/user7/user7-3-18-r3.dat,7,3,18,3
20190713/user7/user7-2-23-r2.dat,7,2,23,2
20190713/user7/user7-1-24-r6.dat,7,1,24,6
20190713/user7/user7-3-48-r1.dat,7,3,48,1
20190713/user7/user7-4-22-r4.dat,7,4,22,4
20190713/user7/user7-1-45-r3.dat,7,1,45,3
20190713/user7/user7-4-78-r5.dat,7,4,78,5
20190713/user7/user7-3-41-r6.dat,7,3,41,6
20190713/user7/user7-1-5-r2.dat,7,1,5,2
20190713/user7/user7-4-87-r1.dat,7,4,87,1
20190713/user7/user7-4-41-r1.dat,7,4,41,1
20190713/user7/user7-2-54-r2.dat,7,2,54,2
20190713/user7/user7-2-97-r4.dat,7,2,97,4
20190713/user7/user7-4-51-r6.dat,7,4,51,6
20190713/user7/user7-2-71-r4.dat,7,2,71,4
20190713/user7/user7-3-16-r4.dat,7,3,16,4
20190713/user7/user7-1-90-r5.dat,7,1,90,5
20190713/user7/user7-1-64-r6.dat,7,1,64,6
20190713/user7/user7-1-44-r2.dat,7,1,44,2
20190713/user7/user7-2-51-r6.dat,7,2,51,6
20190713/user7/user7-3-74-r3.dat,7,3,74,3
20190713/user7/user7-2-43-r3.dat,7,2,43,3
20190713/user7/user7-3-71-r5.dat,7,3,71,5
20190713/user7/user7-2-86-r2.dat,7,2,86,2
20190713/user7/user7-4-61-r6.dat,7,4,61,6
20190713/user7/user7-1-22-r4.dat,7,1,22,4
20190713/user7/user7-4-86-r3.dat,7,4,86,3
20190713/user7/user7-4-100-r1.dat,7,4,100,1
20190713/user7/user7-2-83-r6.dat,7,2,83,6
20190713/user7/user7-3-76-r3.dat,7,3,76,3
20190713/user7/user7-1-30-r1.dat,7,1,30,1
20190713/user7/user7-3-97-r6.dat,7,3,97,6
20190713/user7/user7-1-94-r3.dat,7,1,94,3
20190713/user7/user7-1-31-r6.dat,7,1,31,6
20190713/user7/user7-2-13-r2.dat,7,2,13,2
20190713/user7/user7-3-59-r6.dat,7,3,59,6
20190713/user7/user7-1-38-r3.dat,7,1,38,3
20190713/user7/user7-4-37-r5.dat,7,4,37,5
20190713/user7/user7-3-82-r4.dat,7,3,82,4
20190713/user7/user7-3-35-r6.dat,7,3,35,6
20190713/user7/user7-1-27-r1.dat,7,1,27,1
20190713/user7/user7-4-30-r5.dat,7,4,30,5
20190713/user7/user7-2-47-r3.dat,7,2,47,3
20190713/user7/user7-4-48-r6.dat,7,4,48,6
20190713/user7/user7-2-29-r4.dat,7,2,29,4
20190713/user7/user7-4-65-r4.dat,7,4,65,4
20190713/user7/user7-4-8-r6.dat,7,4,8,6
20190713/user7/user7-4-21-r6.dat,7,4,21,6
20190713/user7/user7-2-21-r3.dat,7,2,21,3
20190713/user7/user7-4-41-r3.dat,7,4,41,3
20190713/user7/user7-1-47-r6.dat,7,1,47,6
20190713/user7/user7-1-97-r1.dat,7,1,97,1
20190713/user7/user7-2-66-r6.dat,7,2,66,6
20190713/user7/user7-3-31-r3.dat,7,3,31,3
20190713/user7/user7-4-62-r2.dat,7,4,62,2
20190713/user7/user7-2-21-r5.dat,7,2,21,5
20190713/user7/user7-2-61-r2.dat,7,2,61,2
20190713/user7/user7-3-37-r6.dat,7,3,37,6
20190713/user7/user7-2-77-r2.dat,7,2,77,2
20190713/user7/user7-2-53-r5.dat,7,2,53,5
20190713/user7/user7-3-80-r2.dat,7,3,80,2
20190713/user7/user7-2-93-r4.dat,7,2,93,4
20190713/user7/user7-4-8-r3.dat,7,4,8,3
20190713/user7/user7-2-52-r3.dat,7,2,52,3
20190713/user7/user7-1-38-r1.dat,7,1,38,1
20190713/user7/user7-1-7-r6.dat,7,1,7,6
20190713/user7/user7-1-70-r1.dat,7,1,70,1
20190713/user7/user7-4-57-r6.dat,7,4,57,6
20190713/user7/user7-2-97-r6.dat,7,2,97,6
20190713/user7/user7-1-68-r1.dat,7,1,68,1
20190713/user7/user7-2-67-r3.dat,7,2,67,3
20190713/user7/user7-2-81-r3.dat,7,2,81,3
20190713/user7/user7-1-88-r4.dat,7,1,88,4
20190713/user7/user7-4-47-r1.dat,7,4,47,1
20190713/user7/user7-1-64-r3.dat,7,1,64,3
20190713/user7/user7-3-28-r6.dat,7,3,28,6
20190713/user7/user7-3-83-r3.dat,7,3,83,3
20190713/user7/user7-3-43-r1.dat,7,3,43,1
20190713/user7/user7-3-30-r4.dat,7,3,30,4
20190713/user7/user7-3-82-r1.dat,7,3,82,1
20190713/user7/user7-3-96-r6.dat,7,3,96,6
20190713/user7/user7-4-47-r6.dat,7,4,47,6
20190713/user7/user7-1-79-r2.dat,7,1,79,2
20190713/user7/user7-1-37-r2.dat,7,1,37,2
20190713/user7/user7-1-41-r6.dat,7,1,41,6
20190713/user7/user7-3-67-r1.dat,7,3,67,1
20190713/user7/user7-2-44-r3.dat,7,2,44,3
20190713/user7/user7-4-62-r5.dat,7,4,62,5
20190713/user7/user7-3-30-r5.dat,7,3,30,5
20190713/user7/user7-2-84-r5.dat,7,2,84,5
20190713/user7/user7-4-83-r4.dat,7,4,83,4
20190713/user7/user7-4-75-r4.dat,7,4,75,4
20190713/user7/user7-3-23-r6.dat,7,3,23,6
20190713/user7/user7-4-21-r3.dat,7,4,21,3
20190713/user7/user7-3-57-r2.dat,7,3,57,2
20190713/user7/user7-1-27-r4.dat,7,1,27,4
20190713/user7/user7-2-12-r5.dat,7,2,12,5
20190713/user7/user7-1-63-r3.dat,7,1,63,3
20190713/user7/user7-1-62-r5.dat,7,1,62,5
20190713/user7/user7-4-3-r1.dat,7,4,3,1
20190713/user7/user7-3-65-r2.dat,7,3,65,2
20190713/user7/user7-3-93-r6.dat,7,3,93,6
20190713/user7/user7-1-6-r2.dat,7,1,6,2
20190713/user7/user7-2-47-r2.dat,7,2,47,2
20190713/user7/user7-4-39-r3.dat,7,4,39,3
20190713/user7/user7-1-17-r3.dat,7,1,17,3
20190713/user7/user7-2-94-r2.dat,7,2,94,2
20190713/user7/user7-3-17-r1.dat,7,3,17,1
20190713/user7/user7-3-49-r4.dat,7,3,49,4
20190713/user7/user7-2-20-r5.dat,7,2,20,5
20190713/user7/user7-2-78-r1.dat,7,2,78,1
20190713/user7/user7-2-45-r2.dat,7,2,45,2
20190713/user7/user7-1-72-r1.dat,7,1,72,1
20190713/user7/user7-2-49-r1.dat,7,2,49,1
20190713/user7/user7-2-37-r6.dat,7,2,37,6
20190713/user7/user7-2-43-r2.dat,7,2,43,2
20190713/user7/user7-2-76-r2.dat,7,2,76,2
20190713/user7/user7-3-100-r4.dat,7,3,100,4
20190713/user7/user7-3-26-r6.dat,7,3,26,6
20190713/user7/user7-2-72-r4.dat,7,2,72,4
20190713/user7/user7-2-74-r1.dat,7,2,74,1
20190713/user7/user7-4-46-r1.dat,7,4,46,1
20190713/user7/user7-1-86-r5.dat,7,1,86,5
20190713/user7/user7-3-66-r5.dat,7,3,66,5
20190713/user7/user7-2-28-r2.dat,7,2,28,2
20190713/user7/user7-4-74-r6.dat,7,4,74,6
20190713/user7/user7-1-77-r3.dat,7,1,77,3
20190713/user7/user7-2-26-r4.dat,7,2,26,4
20190713/user7/user7-4-57-r5.dat,7,4,57,5
20190713/user7/user7-2-14-r2.dat,7,2,14,2
20190713/user7/user7-4-73-r5.dat,7,4,73,5
20190713/user7/user7-4-92-r5.dat,7,4,92,5
20190713/user7/user7-2-27-r1.dat,7,2,27,1
20190713/user7/user7-4-16-r3.dat,7,4,16,3
20190713/user7/user7-3-90-r2.dat,7,3,90,2
20190713/user7/user7-1-33-r2.dat,7,1,33,2
20190713/user7/user7-3-40-r1.dat,7,3,40,1
20190713/user7/user7-1-98-r5.dat,7,1,98,5
20190713/user7/user7-1-60-r4.dat,7,1,60,4
20190713/user7/user7-4-13-r5.dat,7,4,13,5
20190713/user7/user7-3-19-r6.dat,7,3,19,6
20190713/user7/user7-2-41-r1.dat,7,2,41,1
20190713/user7/user7-2-48-r2.dat,7,2,48,2
20190713/user7/user7-4-51-r5.dat,7,4,51,5
20190713/user7/user7-1-78-r2.dat,7,1,78,2
20190713/user7/user7-3-44-r4.dat,7,3,44,4
20190713/user7/user7-2-37-r3.dat,7,2,37,3
20190713/user7/user7-1-84-r3.dat,7,1,84,3
20190713/user7/user7-1-66-r4.dat,7,1,66,4
20190713/user7/user7-2-67-r2.dat,7,2,67,2
20190713/user7/user7-4-74-r1.dat,7,4,74,1
20190713/user7/user7-1-32-r4.dat,7,1,32,4
20190713/user7/user7-3-55-r1.dat,7,3,55,1
20190713/user7/user7-2-9-r3.dat,7,2,9,3
20190713/user7/user7-1-84-r5.dat,7,1,84,5
20190713/user7/user7-2-1-r5.dat,7,2,1,5
20190713/user7/user7-4-37-r4.dat,7,4,37,4
20190713/user7/user7-1-74-r3.dat,7,1,74,3
20190713/user7/user7-2-33-r2.dat,7,2,33,2
20190713/user7/user7-1-99-r5.dat,7,1,99,5
20190713/user7/user7-4-61-r4.dat,7,4,61,4
20190713/user7/user7-2-51-r1.dat,7,2,51,1
20190713/user7/user7-2-69-r4.dat,7,2,69,4
20190713/user7/user7-2-43-r5.dat,7,2,43,5
20190713/user7/user7-3-78-r6.dat,7,3,78,6
20190713/user7/user7-1-60-r3.dat,7,1,60,3
20190713/user7/user7-2-82-r5.dat,7,2,82,5
20190713/user7/user7-1-48-r2.dat,7,1,48,2
20190713/user7/user7-2-22-r2.dat,7,2,22,2
20190713/user7/user7-4-99-r4.dat,7,4,99,4
20190713/user7/user7-4-89-r4.dat,7,4,89,4
20190713/user7/user7-3-83-r5.dat,7,3,83,5
20190713/user7/user7-3-30-r3.dat,7,3,30,3
20190713/user7/user7-3-29-r4.dat,7,3,29,4
20190713/user7/user7-4-25-r2.dat,7,4,25,2
20190713/user7/user7-1-96-r6.dat,7,1,96,6
20190713/user7/user7-1-75-r1.dat,7,1,75,1
20190713/user7/user7-4-93-r5.dat,7,4,93,5
20190713/user7/user7-3-87-r2.dat,7,3,87,2
20190713/user7/user7-4-25-r5.dat,7,4,25,5
20190713/user7/user7-3-84-r2.dat,7,3,84,2
20190713/user7/user7-4-6-r1.dat,7,4,6,1
20190713/user7/user7-3-46-r6.dat,7,3,46,6
20190713/user7/user7-4-86-r4.dat,7,4,86,4
20190713/user7/user7-1-31-r4.dat,7,1,31,4
20190713/user7/user7-1-65-r3.dat,7,1,65,3
20190713/user7/user7-1-31-r2.dat,7,1,31,2
20190713/user7/user7-1-15-r4.dat,7,1,15,4
20190713/user7/user7-2-8-r6.dat,7,2,8,6
20190713/user7/user7-1-68-r2.dat,7,1,68,2
20190713/user7/user7-4-43-r4.dat,7,4,43,4
20190713/user7/user7-2-25-r4.dat,7,2,25,4
20190713/user7/user7-1-59-r4.dat,7,1,59,4
20190713/user7/user7-2-59-r3.dat,7,2,59,3
20190713/user7/user7-2-26-r1.dat,7,2,26,1
20190713/user7/user7-3-42-r1.dat,7,3,42,1
20190713/user7/user7-2-70-r6.dat,7,2,70,6
20190713/user7/user7-3-34-r5.dat,7,3,34,5
20190713/user7/user7-4-62-r3.dat,7,4,62,3
20190713/user7/user7-4-83-r6.dat,7,4,83,6
20190713/user7/user7-1-73-r1.dat,7,1,73,1
20190713/user7/user7-4-8-r1.dat,7,4,8,1
20190713/user7/user7-1-100-r2.dat,7,1,100,2
20190713/user7/user7-2-20-r4.dat,7,2,20,4
20190713/user7/user7-1-1-r1.dat,7,1,1,1
20190713/user7/user7-3-11-r1.dat,7,3,11,1
20190713/user7/user7-1-26-r2.dat,7,1,26,2
20190713/user7/user7-3-11-r5.dat,7,3,11,5
20190713/user7/user7-4-71-r6.dat,7,4,71,6
20190713/user7/user7-3-55-r4.dat,7,3,55,4
20190713/user7/user7-1-14-r6.dat,7,1,14,6
20190713/user7/user7-3-21-r1.dat,7,3,21,1
20190713/user7/user7-2-54-r3.dat,7,2,54,3
20190713/user7/user7-4-85-r2.dat,7,4,85,2
20190713/user7/user7-1-53-r6.dat,7,1,53,6
20190713/user7/user7-3-99-r1.dat,7,3,99,1
20190713/user7/user7-1-53-r4.dat,7,1,53,4
20190713/user7/user7-3-82-r6.dat,7,3,82,6
20190713/user7/user7-1-90-r6.dat,7,1,90,6
20190713/user7/user7-1-78-r6.dat,7,1,78,6
20190713/user7/user7-1-29-r6.dat,7,1,29,6
20190713/user7/user7-4-81-r6.dat,7,4,81,6
20190713/user7/user7-3-23-r1.dat,7,3,23,1
20190713/user7/user7-1-99-r1.dat,7,1,99,1
20190713/user7/user7-4-58-r1.dat,7,4,58,1
20190713/user7/user7-4-63-r3.dat,7,4,63,3
20190713/user7/user7-1-41-r5.dat,7,1,41,5
20190713/user7/user7-1-58-r4.dat,7,1,58,4
20190713/user7/user7-3-20-r5.dat,7,3,20,5
20190713/user7/user7-3-8-r5.dat,7,3,8,5
20190713/user7/user7-4-36-r2.dat,7,4,36,2
20190713/user7/user7-2-66-r4.dat,7,2,66,4
20190713/user7/user7-1-8-r2.dat,7,1,8,2
20190713/user7/user7-1-86-r3.dat,7,1,86,3
20190713/user7/user7-1-86-r2.dat,7,1,86,2
20190713/user7/user7-4-20-r4.dat,7,4,20,4
20190713/user7/user7-2-5-r4.dat,7,2,5,4
20190713/user7/user7-3-91-r5.dat,7,3,91,5
20190713/user7/user7-3-6-r1.dat,7,3,6,1
20190713/user7/user7-3-91-r2.dat,7,3,91,2
20190713/user7/user7-3-94-r3.dat,7,3,94,3
20190713/user7/user7-4-8-r5.dat,7,4,8,5
20190713/user7/user7-1-2-r6.dat,7,1,2,6
20190713/user7/user7-4-98-r2.dat,7,4,98,2
20190713/user7/user7-4-56-r3.dat,7,4,56,3
20190713/user7/user7-4-29-r3.dat,7,4,29,3
20190713/user7/user7-4-81-r5.dat,7,4,81,5
20190713/user7/user7-1-54-r5.dat,7,1,54,5
20190713/user7/user7-3-8-r1.dat,7,3,8,1
20190713/user7/user7-1-34-r4.dat,7,1,34,4
20190713/user7/user7-1-47-r4.dat,7,1,47,4
20190713/user7/user7-2-22-r5.dat,7,2,22,5
20190713/user7/user7-1-35-r1.dat,7,1,35,1
20190713/user7/user7-4-1-r1.dat,7,4,1,1
20190713/user7/user7-2-47-r1.dat,7,2,47,1
20190713/user7/user7-2-94-r5.dat,7,2,94,5
20190713/user7/user7-1-25-r5.dat,7,1,25,5
20190713/user7/user7-4-17-r4.dat,7,4,17,4
20190713/user7/user7-3-20-r3.dat,7,3,20,3
20190713/user7/user7-4-83-r5.dat,7,4,83,5
20190713/user7/user7-3-26-r5.dat,7,3,26,5
20190713/user7/user7-3-58-r5.dat,7,3,58,5
20190713/user7/user7-4-26-r5.dat,7,4,26,5
20190713/user7/user7-1-43-r1.dat,7,1,43,1
20190713/user7/user7-2-99-r5.dat,7,2,99,5
20190713/user7/user7-2-21-r1.dat,7,2,21,1
20190713/user7/user7-3-52-r6.dat,7,3,52,6
20190713/user7/user7-4-50-r6.dat,7,4,50,6
20190713/user7/user7-4-94-r1.dat,7,4,94,1
20190713/user7/user7-2-66-r1.dat,7,2,66,1
20190713/user7/user7-4-68-r4.dat,7,4,68,4
20190713/user7/user7-4-32-r1.dat,7,4,32,1
20190713/user7/user7-1-32-r2.dat,7,1,32,2
20190713/user7/user7-4-72-r3.dat,7,4,72,3
20190713/user7/user7-2-27-r2.dat,7,2,27,2
20190713/user7/user7-1-50-r6.dat,7,1,50,6
20190713/user7/user7-2-74-r3.dat,7,2,74,3
20190713/user7/user7-4-94-r2.dat,7,4,94,2
20190713/user7/user7-2-92-r2.dat,7,2,92,2
20190713/user7/user7-4-15-r6.dat,7,4,15,6
20190713/user7/user7-2-38-r1.dat,7,2,38,1
20190713/user7/user7-4-55-r4.dat,7,4,55,4
20190713/user7/user7-4-49-r2.dat,7,4,49,2
20190713/user7/user7-2-23-r6.dat,7,2,23,6
20190713/user7/user7-2-72-r1.dat,7,2,72,1
20190713/user7/user7-1-30-r3.dat,7,1,30,3
20190713/user7/user7-3-62-r2.dat,7,3,62,2
20190713/user7/user7-2-65-r6.dat,7,2,65,6
20190713/user7/user7-2-56-r4.dat,7,2,56,4
20190713/user7/user7-4-22-r1.dat,7,4,22,1
20190713/user7/user7-3-19-r3.dat,7,3,19,3
20190713/user7/user7-4-36-r6.dat,7,4,36,6
20190713/user7/user7-1-57-r1.dat,7,1,57,1
20190713/user7/user7-1-62-r6.dat,7,1,62,6
20190713/user7/user7-2-29-r1.dat,7,2,29,1
20190713/user7/user7-4-42-r3.dat,7,4,42,3
20190713/user7/user7-4-31-r6.dat,7,4,31,6
20190713/user7/user7-1-23-r1.dat,7,1,23,1
20190713/user7/user7-3-36-r5.dat,7,3,36,5
20190713/user7/user7-2-19-r3.dat,7,2,19,3
20190713/user7/user7-1-11-r1.dat,7,1,11,1
20190713/user7/user7-2-87-r2.dat,7,2,87,2
20190713/user7/user7-4-77-r1.dat,7,4,77,1
20190713/user7/user7-1-50-r5.dat,7,1,50,5
20190713/user7/user7-2-62-r3.dat,7,2,62,3
20190713/user7/user7-3-63-r5.dat,7,3,63,5
20190713/user7/user7-3-7-r2.dat,7,3,7,2
20190713/user7/user7-2-31-r1.dat,7,2,31,1
20190713/user7/user7-4-1-r2.dat,7,4,1,2
20190713/user7/user7-4-52-r1.dat,7,4,52,1
20190713/user7/user7-4-53-r4.dat,7,4,53,4
20190713/user7/user7-4-32-r5.dat,7,4,32,5
20190713/user7/user7-2-79-r5.dat,7,2,79,5
20190713/user7/user7-4-75-r6.dat,7,4,75,6
20190713/user7/user7-3-47-r5.dat,7,3,47,5
20190713/user7/user7-4-84-r4.dat,7,4,84,4
20190713/user7/user7-2-33-r4.dat,7,2,33,4
20190713/user7/user7-3-75-r4.dat,7,3,75,4
20190713/user7/user7-2-85-r2.dat,7,2,85,2
20190713/user7/user7-4-32-r6.dat,7,4,32,6
20190713/user7/user7-1-52-r4.dat,7,1,52,4
20190713/user7/user7-3-72-r6.dat,7,3,72,6
20190713/user7/user7-4-21-r5.dat,7,4,21,5
20190713/user7/user7-4-33-r4.dat,7,4,33,4
20190713/user7/user7-3-6-r3.dat,7,3,6,3
20190713/user7/user7-2-89-r2.dat,7,2,89,2
20190713/user7/user7-1-98-r4.dat,7,1,98,4
20190713/user7/user7-3-64-r4.dat,7,3,64,4
20190713/user7/user7-2-50-r5.dat,7,2,50,5
20190713/user7/user7-2-60-r1.dat,7,2,60,1
20190713/user7/user7-2-49-r6.dat,7,2,49,6
20190713/user7/user7-4-93-r4.dat,7,4,93,4
20190713/user7/user7-2-86-r3.dat,7,2,86,3
20190713/user7/user7-4-69-r6.dat,7,4,69,6
20190713/user7/user7-4-5-r1.dat,7,4,5,1
20190713/user7/user7-3-23-r2.dat,7,3,23,2
20190713/user7/user7-1-55-r3.dat,7,1,55,3
20190713/user7/user7-1-22-r1.dat,7,1,22,1
20190713/user7/user7-2-76-r6.dat,7,2,76,6
20190713/user7/user7-2-85-r3.dat,7,2,85,3
20190713/user7/user7-2-38-r4.dat,7,2,38,4
20190713/user7/user7-3-89-r1.dat,7,3,89,1
20190713/user7/user7-2-63-r4.dat,7,2,63,4
20190713/user7/user7-4-92-r6.dat,7,4,92,6
20190713/user7/user7-2-88-r5.dat,7,2,88,5
20190713/user7/user7-1-46-r1.dat,7,1,46,1
20190713/user7/user7-1-100-r4.dat,7,1,100,4
20190713/user7/user7-1-62-r1.dat,7,1,62,1
20190713/user7/user7-1-63-r6.dat,7,1,63,6
20190713/user7/user7-3-40-r6.dat,7,3,40,6
20190713/user7/user7-2-76-r1.dat,7,2,76,1
20190713/user7/user7-3-48-r4.dat,7,3,48,4
20190713/user7/user7-3-58-r3.dat,7,3,58,3
20190713/user7/user7-1-94-r4.dat,7,1,94,4
20190713/user7/user7-1-30-r2.dat,7,1,30,2
20190713/user7/user7-1-5-r1.dat,7,1,5,1
20190713/user7/user7-3-14-r5.dat,7,3,14,5
20190713/user7/user7-4-47-r4.dat,7,4,47,4
20190713/user7/user7-2-44-r2.dat,7,2,44,2
20190713/user7/user7-1-40-r4.dat,7,1,40,4
20190713/user7/user7-2-85-r6.dat,7,2,85,6
20190713/user7/user7-3-31-r1.dat,7,3,31,1
20190713/user7/user7-2-55-r3.dat,7,2,55,3
20190713/user7/user7-3-75-r2.dat,7,3,75,2
20190713/user7/user7-3-91-r3.dat,7,3,91,3
20190713/user7/user7-1-65-r6.dat,7,1,65,6
20190713/user7/user7-3-89-r4.dat,7,3,89,4
20190713/user7/user7-2-8-r2.dat,7,2,8,2
20190713/user7/user7-1-90-r3.dat,7,1,90,3
20190713/user7/user7-2-47-r6.dat,7,2,47,6
20190713/user7/user7-3-1-r4.dat,7,3,1,4
20190713/user7/user7-2-35-r2.dat,7,2,35,2
20190713/user7/user7-1-78-r4.dat,7,1,78,4
20190713/user7/user7-3-23-r5.dat,7,3,23,5
20190713/user7/user7-3-98-r1.dat,7,3,98,1
20190713/user7/user7-2-4-r5.dat,7,2,4,5
20190713/user7/user7-4-39-r5.dat,7,4,39,5
20190713/user7/user7-4-54-r6.dat,7,4,54,6
20190713/user7/user7-3-68-r1.dat,7,3,68,1
20190713/user7/user7-1-43-r3.dat,7,1,43,3
20190713/user7/user7-1-79-r1.dat,7,1,79,1
20190713/user7/user7-4-61-r1.dat,7,4,61,1
20190713/user7/user7-2-48-r4.dat,7,2,48,4
20190713/user7/user7-3-12-r2.dat,7,3,12,2
20190713/user7/user7-3-46-r4.dat,7,3,46,4
20190713/user7/user7-1-74-r1.dat,7,1,74,1
20190713/user7/user7-2-92-r5.dat,7,2,92,5
20190713/user7/user7-1-28-r5.dat,7,1,28,5
20190713/user7/user7-3-3-r4.dat,7,3,3,4
20190713/user7/user7-4-40-r2.dat,7,4,40,2
20190713/user7/user7-1-15-r6.dat,7,1,15,6
20190713/user7/user7-2-71-r1.dat,7,2,71,1
20190713/user7/user7-1-38-r5.dat,7,1,38,5
20190713/user7/user7-1-13-r6.dat,7,1,13,6
20190713/user7/user7-4-91-r5.dat,7,4,91,5
20190713/user7/user7-2-77-r6.dat,7,2,77,6
20190713/user7/user7-2-73-r2.dat,7,2,73,2
20190713/user7/user7-3-24-r5.dat,7,3,24,5
20190713/user7/user7-2-68-r4.dat,7,2,68,4
20190713/user7/user7-2-29-r2.dat,7,2,29,2
20190713/user7/user7-1-75-r4.dat,7,1,75,4
20190713/user7/user7-3-81-r2.dat,7,3,81,2
20190713/user7/user7-2-22-r6.dat,7,2,22,6
20190713/user7/user7-2-45-r1.dat,7,2,45,1
20190713/user7/user7-3-7-r4.dat,7,3,7,4
20190713/user7/user7-4-70-r2.dat,7,4,70,2
20190713/user7/user7-4-26-r4.dat,7,4,26,4
20190713/user7/user7-4-80-r3.dat,7,4,80,3
20190713/user7/user7-1-51-r2.dat,7,1,51,2
20190713/user7/user7-4-91-r3.dat,7,4,91,3
20190713/user7/user7-3-93-r3.dat,7,3,93,3
20190713/user7/user7-4-3-r4.dat,7,4,3,4
20190713/user7/user7-2-60-r2.dat,7,2,60,2
20190713/user7/user7-3-83-r6.dat,7,3,83,6
20190713/user7/user7-2-91-r3.dat,7,2,91,3
20190713/user7/user7-4-14-r2.dat,7,4,14,2
20190713/user7/user7-2-2-r1.dat,7,2,2,1
20190713/user7/user7-4-65-r5.dat,7,4,65,5
20190713/user7/user7-2-16-r4.dat,7,2,16,4
20190713/user7/user7-4-18-r1.dat,7,4,18,1
20190713/user7/user7-1-98-r3.dat,7,1,98,3
20190713/user7/user7-3-42-r2.dat,7,3,42,2
20190713/user7/user7-3-45-r3.dat,7,3,45,3
20190713/user7/user7-2-56-r1.dat,7,2,56,1
20190713/user7/user7-3-32-r6.dat,7,3,32,6
20190713/user7/user7-1-63-r1.dat,7,1,63,1
20190713/user7/user7-2-32-r5.dat,7,2,32,5
20190713/user7/user7-1-53-r1.dat,7,1,53,1
20190713/user7/user7-3-54-r4.dat,7,3,54,4
20190713/user7/user7-1-20-r2.dat,7,1,20,2
20190713/user7/user7-4-100-r2.dat,7,4,100,2
20190713/user7/user7-3-94-r5.dat,7,3,94,5
20190713/user7/user7-1-24-r5.dat,7,1,24,5
20190713/user7/user7-1-42-r2.dat,7,1,42,2
20190713/user7/user7-4-54-r4.dat,7,4,54,4
20190713/user7/user7-4-38-r3.dat,7,4,38,3
20190713/user7/user7-2-100-r2.dat,7,2,100,2
20190713/user7/user7-4-37-r6.dat,7,4,37,6
20190713/user7/user7-2-16-r2.dat,7,2,16,2
20190713/user7/user7-2-55-r6.dat,7,2,55,6
20190713/user7/user7-4-19-r4.dat,7,4,19,4
20190713/user7/user7-1-2-r1.dat,7,1,2,1
20190713/user7/user7-2-53-r2.dat,7,2,53,2
20190713/user7/user7-3-25-r6.dat,7,3,25,6
20190713/user7/user7-1-40-r6.dat,7,1,40,6
20190713/user7/user7-2-73-r3.dat,7,2,73,3
20190713/user7/user7-1-82-r5.dat,7,1,82,5
20190713/user7/user7-2-11-r3.dat,7,2,11,3
20190713/user7/user7-1-92-r3.dat,7,1,92,3
20190713/user7/user7-4-72-r5.dat,7,4,72,5
20190713/user7/user7-3-69-r4.dat,7,3,69,4
20190713/user7/user7-1-57-r3.dat,7,1,57,3
20190713/user7/user7-3-58-r2.dat,7,3,58,2
20190713/user7/user7-3-48-r2.dat,7,3,48,2
20190713/user7/user7-3-55-r6.dat,7,3,55,6
20190713/user7/user7-4-88-r6.dat,7,4,88,6
20190713/user7/user7-4-12-r2.dat,7,4,12,2
20190713/user7/user7-1-91-r1.dat,7,1,91,1
20190713/user7/user7-1-32-r3.dat,7,1,32,3
20190713/user7/user7-1-10-r5.dat,7,1,10,5
20190713/user7/user7-1-26-r6.dat,7,1,26,6
20190713/user7/user7-1-7-r5.dat,7,1,7,5
20190713/user7/user7-4-35-r6.dat,7,4,35,6
20190713/user7/user7-2-13-r6.dat,7,2,13,6
20190713/user7/user7-3-10-r2.dat,7,3,10,2
20190713/user7/user7-2-8-r4.dat,7,2,8,4
20190713/user7/user7-1-80-r4.dat,7,1,80,4
20190713/user7/user7-4-95-r5.dat,7,4,95,5
20190713/user7/user7-2-83-r3.dat,7,2,83,3
20190713/user7/user7-3-18-r4.dat,7,3,18,4
20190713/user7/user7-2-96-r3.dat,7,2,96,3
20190713/user7/user7-2-32-r3.dat,7,2,32,3
20190713/user7/user7-2-4-r6.dat,7,2,4,6
20190713/user7/user7-3-70-r2.dat,7,3,70,2
20190713/user7/user7-3-61-r2.dat,7,3,61,2
20190713/user7/user7-2-59-r5.dat,7,2,59,5
20190713/user7/user7-1-56-r1.dat,7,1,56,1
20190713/user7/user7-4-15-r2.dat,7,4,15,2
20190713/user7/user7-4-68-r1.dat,7,4,68,1
20190713/user7/user7-4-20-r5.dat,7,4,20,5
20190713/user7/user7-3-53-r4.dat,7,3,53,4
20190713/user7/user7-2-61-r5.dat,7,2,61,5
20190713/user7/user7-1-46-r6.dat,7,1,46,6
20190713/user7/user7-4-82-r6.dat,7,4,82,6
20190713/user7/user7-1-6-r4.dat,7,1,6,4
20190713/user7/user7-4-93-r3.dat,7,4,93,3
20190713/user7/user7-2-78-r2.dat,7,2,78,2
20190713/user7/user7-3-100-r2.dat,7,3,100,2
20190713/user7/user7-2-4-r4.dat,7,2,4,4
20190713/user7/user7-1-82-r3.dat,7,1,82,3
20190713/user7/user7-3-33-r6.dat,7,3,33,6
20190713/user7/user7-4-67-r6.dat,7,4,67,6
20190713/user7/user7-4-85-r5.dat,7,4,85,5
20190713/user7/user7-2-95-r2.dat,7,2,95,2
20190713/user7/user7-4-51-r4.dat,7,4,51,4
20190713/user7/user7-3-93-r4.dat,7,3,93,4
20190713/user7/user7-3-36-r4.dat,7,3,36,4
20190713/user7/user7-4-25-r3.dat,7,4,25,3
20190713/user7/user7-2-49-r4.dat,7,2,49,4
20190713/user7/user7-4-28-r3.dat,7,4,28,3
20190713/user7/user7-3-73-r3.dat,7,3,73,3
20190713/user7/user7-1-89-r2.dat,7,1,89,2
20190713/user7/user7-1-41-r3.dat,7,1,41,3
20190713/user7/user7-3-100-r5.dat,7,3,100,5
20190713/user7/user7-4-56-r4.dat,7,4,56,4
20190713/user7/user7-1-73-r2.dat,7,1,73,2
20190713/user7/user7-4-60-r1.dat,7,4,60,1
20190713/user7/user7-4-12-r1.dat,7,4,12,1
20190713/user7/user7-2-74-r6.dat,7,2,74,6
20190713/user7/user7-4-44-r4.dat,7,4,44,4
20190713/user7/user7-4-86-r5.dat,7,4,86,5
20190713/user7/user7-1-95-r6.dat,7,1,95,6
20190713/user7/user7-2-96-r4.dat,7,2,96,4
20190713/user7/user7-3-91-r4.dat,7,3,91,4
20190713/user7/user7-1-7-r3.dat,7,1,7,3
20190713/user7/user7-3-6-r5.dat,7,3,6,5
20190713/user7/user7-4-96-r2.dat,7,4,96,2
20190713/user7/user7-3-77-r2.dat,7,3,77,2
20190713/user7/user7-3-39-r6.dat,7,3,39,6
20190713/user7/user7-4-60-r3.dat,7,4,60,3
20190713/user7/user7-2-73-r6.dat,7,2,73,6
20190713/user7/user7-3-25-r3.dat,7,3,25,3
20190713/user7/user7-2-77-r1.dat,7,2,77,1
20190713/user7/user7-4-80-r2.dat,7,4,80,2
20190713/user7/user7-4-15-r1.dat,7,4,15,1
20190713/user7/user7-2-96-r5.dat,7,2,96,5
20190713/user7/user7-3-29-r5.dat,7,3,29,5
20190713/user7/user7-3-53-r3.dat,7,3,53,3
20190713/user7/user7-2-51-r2.dat,7,2,51,2
20190713/user7/user7-3-79-r1.dat,7,3,79,1
20190713/user7/user7-2-79-r6.dat,7,2,79,6
20190713/user7/user7-2-26-r2.dat,7,2,26,2
20190713/user7/user7-1-75-r5.dat,7,1,75,5
20190713/user7/user7-4-92-r1.dat,7,4,92,1
20190713/user7/user7-2-63-r3.dat,7,2,63,3
20190713/user7/user7-4-59-r6.dat,7,4,59,6
20190713/user7/user7-2-15-r1.dat,7,2,15,1
20190713/user7/user7-2-88-r1.dat,7,2,88,1
20190713/user7/user7-2-75-r1.dat,7,2,75,1
20190713/user7/user7-1-96-r1.dat,7,1,96,1
20190713/user7/user7-4-98-r1.dat,7,4,98,1
20190713/user7/user7-3-24-r6.dat,7,3,24,6
20190713/user7/user7-4-33-r1.dat,7,4,33,1
20190713/user7/user7-3-26-r1.dat,7,3,26,1
20190713/user7/user7-4-90-r6.dat,7,4,90,6
20190713/user7/user7-2-50-r1.dat,7,2,50,1
20190713/user7/user7-3-38-r2.dat,7,3,38,2
20190713/user7/user7-3-91-r6.dat,7,3,91,6
20190713/user7/user7-4-85-r1.dat,7,4,85,1
20190713/user7/user7-4-36-r1.dat,7,4,36,1
20190713/user7/user7-1-65-r2.dat,7,1,65,2
20190713/user7/user7-3-60-r5.dat,7,3,60,5
20190713/user7/user7-3-22-r4.dat,7,3,22,4
20190713/user7/user7-1-62-r2.dat,7,1,62,2
20190713/user7/user7-3-62-r6.dat,7,3,62,6
20190713/user7/user7-4-56-r2.dat,7,4,56,2
20190713/user7/user7-4-49-r3.dat,7,4,49,3
20190713/user7/user7-2-54-r4.dat,7,2,54,4
20190713/user7/user7-2-20-r6.dat,7,2,20,6
20190713/user7/user7-1-28-r4.dat,7,1,28,4
20190713/user7/user7-4-30-r1.dat,7,4,30,1
20190713/user7/user7-2-81-r1.dat,7,2,81,1
20190713/user7/user7-1-44-r1.dat,7,1,44,1
20190713/user7/user7-1-5-r3.dat,7,1,5,3
20190713/user7/user7-2-58-r6.dat,7,2,58,6
20190713/user7/user7-1-15-r1.dat,7,1,15,1
20190713/user7/user7-4-98-r5.dat,7,4,98,5
20190713/user7/user7-3-70-r6.dat,7,3,70,6
20190713/user7/user7-1-37-r3.dat,7,1,37,3
20190713/user7/user7-4-4-r5.dat,7,4,4,5
20190713/user7/user7-4-19-r2.dat,7,4,19,2
20190713/user7/user7-2-53-r3.dat,7,2,53,3
20190713/user7/user7-4-41-r2.dat,7,4,41,2
20190713/user7/user7-2-46-r5.dat,7,2,46,5
20190713/user7/user7-2-41-r2.dat,7,2,41,2
20190713/user7/user7-1-66-r6.dat,7,1,66,6
20190713/user7/user7-3-37-r2.dat,7,3,37,2
20190713/user7/user7-4-76-r1.dat,7,4,76,1
20190713/user7/user7-1-52-r6.dat,7,1,52,6
20190713/user7/user7-4-98-r6.dat,7,4,98,6
20190713/user7/user7-2-7-r6.dat,7,2,7,6
20190713/user7/user7-2-22-r1.dat,7,2,22,1
20190713/user7/user7-4-43-r6.dat,7,4,43,6
20190713/user7/user7-2-9-r6.dat,7,2,9,6
20190713/user7/user7-1-32-r6.dat,7,1,32,6
20190713/user7/user7-2-100-r1.dat,7,2,100,1
20190713/user7/user7-4-54-r1.dat,7,4,54,1
20190713/user7/user7-2-14-r4.dat,7,2,14,4
20190713/user7/user7-2-84-r1.dat,7,2,84,1
20190713/user7/user7-4-78-r4.dat,7,4,78,4
20190713/user7/user7-1-13-r3.dat,7,1,13,3
20190713/user7/user7-1-86-r6.dat,7,1,86,6
20190713/user7/user7-3-38-r1.dat,7,3,38,1
20190713/user7/user7-3-95-r4.dat,7,3,95,4
20190713/user7/user7-3-5-r2.dat,7,3,5,2
20190713/user7/user7-3-50-r6.dat,7,3,50,6
20190713/user7/user7-4-64-r3.dat,7,4,64,3
20190713/user7/user7-3-28-r1.dat,7,3,28,1
20190713/user7/user7-1-61-r6.dat,7,1,61,6
20190713/user7/user7-1-49-r5.dat,7,1,49,5
20190713/user7/user7-4-89-r1.dat,7,4,89,1
20190713/user7/user7-1-94-r1.dat,7,1,94,1
20190713/user7/user7-4-47-r2.dat,7,4,47,2
20190713/user7/user7-3-42-r3.dat,7,3,42,3
20190713/user7/user7-1-28-r3.dat,7,1,28,3
20190713/user7/user7-1-39-r2.dat,7,1,39,2
20190713/user7/user7-4-80-r6.dat,7,4,80,6
20190713/user7/user7-4-8-r2.dat,7,4,8,2
20190713/user7/user7-3-76-r4.dat,7,3,76,4
20190713/user7/user7-2-1-r6.dat,7,2,1,6
20190713/user7/user7-2-57-r3.dat,7,2,57,3
20190713/user7/user7-1-58-r5.dat,7,1,58,5
20190713/user7/user7-2-50-r4.dat,7,2,50,4
20190713/user7/user7-3-50-r2.dat,7,3,50,2
20190713/user7/user7-4-84-r5.dat,7,4,84,5
20190713/user7/user7-2-46-r1.dat,7,2,46,1
20190713/user7/user7-4-34-r2.dat,7,4,34,2
20190713/user7/user7-1-98-r6.dat,7,1,98,6
20190713/user7/user7-2-4-r2.dat,7,2,4,2
20190713/user7/user7-3-11-r6.dat,7,3,11,6
20190713/user7/user7-4-99-r6.dat,7,4,99,6
20190713/user7/user7-3-49-r6.dat,7,3,49,6
20190713/user7/user7-3-1-r1.dat,7,3,1,1
20190713/user7/user7-4-71-r2.dat,7,4,71,2
20190713/user7/user7-3-97-r3.dat,7,3,97,3
20190713/user7/user7-4-63-r1.dat,7,4,63,1
20190713/user7/user7-4-44-r3.dat,7,4,44,3
20190713/user7/user7-1-83-r4.dat,7,1,83,4
20190713/user7/user7-2-75-r5.dat,7,2,75,5
20190713/user7/user7-4-48-r2.dat,7,4,48,2
20190713/user7/user7-4-38-r1.dat,7,4,38,1
20190713/user7/user7-3-5-r6.dat,7,3,5,6
20190713/user7/user7-1-71-r6.dat,7,1,71,6
20190713/user7/user7-2-68-r1.dat,7,2,68,1
20190713/user7/user7-4-52-r2.dat,7,4,52,2
20190713/user7/user7-1-1-r5.dat,7,1,1,5
20190713/user7/user7-2-63-r1.dat,7,2,63,1
20190713/user7/user7-3-36-r6.dat,7,3,36,6
20190713/user7/user7-4-24-r2.dat,7,4,24,2
20190713/user7/user7-2-36-r1.dat,7,2,36,1
20190713/user7/user7-3-31-r2.dat,7,3,31,2
20190713/user7/user7-1-66-r1.dat,7,1,66,1
20190713/user7/user7-3-46-r3.dat,7,3,46,3
20190713/user7/user7-1-34-r6.dat,7,1,34,6
20190713/user7/user7-2-47-r5.dat,7,2,47,5
20190713/user7/user7-1-43-r2.dat,7,1,43,2
20190713/user7/user7-3-2-r3.dat,7,3,2,3
20190713/user7/user7-2-11-r4.dat,7,2,11,4
20190713/user7/user7-2-97-r3.dat,7,2,97,3
20190713/user7/user7-2-15-r2.dat,7,2,15,2
20190713/user7/user7-1-75-r2.dat,7,1,75,2
20190713/user7/user7-2-65-r5.dat,7,2,65,5
20190713/user7/user7-4-89-r2.dat,7,4,89,2
20190713/user7/user7-3-2-r6.dat,7,3,2,6
20190713/user7/user7-3-34-r4.dat,7,3,34,4
20190713/user7/user7-1-57-r2.dat,7,1,57,2
20190713/user7/user7-3-9-r1.dat,7,3,9,1
20190713/user7/user7-2-79-r3.dat,7,2,79,3
20190713/user7/user7-4-9-r6.dat,7,4,9,6
20190713/user7/user7-3-4-r4.dat,7,3,4,4
20190713/user7/user7-1-24-r4.dat,7,1,24,4
20190713/user7/user7-1-20-r6.dat,7,1,20,6
20190713/user7/user7-2-42-r2.dat,7,2,42,2
20190713/user7/user7-3-80-r1.dat,7,3,80,1
20190713/user7/user7-1-22-r2.dat,7,1,22,2
20190713/user7/user7-4-52-r4.dat,7,4,52,4
20190713/user7/user7-3-9-r3.dat,7,3,9,3
20190713/user7/user7-3-32-r3.dat,7,3,32,3
20190713/user7/user7-2-73-r4.dat,7,2,73,4
20190713/user7/user7-2-12-r4.dat,7,2,12,4
20190713/user7/user7-2-45-r3.dat,7,2,45,3
20190713/user7/user7-4-38-r5.dat,7,4,38,5
20190713/user7/user7-3-2-r1.dat,7,3,2,1
20190713/user7/user7-2-45-r5.dat,7,2,45,5
20190713/user7/user7-4-57-r4.dat,7,4,57,4
20190713/user7/user7-3-56-r3.dat,7,3,56,3
20190713/user7/user7-1-75-r6.dat,7,1,75,6
20190713/user7/user7-3-74-r6.dat,7,3,74,6
20190713/user7/user7-2-58-r3.dat,7,2,58,3
20190713/user7/user7-2-53-r1.dat,7,2,53,1
20190713/user7/user7-4-14-r6.dat,7,4,14,6
20190713/user7/user7-3-99-r6.dat,7,3,99,6
20190713/user7/user7-1-56-r2.dat,7,1,56,2
20190713/user7/user7-2-91-r1.dat,7,2,91,1
20190713/user7/user7-3-46-r2.dat,7,3,46,2
20190713/user7/user7-1-45-r1.dat,7,1,45,1
20190713/user7/user7-1-8-r6.dat,7,1,8,6
20190713/user7/user7-1-67-r5.dat,7,1,67,5
20190713/user7/user7-1-44-r6.dat,7,1,44,6
20190713/user7/user7-1-46-r5.dat,7,1,46,5
20190713/user7/user7-4-14-r5.dat,7,4,14,5
20190713/user7/user7-4-70-r5.dat,7,4,70,5
20190713/user7/user7-1-42-r4.dat,7,1,42,4
20190713/user7/user7-3-44-r2.dat,7,3,44,2
20190713/user7/user7-3-79-r5.dat,7,3,79,5
20190713/user7/user7-3-8-r2.dat,7,3,8,2
20190713/user7/user7-3-22-r5.dat,7,3,22,5
20190713/user7/user7-4-54-r5.dat,7,4,54,5
20190713/user7/user7-2-10-r2.dat,7,2,10,2
20190713/user7/user7-2-27-r6.dat,7,2,27,6
20190713/user7/user7-1-19-r6.dat,7,1,19,6
20190713/user7/user7-1-84-r4.dat,7,1,84,4
20190713/user7/user7-2-99-r2.dat,7,2,99,2
20190713/user7/user7-4-63-r2.dat,7,4,63,2
20190713/user7/user7-3-9-r4.dat,7,3,9,4
20190713/user7/user7-2-51-r5.dat,7,2,51,5
20190713/user7/user7-2-31-r2.dat,7,2,31,2
20190713/user7/user7-2-49-r2.dat,7,2,49,2
20190713/user7/user7-1-49-r4.dat,7,1,49,4
20190713/user7/user7-2-7-r3.dat,7,2,7,3
20190713/user7/user7-4-1-r5.dat,7,4,1,5
20190713/user7/user7-2-14-r5.dat,7,2,14,5
20190713/user7/user7-1-29-r5.dat,7,1,29,5
20190713/user7/user7-2-9-r4.dat,7,2,9,4
20190713/user7/user7-3-38-r4.dat,7,3,38,4
20190713/user7/user7-4-61-r2.dat,7,4,61,2
20190713/user7/user7-3-72-r3.dat,7,3,72,3
20190713/user7/user7-3-33-r5.dat,7,3,33,5
20190713/user7/user7-3-29-r2.dat,7,3,29,2
20190713/user7/user7-4-42-r5.dat,7,4,42,5
20190713/user7/user7-4-46-r6.dat,7,4,46,6
20190713/user7/user7-1-72-r6.dat,7,1,72,6
20190713/user7/user7-3-15-r5.dat,7,3,15,5
20190713/user7/user7-4-12-r4.dat,7,4,12,4
20190713/user7/user7-3-81-r6.dat,7,3,81,6
20190713/user7/user7-2-87-r5.dat,7,2,87,5
20190713/user7/user7-1-19-r4.dat,7,1,19,4
20190713/user7/user7-2-35-r1.dat,7,2,35,1
20190713/user7/user7-4-49-r1.dat,7,4,49,1
20190713/user7/user7-2-69-r1.dat,7,2,69,1
20190713/user7/user7-2-38-r3.dat,7,2,38,3
20190713/user7/user7-3-70-r5.dat,7,3,70,5
20190713/user7/user7-1-47-r3.dat,7,1,47,3
20190713/user7/user7-1-21-r5.dat,7,1,21,5
20190713/user7/user7-1-99-r3.dat,7,1,99,3
20190713/user7/user7-4-77-r5.dat,7,4,77,5
20190713/user7/user7-1-81-r5.dat,7,1,81,5
20190713/user7/user7-3-48-r5.dat,7,3,48,5
20190713/user7/user7-1-52-r1.dat,7,1,52,1
20190713/user7/user7-3-74-r5.dat,7,3,74,5
20190713/user7/user7-3-74-r1.dat,7,3,74,1
20190713/user7/user7-2-21-r6.dat,7,2,21,6
20190713/user7/user7-3-55-r5.dat,7,3,55,5
20190713/user7/user7-2-72-r3.dat,7,2,72,3
20190713/user7/user7-2-58-r5.dat,7,2,58,5
20190713/user7/user7-4-11-r4.dat,7,4,11,4
20190713/user7/user7-1-87-r2.dat,7,1,87,2
20190713/user7/user7-1-4-r5.dat,7,1,4,5
20190713/user7/user7-4-50-r4.dat,7,4,50,4
20190713/user7/user7-1-95-r1.dat,7,1,95,1
20190713/user7/user7-3-70-r1.dat,7,3,70,1
20190713/user7/user7-2-18-r1.dat,7,2,18,1
20190713/user7/user7-3-94-r6.dat,7,3,94,6
20190713/user7/user7-2-18-r4.dat,7,2,18,4
20190713/user7/user7-2-51-r3.dat,7,2,51,3
20190713/user7/user7-2-92-r1.dat,7,2,92,1
20190713/user7/user7-4-11-r5.dat,7,4,11,5
20190713/user7/user7-4-90-r2.dat,7,4,90,2
20190713/user7/user7-4-18-r6.dat,7,4,18,6
20190713/user7/user7-1-16-r4.dat,7,1,16,4
20190713/user7/user7-1-33-r1.dat,7,1,33,1
20190713/user7/user7-1-95-r5.dat,7,1,95,5
20190713/user7/user7-3-43-r4.dat,7,3,43,4
20190713/user7/user7-4-13-r6.dat,7,4,13,6
20190713/user7/user7-4-1-r6.dat,7,4,1,6
20190713/user7/user7-2-90-r6.dat,7,2,90,6
20190713/user7/user7-2-64-r3.dat,7,2,64,3
20190713/user7/user7-3-45-r2.dat,7,3,45,2
20190713/user7/user7-4-57-r2.dat,7,4,57,2
20190713/user7/user7-4-73-r2.dat,7,4,73,2
20190713/user7/user7-1-95-r3.dat,7,1,95,3
20190713/user7/user7-3-69-r3.dat,7,3,69,3
20190713/user7/user7-4-7-r5.dat,7,4,7,5
20190713/user7/user7-4-34-r6.dat,7,4,34,6
20190713/user7/user7-1-89-r6.dat,7,1,89,6
20190713/user7/user7-4-28-r4.dat,7,4,28,4
20190713/user7/user7-1-27-r3.dat,7,1,27,3
20190713/user7/user7-2-60-r3.dat,7,2,60,3
20190713/user7/user7-2-28-r3.dat,7,2,28,3
20190713/user7/user7-3-70-r4.dat,7,3,70,4
20190713/user7/user7-1-37-r6.dat,7,1,37,6
20190713/user7/user7-2-41-r4.dat,7,2,41,4
20190713/user7/user7-2-57-r5.dat,7,2,57,5
20190713/user7/user7-3-79-r3.dat,7,3,79,3
20190713/user7/user7-2-12-r1.dat,7,2,12,1
20190713/user7/user7-4-75-r1.dat,7,4,75,1
20190713/user7/user7-1-83-r6.dat,7,1,83,6
20190713/user7/user7-2-66-r5.dat,7,2,66,5
20190713/user7/user7-1-13-r2.dat,7,1,13,2
20190713/user7/user7-3-13-r3.dat,7,3,13,3
20190713/user7/user7-3-43-r5.dat,7,3,43,5
20190713/user7/user7-1-6-r5.dat,7,1,6,5
20190713/user7/user7-3-39-r5.dat,7,3,39,5
20190713/user7/user7-3-3-r2.dat,7,3,3,2
20190713/user7/user7-4-39-r4.dat,7,4,39,4
20190713/user7/user7-4-33-r3.dat,7,4,33,3
20190713/user7/user7-4-79-r6.dat,7,4,79,6
20190713/user7/user7-1-14-r5.dat,7,1,14,5
20190713/user7/user7-4-74-r4.dat,7,4,74,4
20190713/user7/user7-3-86-r3.dat,7,3,86,3
20190713/user7/user7-1-57-r6.dat,7,1,57,6
20190713/user7/user7-1-86-r4.dat,7,1,86,4
20190713/user7/user7-1-29-r1.dat,7,1,29,1
20190713/user7/user7-3-25-r5.dat,7,3,25,5
20190713/user7/user7-1-81-r3.dat,7,1,81,3
20190713/user7/user7-4-65-r1.dat,7,4,65,1
20190713/user7/user7-1-57-r5.dat,7,1,57,5
20190713/user7/user7-4-96-r4.dat,7,4,96,4
20190713/user7/user7-3-10-r5.dat,7,3,10,5
20190713/user7/user7-3-62-r4.dat,7,3,62,4
20190713/user7/user7-1-60-r1.dat,7,1,60,1
20190713/user7/user7-1-91-r6.dat,7,1,91,6
20190713/user7/user7-2-35-r4.dat,7,2,35,4
20190713/user7/user7-3-25-r4.dat,7,3,25,4
20190713/user7/user7-3-64-r2.dat,7,3,64,2
20190713/user7/user7-3-39-r2.dat,7,3,39,2
20190713/user7/user7-2-100-r4.dat,7,2,100,4
20190713/user7/user7-3-25-r2.dat,7,3,25,2
20190713/user7/user7-3-47-r4.dat,7,3,47,4
20190713/user7/user7-4-29-r2.dat,7,4,29,2
20190713/user7/user7-2-43-r4.dat,7,2,43,4
20190713/user7/user7-2-80-r1.dat,7,2,80,1
20190713/user7/user7-4-26-r1.dat,7,4,26,1
20190713/user7/user7-4-44-r6.dat,7,4,44,6
20190713/user7/user7-3-40-r4.dat,7,3,40,4
20190713/user7/user7-3-98-r3.dat,7,3,98,3
20190713/user7/user7-4-44-r2.dat,7,4,44,2
20190713/user7/user7-1-64-r5.dat,7,1,64,5
20190713/user7/user7-2-81-r4.dat,7,2,81,4
20190713/user7/user7-2-3-r5.dat,7,2,3,5
20190713/user7/user7-1-100-r1.dat,7,1,100,1
20190713/user7/user7-4-91-r4.dat,7,4,91,4
20190713/user7/user7-3-57-r1.dat,7,3,57,1
20190713/user7/user7-3-68-r4.dat,7,3,68,4
20190713/user7/user7-2-37-r5.dat,7,2,37,5
20190713/user7/user7-4-32-r2.dat,7,4,32,2
20190713/user7/user7-4-87-r2.dat,7,4,87,2
20190713/user7/user7-3-1-r6.dat,7,3,1,6
20190713/user7/user7-3-95-r5.dat,7,3,95,5
20190713/user7/user7-2-80-r4.dat,7,2,80,4
20190713/user7/user7-4-57-r1.dat,7,4,57,1
20190713/user7/user7-1-48-r3.dat,7,1,48,3
20190713/user7/user7-2-50-r3.dat,7,2,50,3
20190713/user7/user7-2-45-r4.dat,7,2,45,4
20190713/user7/user7-3-75-r1.dat,7,3,75,1
20190713/user7/user7-3-17-r5.dat,7,3,17,5
20190713/user7/user7-1-68-r6.dat,7,1,68,6
20190713/user7/user7-3-68-r2.dat,7,3,68,2
20190713/user7/user7-4-82-r1.dat,7,4,82,1
20190713/user7/user7-3-12-r5.dat,7,3,12,5
20190713/user7/user7-4-72-r1.dat,7,4,72,1
20190713/user7/user7-2-14-r6.dat,7,2,14,6
20190713/user7/user7-4-39-r1.dat,7,4,39,1
20190713/user7/user7-4-91-r1.dat,7,4,91,1
20190713/user7/user7-2-16-r1.dat,7,2,16,1
20190713/user7/user7-2-10-r4.dat,7,2,10,4
20190713/user7/user7-4-19-r5.dat,7,4,19,5
20190713/user7/user7-2-74-r2.dat,7,2,74,2
20190713/user7/user7-2-59-r2.dat,7,2,59,2
20190713/user7/user7-3-33-r1.dat,7,3,33,1
20190713/user7/user7-3-37-r5.dat,7,3,37,5
20190713/user7/user7-4-22-r5.dat,7,4,22,5
20190713/user7/user7-1-96-r3.dat,7,1,96,3
20190713/user7/user7-4-23-r6.dat,7,4,23,6
20190713/user7/user7-1-2-r4.dat,7,1,2,4
20190713/user7/user7-4-88-r4.dat,7,4,88,4
20190713/user7/user7-2-85-r4.dat,7,2,85,4
20190713/user7/user7-4-70-r6.dat,7,4,70,6
20190713/user7/user7-4-31-r3.dat,7,4,31,3
20190713/user7/user7-1-16-r1.dat,7,1,16,1
20190713/user7/user7-2-19-r2.dat,7,2,19,2
20190713/user7/user7-4-37-r3.dat,7,4,37,3
20190713/user7/user7-4-58-r3.dat,7,4,58,3
20190713/user7/user7-2-2-r3.dat,7,2,2,3
20190713/user7/user7-3-80-r6.dat,7,3,80,6
20190713/user7/user7-4-45-r2.dat,7,4,45,2
20190713/user7/user7-2-44-r1.dat,7,2,44,1
20190713/user7/user7-1-67-r2.dat,7,1,67,2
20190713/user7/user7-1-23-r2.dat,7,1,23,2
20190713/user7/user7-4-26-r6.dat,7,4,26,6
20190713/user7/user7-4-4-r2.dat,7,4,4,2
20190713/user7/user7-3-23-r3.dat,7,3,23,3
20190713/user7/user7-3-73-r5.dat,7,3,73,5
20190713/user7/user7-4-64-r2.dat,7,4,64,2
20190713/user7/user7-4-88-r5.dat,7,4,88,5
20190713/user7/user7-1-93-r5.dat,7,1,93,5
20190713/user7/user7-4-50-r3.dat,7,4,50,3
20190713/user7/user7-1-94-r6.dat,7,1,94,6
20190713/user7/user7-1-17-r4.dat,7,1,17,4
20190713/user7/user7-3-78-r3.dat,7,3,78,3
20190713/user7/user7-4-79-r5.dat,7,4,79,5
20190713/user7/user7-4-18-r4.dat,7,4,18,4
20190713/user7/user7-2-52-r4.dat,7,2,52,4
20190713/user7/user7-3-15-r3.dat,7,3,15,3
20190713/user7/user7-2-49-r5.dat,7,2,49,5
20190713/user7/user7-2-69-r5.dat,7,2,69,5
20190713/user7/user7-2-8-r1.dat,7,2,8,1
20190713/user7/user7-2-73-r1.dat,7,2,73,1
20190713/user7/user7-3-15-r2.dat,7,3,15,2
20190713/user7/user7-4-16-r2.dat,7,4,16,2
20190713/user7/user7-2-87-r4.dat,7,2,87,4
20190713/user7/user7-4-93-r2.dat,7,4,93,2
20190713/user7/user7-3-79-r6.dat,7,3,79,6
20190713/user7/user7-3-16-r2.dat,7,3,16,2
20190713/user7/user7-1-66-r5.dat,7,1,66,5
20190713/user7/user7-4-62-r6.dat,7,4,62,6
20190713/user7/user7-3-14-r6.dat,7,3,14,6
20190713/user7/user7-3-19-r2.dat,7,3,19,2
20190713/user7/user7-1-87-r4.dat,7,1,87,4
20190713/user7/user7-1-47-r1.dat,7,1,47,1
20190713/user7/user7-3-77-r6.dat,7,3,77,6
20190713/user7/user7-2-94-r3.dat,7,2,94,3
20190713/user7/user7-4-10-r4.dat,7,4,10,4
20190713/user7/user7-4-70-r4.dat,7,4,70,4
20190713/user7/user7-3-59-r1.dat,7,3,59,1
20190713/user7/user7-4-100-r3.dat,7,4,100,3
20190713/user7/user7-2-11-r5.dat,7,2,11,5
20190713/user7/user7-2-86-r6.dat,7,2,86,6
20190713/user7/user7-2-78-r5.dat,7,2,78,5
20190713/user7/user7-3-59-r5.dat,7,3,59,5
20190713/user7/user7-4-30-r3.dat,7,4,30,3
20190713/user7/user7-4-97-r5.dat,7,4,97,5
20190713/user7/user7-4-29-r6.dat,7,4,29,6
20190713/user7/user7-2-17-r4.dat,7,2,17,4
20190713/user7/user7-2-53-r6.dat,7,2,53,6
20190713/user7/user7-4-91-r2.dat,7,4,91,2
20190713/user7/user7-1-16-r5.dat,7,1,16,5
20190713/user7/user7-1-3-r6.dat,7,1,3,6
20190713/user7/user7-4-58-r5.dat,7,4,58,5
20190713/user7/user7-2-5-r1.dat,7,2,5,1
20190713/user7/user7-3-80-r5.dat,7,3,80,5
20190713/user7/user7-3-20-r6.dat,7,3,20,6
20190713/user7/user7-3-96-r3.dat,7,3,96,3
20190713/user7/user7-4-55-r1.dat,7,4,55,1
20190713/user7/user7-1-67-r1.dat,7,1,67,1
20190713/user7/user7-2-23-r3.dat,7,2,23,3
20190713/user7/user7-2-59-r1.dat,7,2,59,1
20190713/user7/user7-1-55-r4.dat,7,1,55,4
20190713/user7/user7-4-69-r3.dat,7,4,69,3
20190713/user7/user7-2-90-r1.dat,7,2,90,1
20190713/user7/user7-3-98-r5.dat,7,3,98,5
20190713/user7/user7-1-26-r4.dat,7,1,26,4
20190713/user7/user7-2-1-r4.dat,7,2,1,4
20190713/user7/user7-2-2-r6.dat,7,2,2,6
20190713/user7/user7-2-62-r2.dat,7,2,62,2
20190713/user7/user7-3-87-r4.dat,7,3,87,4
20190713/user7/user7-4-2-r6.dat,7,4,2,6
20190713/user7/user7-3-40-r3.dat,7,3,40,3
20190713/user7/user7-1-84-r2.dat,7,1,84,2
20190713/user7/user7-2-96-r6.dat,7,2,96,6
20190713/user7/user7-4-16-r6.dat,7,4,16,6
20190713/user7/user7-1-91-r2.dat,7,1,91,2
20190713/user7/user7-3-7-r1.dat,7,3,7,1
20190713/user7/user7-3-71-r3.dat,7,3,71,3
20190713/user7/user7-1-43-r5.dat,7,1,43,5
20190713/user7/user7-2-21-r4.dat,7,2,21,4
20190713/user7/user7-1-43-r6.dat,7,1,43,6
20190713/user7/user7-4-6-r6.dat,7,4,6,6
20190713/user7/user7-4-25-r6.dat,7,4,25,6
20190713/user7/user7-1-100-r6.dat,7,1,100,6
20190713/user7/user7-1-56-r6.dat,7,1,56,6
20190713/user7/user7-4-2-r2.dat,7,4,2,2
20190713/user7/user7-2-94-r4.dat,7,2,94,4
20190713/user7/user7-2-42-r5.dat,7,2,42,5
20190713/user7/user7-4-83-r3.dat,7,4,83,3
20190713/user7/user7-4-32-r4.dat,7,4,32,4
20190713/user7/user7-4-33-r5.dat,7,4,33,5
20190713/user7/user7-3-27-r6.dat,7,3,27,6
20190713/user7/user7-2-63-r2.dat,7,2,63,2
20190713/user7/user7-3-74-r4.dat,7,3,74,4
20190713/user7/user7-3-96-r4.dat,7,3,96,4
20190713/user7/user7-4-33-r2.dat,7,4,33,2
20190713/user7/user7-4-5-r4.dat,7,4,5,4
20190713/user7/user7-1-50-r3.dat,7,1,50,3
20190713/user7/user7-1-92-r4.dat,7,1,92,4
20190713/user7/user7-2-26-r3.dat,7,2,26,3
20190713/user7/user7-4-96-r5.dat,7,4,96,5
20190713/user7/user7-2-71-r2.dat,7,2,71,2
20190713/user7/user7-3-51-r2.dat,7,3,51,2
20190713/user7/user7-1-30-r4.dat,7,1,30,4
20190713/user7/user7-2-40-r3.dat,7,2,40,3
20190713/user7/user7-1-3-r3.dat,7,1,3,3
20190713/user7/user7-3-83-r4.dat,7,3,83,4
20190713/user7/user7-1-12-r1.dat,7,1,12,1
20190713/user7/user7-1-9-r4.dat,7,1,9,4
20190713/user7/user7-1-4-r3.dat,7,1,4,3
20190713/user7/user7-2-2-r4.dat,7,2,2,4
20190713/user7/user7-1-72-r5.dat,7,1,72,5
20190713/user7/user7-4-34-r1.dat,7,4,34,1
20190713/user7/user7-3-44-r3.dat,7,3,44,3
20190713/user7/user7-2-61-r4.dat,7,2,61,4
20190713/user7/user7-1-14-r2.dat,7,1,14,2
20190713/user7/user7-3-3-r3.dat,7,3,3,3
20190713/user7/user7-3-27-r3.dat,7,3,27,3
20190713/user7/user7-4-92-r4.dat,7,4,92,4
20190713/user7/user7-4-35-r2.dat,7,4,35,2
20190713/user7/user7-2-64-r2.dat,7,2,64,2
20190713/user7/user7-1-41-r4.dat,7,1,41,4
20190713/user7/user7-4-78-r6.dat,7,4,78,6
20190713/user7/user7-3-80-r4.dat,7,3,80,4
20190713/user7/user7-3-59-r2.dat,7,3,59,2
20190713/user7/user7-1-78-r5.dat,7,1,78,5
20190713/user7/user7-2-1-r2.dat,7,2,1,2
20190713/user7/user7-2-95-r4.dat,7,2,95,4
20190713/user7/user7-2-49-r3.dat,7,2,49,3
20190713/user7/user7-3-18-r1.dat,7,3,18,1
20190713/user7/user7-1-61-r1.dat,7,1,61,1
20190713/user7/user7-4-12-r5.dat,7,4,12,5
20190713/user7/user7-4-37-r2.dat,7,4,37,2
20190713/user7/user7-4-82-r2.dat,7,4,82,2
20190713/user7/user7-3-18-r2.dat,7,3,18,2
20190713/user7/user7-3-55-r2.dat,7,3,55,2
20190713/user7/user7-1-18-r6.dat,7,1,18,6
20190713/user7/user7-4-70-r1.dat,7,4,70,1
20190713/user7/user7-3-39-r4.dat,7,3,39,4
20190713/user7/user7-4-73-r1.dat,7,4,73,1
20190713/user7/user7-3-30-r6.dat,7,3,30,6
20190713/user7/user7-3-61-r4.dat,7,3,61,4
20190713/user7/user7-1-25-r1.dat,7,1,25,1
20190713/user7/user7-1-64-r1.dat,7,1,64,1
20190713/user7/user7-4-65-r2.dat,7,4,65,2
20190713/user7/user7-3-84-r4.dat,7,3,84,4
20190713/user7/user7-3-22-r1.dat,7,3,22,1
20190713/user7/user7-1-25-r2.dat,7,1,25,2
20190713/user7/user7-3-84-r1.dat,7,3,84,1
20190713/user7/user7-2-99-r1.dat,7,2,99,1
20190713/user7/user7-4-16-r1.dat,7,4,16,1
20190713/user7/user7-1-91-r5.dat,7,1,91,5
20190713/user7/user7-3-95-r6.dat,7,3,95,6
20190713/user7/user7-3-13-r1.dat,7,3,13,1
20190713/user7/user7-4-3-r6.dat,7,4,3,6
20190713/user7/user7-4-36-r5.dat,7,4,36,5
20190713/user7/user7-4-72-r4.dat,7,4,72,4
20190713/user7/user7-1-9-r1.dat,7,1,9,1
20190713/user7/user7-2-90-r3.dat,7,2,90,3
20190713/user7/user7-3-97-r2.dat,7,3,97,2
20190713/user7/user7-1-19-r3.dat,7,1,19,3
20190713/user7/user7-1-16-r3.dat,7,1,16,3
20190713/user7/user7-2-22-r4.dat,7,2,22,4
20190713/user7/user7-1-3-r4.dat,7,1,3,4
20190713/user7/user7-2-30-r4.dat,7,2,30,4
20190713/user7/user7-2-87-r3.dat,7,2,87,3
20190713/user7/user7-2-43-r1.dat,7,2,43,1
20190713/user7/user7-3-83-r2.dat,7,3,83,2
20190713/user7/user7-2-41-r5.dat,7,2,41,5
20190713/user7/user7-1-47-r5.dat,7,1,47,5
20190713/user7/user7-1-79-r3.dat,7,1,79,3
20190713/user7/user7-2-75-r6.dat,7,2,75,6
20190713/user7/user7-2-29-r3.dat,7,2,29,3
20190713/user7/user7-1-11-r6.dat,7,1,11,6
20190713/user7/user7-1-81-r6.dat,7,1,81,6
20190713/user7/user7-2-30-r2.dat,7,2,30,2
20190713/user7/user7-2-48-r5.dat,7,2,48,5
20190713/user7/user7-4-40-r5.dat,7,4,40,5
20190713/user7/user7-2-72-r5.dat,7,2,72,5
20190713/user7/user7-4-22-r6.dat,7,4,22,6
20190713/user7/user7-1-91-r3.dat,7,1,91,3
20190713/user7/user7-3-60-r1.dat,7,3,60,1
20190713/user7/user7-2-98-r1.dat,7,2,98,1
20190713/user7/user7-4-19-r1.dat,7,4,19,1
20190713/user7/user7-4-80-r4.dat,7,4,80,4
20190713/user7/user7-3-54-r3.dat,7,3,54,3
20190713/user7/user7-1-45-r5.dat,7,1,45,5
20190713/user7/user7-2-98-r5.dat,7,2,98,5
20190713/user7/user7-3-22-r3.dat,7,3,22,3
20190713/user7/user7-2-98-r4.dat,7,2,98,4
20190713/user7/user7-2-80-r3.dat,7,2,80,3
20190713/user7/user7-1-40-r1.dat,7,1,40,1
20190713/user7/user7-2-84-r6.dat,7,2,84,6
20190713/user7/user7-1-40-r5.dat,7,1,40,5
20190713/user7/user7-3-58-r6.dat,7,3,58,6
20190713/user7/user7-1-30-r6.dat,7,1,30,6
20190713/user7/user7-2-62-r4.dat,7,2,62,4
20190713/user7/user7-1-9-r5.dat,7,1,9,5
20190713/user7/user7-4-55-r2.dat,7,4,55,2
20190713/user7/user7-3-69-r2.dat,7,3,69,2
20190713/user7/user7-3-1-r5.dat,7,3,1,5
20190713/user7/user7-3-88-r2.dat,7,3,88,2
20190713/user7/user7-1-36-r5.dat,7,1,36,5
20190713/user7/user7-3-85-r6.dat,7,3,85,6
20190713/user7/user7-2-24-r6.dat,7,2,24,6
20190713/user7/user7-4-58-r4.dat,7,4,58,4
20190713/user7/user7-2-70-r2.dat,7,2,70,2
20190713/user7/user7-3-35-r2.dat,7,3,35,2
20190713/user7/user7-3-99-r4.dat,7,3,99,4
20190713/user7/user7-3-52-r3.dat,7,3,52,3
20190713/user7/user7-1-100-r3.dat,7,1,100,3
20190713/user7/user7-3-65-r3.dat,7,3,65,3
20190713/user7/user7-2-91-r2.dat,7,2,91,2
20190713/user7/user7-1-44-r5.dat,7,1,44,5
20190713/user7/user7-2-32-r2.dat,7,2,32,2
20190713/user7/user7-2-84-r3.dat,7,2,84,3
20190713/user7/user7-2-13-r1.dat,7,2,13,1
20190713/user7/user7-3-32-r4.dat,7,3,32,4
20190713/user7/user7-4-3-r3.dat,7,4,3,3
20190713/user7/user7-3-88-r5.dat,7,3,88,5
20190713/user7/user7-4-13-r4.dat,7,4,13,4
20190713/user7/user7-3-37-r4.dat,7,3,37,4
20190713/user7/user7-3-10-r3.dat,7,3,10,3
20190713/user7/user7-1-41-r1.dat,7,1,41,1
20190713/user7/user7-4-47-r5.dat,7,4,47,5
20190713/user7/user7-1-60-r2.dat,7,1,60,2
20190713/user7/user7-3-19-r5.dat,7,3,19,5
20190713/user7/user7-2-61-r3.dat,7,2,61,3
20190713/user7/user7-4-66-r2.dat,7,4,66,2
20190713/user7/user7-2-50-r6.dat,7,2,50,6
20190713/user7/user7-2-41-r6.dat,7,2,41,6
20190713/user7/user7-1-72-r4.dat,7,1,72,4
20190713/user7/user7-2-95-r5.dat,7,2,95,5
20190713/user7/user7-3-35-r4.dat,7,3,35,4
20190713/user7/user7-3-16-r1.dat,7,3,16,1
20190713/user7/user7-1-41-r2.dat,7,1,41,2
20190713/user7/user7-4-35-r4.dat,7,4,35,4
20190713/user7/user7-3-9-r5.dat,7,3,9,5
20190713/user7/user7-4-59-r5.dat,7,4,59,5
20190713/user7/user7-4-28-r6.dat,7,4,28,6
20190713/user7/user7-2-54-r1.dat,7,2,54,1
20190713/user7/user7-1-67-r6.dat,7,1,67,6
20190713/user7/user7-2-66-r2.dat,7,2,66,2
20190713/user7/user7-3-40-r2.dat,7,3,40,2
20190713/user7/user7-3-81-r5.dat,7,3,81,5
20190713/user7/user7-3-34-r1.dat,7,3,34,1
20190713/user7/user7-4-44-r1.dat,7,4,44,1
20190713/user7/user7-4-25-r4.dat,7,4,25,4
20190713/user7/user7-1-22-r6.dat,7,1,22,6
20190713/user7/user7-4-75-r5.dat,7,4,75,5
20190713/user7/user7-4-7-r4.dat,7,4,7,4
20190713/user7/user7-1-21-r4.dat,7,1,21,4
20190713/user7/user7-4-11-r3.dat,7,4,11,3
20190713/user7/user7-4-51-r3.dat,7,4,51,3
20190713/user7/user7-2-74-r5.dat,7,2,74,5
20190713/user7/user7-2-78-r3.dat,7,2,78,3
20190713/user7/user7-1-60-r6.dat,7,1,60,6
20190713/user7/user7-3-78-r2.dat,7,3,78,2
20190713/user7/user7-1-48-r5.dat,7,1,48,5
20190713/user7/user7-4-53-r5.dat,7,4,53,5
20190713/user7/user7-2-90-r5.dat,7,2,90,5
20190713/user7/user7-1-12-r5.dat,7,1,12,5
20190713/user7/user7-4-5-r5.dat,7,4,5,5
20190713/user7/user7-2-3-r4.dat,7,2,3,4
20190713/user7/user7-3-36-r1.dat,7,3,36,1
20190713/user7/user7-1-2-r2.dat,7,1,2,2
20190713/user7/user7-3-37-r1.dat,7,3,37,1
20190713/user7/user7-4-25-r1.dat,7,4,25,1
20190713/user7/user7-4-39-r6.dat,7,4,39,6
20190713/user7/user7-2-58-r2.dat,7,2,58,2
20190713/user7/user7-2-60-r4.dat,7,2,60,4
20190713/user7/user7-1-36-r2.dat,7,1,36,2
20190713/user7/user7-2-82-r6.dat,7,2,82,6
20190713/user7/user7-3-56-r6.dat,7,3,56,6
20190713/user7/user7-4-76-r3.dat,7,4,76,3
20190713/user7/user7-3-52-r4.dat,7,3,52,4
20190713/user7/user7-2-72-r2.dat,7,2,72,2
20190713/user7/user7-1-83-r3.dat,7,1,83,3
20190713/user7/user7-4-62-r1.dat,7,4,62,1
20190713/user7/user7-1-26-r1.dat,7,1,26,1
20190713/user7/user7-3-61-r1.dat,7,3,61,1
20190713/user7/user7-1-94-r5.dat,7,1,94,5
20190713/user7/user7-1-6-r3.dat,7,1,6,3
20190713/user7/user7-2-16-r6.dat,7,2,16,6
20190713/user7/user7-2-75-r3.dat,7,2,75,3
20190713/user7/user7-3-52-r1.dat,7,3,52,1
20190713/user7/user7-1-92-r1.dat,7,1,92,1
20190713/user7/user7-4-53-r3.dat,7,4,53,3
20190713/user7/user7-2-88-r2.dat,7,2,88,2
20190713/user7/user7-1-71-r1.dat,7,1,71,1
20190713/user7/user7-3-63-r2.dat,7,3,63,2
20190713/user7/user7-3-66-r2.dat,7,3,66,2
20190713/user7/user7-2-39-r5.dat,7,2,39,5
20190713/user7/user7-2-56-r3.dat,7,2,56,3
20190713/user7/user7-4-16-r5.dat,7,4,16,5
20190713/user7/user7-1-36-r4.dat,7,1,36,4
20190713/user7/user7-3-66-r4.dat,7,3,66,4
20190713/user7/user7-1-9-r2.dat,7,1,9,2
20190713/user7/user7-3-35-r1.dat,7,3,35,1
20190713/user7/user7-1-51-r5.dat,7,1,51,5
20190713/user7/user7-2-46-r2.dat,7,2,46,2
20190713/user7/user7-2-69-r2.dat,7,2,69,2
20190713/user7/user7-1-69-r2.dat,7,1,69,2
20190713/user7/user7-4-68-r2.dat,7,4,68,2
20190713/user7/user7-3-21-r5.dat,7,3,21,5
20190713/user7/user7-4-63-r4.dat,7,4,63,4
20190713/user7/user7-4-52-r6.dat,7,4,52,6
20190713/user7/user7-4-67-r2.dat,7,4,67,2
20190713/user7/user7-1-66-r2.dat,7,1,66,2
20190713/user7/user7-3-52-r2.dat,7,3,52,2
20190713/user7/user7-1-95-r4.dat,7,1,95,4
20190713/user7/user7-4-41-r4.dat,7,4,41,4
20190713/user7/user7-3-36-r2.dat,7,3,36,2
20190713/user7/user7-1-17-r6.dat,7,1,17,6
20190713/user7/user7-4-79-r3.dat,7,4,79,3
20190713/user7/user7-4-88-r3.dat,7,4,88,3
20190713/user7/user7-1-42-r6.dat,7,1,42,6
20190713/user7/user7-1-53-r5.dat,7,1,53,5
20190713/user7/user7-2-40-r1.dat,7,2,40,1
20190713/user7/user7-2-81-r5.dat,7,2,81,5
20190713/user7/user7-2-28-r4.dat,7,2,28,4
20190713/user7/user7-2-25-r5.dat,7,2,25,5
20190713/user7/user7-3-95-r2.dat,7,3,95,2
20190713/user7/user7-3-55-r3.dat,7,3,55,3
20190713/user7/user7-1-23-r3.dat,7,1,23,3
20190713/user7/user7-4-85-r4.dat,7,4,85,4
20190713/user7/user7-2-12-r2.dat,7,2,12,2
20190713/user7/user7-3-10-r6.dat,7,3,10,6
20190713/user7/user7-1-100-r5.dat,7,1,100,5
20190713/user7/user7-1-74-r5.dat,7,1,74,5
20190713/user7/user7-3-100-r1.dat,7,3,100,1
20190713/user7/user7-1-99-r4.dat,7,1,99,4
20190713/user7/user7-3-99-r3.dat,7,3,99,3
20190713/user7/user7-1-11-r2.dat,7,1,11,2
20190713/user7/user7-3-57-r6.dat,7,3,57,6
20190713/user7/user7-4-74-r2.dat,7,4,74,2
20190713/user7/user7-2-71-r3.dat,7,2,71,3
20190713/user7/user7-3-32-r5.dat,7,3,32,5
20190713/user7/user7-3-34-r2.dat,7,3,34,2
20190713/user7/user7-3-26-r4.dat,7,3,26,4
20190713/user7/user7-4-2-r1.dat,7,4,2,1
20190713/user7/user7-1-56-r5.dat,7,1,56,5
20190713/user7/user7-2-38-r6.dat,7,2,38,6
20190713/user7/user7-4-64-r6.dat,7,4,64,6
20190713/user7/user7-2-20-r1.dat,7,2,20,1
20190713/user7/user7-2-35-r5.dat,7,2,35,5
20190713/user7/user7-1-10-r6.dat,7,1,10,6
20190713/user7/user7-4-90-r4.dat,7,4,90,4
20190713/user7/user7-3-90-r1.dat,7,3,90,1
20190713/user7/user7-1-4-r6.dat,7,1,4,6
20190713/user7/user7-4-79-r1.dat,7,4,79,1
20190713/user7/user7-2-33-r3.dat,7,2,33,3
20190713/user7/user7-3-4-r5.dat,7,3,4,5
20190713/user7/user7-3-98-r4.dat,7,3,98,4
20190713/user7/user7-1-35-r3.dat,7,1,35,3
20190713/user7/user7-3-92-r1.dat,7,3,92,1
20190713/user7/user7-3-85-r3.dat,7,3,85,3
20190713/user7/user7-1-11-r4.dat,7,1,11,4
20190713/user7/user7-3-13-r2.dat,7,3,13,2
20190713/user7/user7-4-97-r3.dat,7,4,97,3
20190713/user7/user7-4-76-r4.dat,7,4,76,4
20190713/user7/user7-2-29-r5.dat,7,2,29,5
20190713/user7/user7-2-56-r6.dat,7,2,56,6
20190713/user7/user7-1-76-r5.dat,7,1,76,5
20190713/user7/user7-1-59-r5.dat,7,1,59,5
20190713/user7/user7-3-5-r4.dat,7,3,5,4
20190713/user7/user7-3-91-r1.dat,7,3,91,1
20190713/user7/user7-4-96-r6.dat,7,4,96,6
20190713/user7/user7-2-62-r1.dat,7,2,62,1
20190713/user7/user7-1-98-r2.dat,7,1,98,2
20190713/user7/user7-2-63-r6.dat,7,2,63,6
20190713/user7/user7-1-33-r3.dat,7,1,33,3
20190713/user7/user7-1-12-r3.dat,7,1,12,3
20190713/user7/user7-3-53-r6.dat,7,3,53,6
20190713/user7/user7-4-52-r3.dat,7,4,52,3
20190713/user7/user7-3-28-r4.dat,7,3,28,4
20190713/user7/user7-4-95-r4.dat,7,4,95,4
20190713/user7/user7-1-51-r6.dat,7,1,51,6
20190713/user7/user7-4-23-r3.dat,7,4,23,3
20190713/user7/user7-1-88-r1.dat,7,1,88,1
20190713/user7/user7-4-49-r6.dat,7,4,49,6
20190713/user7/user7-1-99-r6.dat,7,1,99,6
20190713/user7/user7-4-39-r2.dat,7,4,39,2
20190713/user7/user7-2-48-r3.dat,7,2,48,3
20190713/user7/user7-1-72-r2.dat,7,1,72,2
20190713/user7/user7-1-45-r4.dat,7,1,45,4
20190713/user7/user7-2-36-r4.dat,7,2,36,4
20190713/user7/user7-1-66-r3.dat,7,1,66,3
20190713/user7/user7-1-8-r1.dat,7,1,8,1
20190713/user7/user7-4-14-r4.dat,7,4,14,4
20190713/user7/user7-2-60-r6.dat,7,2,60,6
20190713/user7/user7-4-65-r6.dat,7,4,65,6
20190713/user7/user7-1-14-r4.dat,7,1,14,4
20190713/user7/user7-4-45-r3.dat,7,4,45,3
20190713/user7/user7-4-95-r6.dat,7,4,95,6
20190713/user7/user7-4-6-r2.dat,7,4,6,2
20190713/user7/user7-2-7-r2.dat,7,2,7,2
20190713/user7/user7-1-93-r3.dat,7,1,93,3
20190713/user7/user7-3-88-r6.dat,7,3,88,6
20190713/user7/user7-2-17-r3.dat,7,2,17,3
20190713/user7/user7-3-31-r4.dat,7,3,31,4
20190713/user7/user7-1-59-r2.dat,7,1,59,2
20190713/user7/user7-3-47-r6.dat,7,3,47,6
20190713/user7/user7-4-20-r2.dat,7,4,20,2
20190713/user7/user7-4-72-r6.dat,7,4,72,6
20190713/user7/user7-1-37-r5.dat,7,1,37,5
20190713/user7/user7-3-18-r6.dat,7,3,18,6
20190713/user7/user7-2-37-r4.dat,7,2,37,4
20190713/user7/user7-4-31-r1.dat,7,4,31,1
20190713/user7/user7-4-79-r4.dat,7,4,79,4
20190713/user7/user7-4-24-r5.dat,7,4,24,5
20190713/user7/user7-4-9-r5.dat,7,4,9,5
20190713/user7/user7-3-93-r1.dat,7,3,93,1
20190713/user7/user7-3-50-r1.dat,7,3,50,1
20190713/user7/user7-3-24-r3.dat,7,3,24,3
20190713/user7/user7-4-87-r6.dat,7,4,87,6
20190713/user7/user7-3-27-r1.dat,7,3,27,1
20190713/user7/user7-1-38-r2.dat,7,1,38,2
20190713/user7/user7-1-76-r2.dat,7,1,76,2
20190713/user7/user7-3-45-r5.dat,7,3,45,5
20190713/user7/user7-1-68-r4.dat,7,1,68,4
20190713/user7/user7-2-22-r3.dat,7,2,22,3
20190713/user7/user7-2-91-r5.dat,7,2,91,5
20190713/user7/user7-1-71-r2.dat,7,1,71,2
20190713/user7/user7-1-89-r5.dat,7,1,89,5
20190713/user7/user7-1-31-r1.dat,7,1,31,1
20190713/user7/user7-1-83-r1.dat,7,1,83,1
20190713/user7/user7-3-81-r3.dat,7,3,81,3
20190713/user7/user7-4-10-r2.dat,7,4,10,2
20190713/user7/user7-3-74-r2.dat,7,3,74,2
20190713/user7/user7-3-24-r2.dat,7,3,24,2
20190713/user7/user7-2-33-r5.dat,7,2,33,5
20190713/user7/user7-3-86-r4.dat,7,3,86,4
20190713/user7/user7-3-94-r2.dat,7,3,94,2
20190713/user7/user7-1-93-r4.dat,7,1,93,4
20190713/user7/user7-3-79-r2.dat,7,3,79,2
20190713/user7/user7-1-78-r3.dat,7,1,78,3
20190713/user7/user7-1-50-r4.dat,7,1,50,4
20190713/user7/user7-1-15-r3.dat,7,1,15,3
20190713/user7/user7-3-32-r2.dat,7,3,32,2
20190713/user7/user7-2-6-r4.dat,7,2,6,4
20190713/user7/user7-3-68-r5.dat,7,3,68,5
20190713/user7/user7-2-88-r3.dat,7,2,88,3
20190713/user7/user7-3-14-r4.dat,7,3,14,4
20190713/user7/user7-3-30-r2.dat,7,3,30,2
20190713/user7/user7-2-95-r6.dat,7,2,95,6
20190713/user7/user7-4-17-r3.dat,7,4,17,3
20190713/user7/user7-2-67-r6.dat,7,2,67,6
20190713/user7/user7-2-39-r3.dat,7,2,39,3
20190713/user7/user7-2-73-r5.dat,7,2,73,5
20190713/user7/user7-1-25-r3.dat,7,1,25,3
20190713/user7/user7-4-35-r1.dat,7,4,35,1
20190713/user7/user7-2-10-r1.dat,7,2,10,1
20190713/user7/user7-3-33-r3.dat,7,3,33,3
20190713/user7/user7-2-68-r6.dat,7,2,68,6
20190713/user7/user7-4-5-r3.dat,7,4,5,3
20190713/user7/user7-4-96-r1.dat,7,4,96,1
20190713/user7/user7-4-100-r4.dat,7,4,100,4
20190713/user7/user7-4-47-r3.dat,7,4,47,3
20190713/user7/user7-3-47-r1.dat,7,3,47,1
20190713/user7/user7-1-20-r5.dat,7,1,20,5
20190713/user7/user7-1-54-r6.dat,7,1,54,6
20190713/user7/user7-4-42-r6.dat,7,4,42,6
20190713/user7/user7-3-87-r6.dat,7,3,87,6
20190713/user7/user7-2-9-r5.dat,7,2,9,5
20190713/user7/user7-2-52-r6.dat,7,2,52,6
20190713/user7/user7-1-13-r5.dat,7,1,13,5
20190713/user7/user7-3-78-r1.dat,7,3,78,1
20190713/user7/user7-2-57-r4.dat,7,2,57,4
20190713/user7/user7-2-58-r4.dat,7,2,58,4
20190713/user7/user7-2-6-r3.dat,7,2,6,3
20190713/user7/user7-2-5-r2.dat,7,2,5,2
20190713/user7/user7-2-23-r5.dat,7,2,23,5
20190713/user7/user7-2-35-r3.dat,7,2,35,3
20190713/user7/user7-1-70-r4.dat,7,1,70,4
20190713/user7/user7-1-82-r1.dat,7,1,82,1
20190713/user7/user7-4-81-r1.dat,7,4,81,1
20190713/user7/user7-3-8-r3.dat,7,3,8,3
20190713/user7/user7-1-52-r5.dat,7,1,52,5
20190713/user7/user7-3-56-r5.dat,7,3,56,5
20190713/user7/user7-1-83-r5.dat,7,1,83,5
20190713/user7/user7-3-63-r1.dat,7,3,63,1
20190713/user7/user7-1-70-r2.dat,7,1,70,2
20190713/user7/user7-2-91-r6.dat,7,2,91,6
20190713/user7/user7-3-21-r6.dat,7,3,21,6
20190713/user7/user7-3-82-r5.dat,7,3,82,5
20190713/user7/user7-3-3-r1.dat,7,3,3,1
20190713/user7/user7-2-64-r5.dat,7,2,64,5
20190713/user7/user7-3-67-r4.dat,7,3,67,4
20190713/user7/user7-4-86-r1.dat,7,4,86,1
20190713/user7/user7-2-76-r5.dat,7,2,76,5
20190713/user7/user7-3-87-r5.dat,7,3,87,5
20190713/user7/user7-2-89-r5.dat,7,2,89,5
20190713/user7/user7-4-35-r5.dat,7,4,35,5
20190713/user7/user7-3-93-r5.dat,7,3,93,5
20190713/user7/user7-3-44-r6.dat,7,3,44,6
20190713/user7/user7-1-8-r5.dat,7,1,8,5
20190713/user7/user7-4-7-r2.dat,7,4,7,2
20190713/user7/user7-4-23-r4.dat,7,4,23,4
20190713/user7/user7-3-62-r3.dat,7,3,62,3
20190713/user7/user7-4-46-r5.dat,7,4,46,5
20190713/user7/user7-2-36-r2.dat,7,2,36,2
20190713/user7/user7-1-4-r4.dat,7,1,4,4
20190713/user7/user7-3-16-r5.dat,7,3,16,5
20190713/user7/user7-4-15-r3.dat,7,4,15,3
20190713/user7/user7-1-28-r2.dat,7,1,28,2
20190713/user7/user7-3-77-r3.dat,7,3,77,3
20190713/user7/user7-1-46-r4.dat,7,1,46,4
20190713/user7/user7-2-56-r2.dat,7,2,56,2
20190713/user7/user7-4-88-r2.dat,7,4,88,2
20190713/user7/user7-3-1-r2.dat,7,3,1,2
20190713/user7/user7-3-29-r6.dat,7,3,29,6
20190713/user7/user7-3-6-r2.dat,7,3,6,2
20190713/user7/user7-2-19-r1.dat,7,2,19,1
20190713/user7/user7-2-87-r1.dat,7,2,87,1
20190713/user7/user7-3-35-r3.dat,7,3,35,3
20190713/user7/user7-1-96-r4.dat,7,1,96,4
20190713/user7/user7-3-67-r3.dat,7,3,67,3
20190713/user7/user7-1-54-r1.dat,7,1,54,1
20190713/user7/user7-3-60-r2.dat,7,3,60,2
20190713/user7/user7-2-55-r4.dat,7,2,55,4
20190713/user7/user7-3-84-r6.dat,7,3,84,6
20190713/user7/user7-4-32-r3.dat,7,4,32,3
20190713/user7/user7-1-39-r5.dat,7,1,39,5
20190713/user7/user7-3-100-r6.dat,7,3,100,6
20190713/user7/user7-4-43-r1.dat,7,4,43,1
20190713/user7/user7-2-68-r3.dat,7,2,68,3
20190713/user7/user7-4-87-r3.dat,7,4,87,3
20190713/user7/user7-2-2-r2.dat,7,2,2,2
20190713/user7/user7-2-19-r5.dat,7,2,19,5
20190713/user7/user7-2-15-r6.dat,7,2,15,6
20190713/user7/user7-4-53-r2.dat,7,4,53,2
20190713/user7/user7-2-86-r4.dat,7,2,86,4
20190713/user7/user7-2-95-r3.dat,7,2,95,3
20190713/user7/user7-3-29-r1.dat,7,3,29,1
20190713/user7/user7-2-27-r4.dat,7,2,27,4
20190713/user7/user7-1-89-r4.dat,7,1,89,4
20190713/user7/user7-2-9-r1.dat,7,2,9,1
20190713/user7/user7-2-31-r6.dat,7,2,31,6
20190713/user7/user7-2-18-r3.dat,7,2,18,3
20190713/user7/user7-1-18-r2.dat,7,1,18,2
20190713/user7/user7-3-41-r4.dat,7,3,41,4
20190713/user7/user7-3-50-r5.dat,7,3,50,5
20190713/user7/user7-1-1-r3.dat,7,1,1,3
20190713/user7/user7-4-46-r4.dat,7,4,46,4
20190713/user7/user7-4-56-r1.dat,7,4,56,1
20190713/user7/user7-4-77-r4.dat,7,4,77,4
20190713/user7/user7-3-67-r5.dat,7,3,67,5
20190713/user7/user7-2-39-r1.dat,7,2,39,1
20190713/user7/user7-1-87-r5.dat,7,1,87,5
20190713/user7/user7-4-76-r6.dat,7,4,76,6
20190713/user7/user7-4-21-r1.dat,7,4,21,1
20190713/user7/user7-4-74-r3.dat,7,4,74,3
20190713/user7/user7-3-77-r5.dat,7,3,77,5
20190713/user7/user7-4-58-r6.dat,7,4,58,6
20190713/user7/user7-2-33-r1.dat,7,2,33,1
20190713/user7/user7-4-91-r6.dat,7,4,91,6
20190713/user7/user7-3-84-r3.dat,7,3,84,3
20190713/user7/user7-3-28-r3.dat,7,3,28,3
20190713/user7/user7-3-92-r3.dat,7,3,92,3
20190713/user7/user7-1-75-r3.dat,7,1,75,3
20190713/user7/user7-3-73-r2.dat,7,3,73,2
20190713/user7/user7-1-73-r4.dat,7,1,73,4
20190713/user7/user7-3-75-r5.dat,7,3,75,5
20190713/user7/user7-3-77-r1.dat,7,3,77,1
20190713/user7/user7-2-24-r5.dat,7,2,24,5
20190713/user7/user7-3-56-r2.dat,7,3,56,2
20190713/user7/user7-1-2-r5.dat,7,1,2,5
20190713/user7/user7-4-63-r6.dat,7,4,63,6
20190713/user7/user7-4-42-r4.dat,7,4,42,4
20190713/user7/user7-4-10-r3.dat,7,4,10,3
20190713/user7/user7-2-76-r4.dat,7,2,76,4
20190713/user7/user7-4-38-r6.dat,7,4,38,6
20190713/user7/user7-3-65-r6.dat,7,3,65,6
20190713/user7/user7-3-4-r3.dat,7,3,4,3
20190713/user7/user7-2-89-r4.dat,7,2,89,4
20190713/user7/user7-3-42-r5.dat,7,3,42,5
20190713/user7/user7-4-48-r5.dat,7,4,48,5
20190713/user7/user7-3-92-r2.dat,7,3,92,2
20190713/user7/user7-3-46-r5.dat,7,3,46,5
20190713/user7/user7-4-28-r5.dat,7,4,28,5
20190713/user7/user7-1-61-r3.dat,7,1,61,3
20190713/user7/user7-1-31-r5.dat,7,1,31,5
20190713/user7/user7-3-2-r4.dat,7,3,2,4
20190713/user7/user7-3-20-r1.dat,7,3,20,1
20190713/user7/user7-2-84-r2.dat,7,2,84,2
20190713/user7/user7-1-94-r2.dat,7,1,94,2
20190713/user7/user7-1-12-r6.dat,7,1,12,6
20190713/user7/user7-3-41-r1.dat,7,3,41,1
20190713/user7/user7-4-50-r1.dat,7,4,50,1
20190713/user7/user7-2-93-r1.dat,7,2,93,1
20190713/user7/user7-2-57-r6.dat,7,2,57,6
20190713/user7/user7-1-46-r2.dat,7,1,46,2
20190713/user7/user7-3-56-r4.dat,7,3,56,4
20190713/user7/user7-2-55-r2.dat,7,2,55,2
20190713/user7/user7-1-68-r5.dat,7,1,68,5
20190713/user7/user7-1-69-r3.dat,7,1,69,3
20190713/user7/user7-2-90-r4.dat,7,2,90,4
20190713/user7/user7-4-2-r5.dat,7,4,2,5
20190713/user7/user7-3-54-r1.dat,7,3,54,1
20190713/user7/user7-4-12-r3.dat,7,4,12,3
20190713/user7/user7-1-25-r4.dat,7,1,25,4
20190713/user7/user7-2-15-r3.dat,7,2,15,3
20190713/user7/user7-4-1-r4.dat,7,4,1,4
20190713/user7/user7-4-24-r6.dat,7,4,24,6
20190713/user7/user7-1-5-r6.dat,7,1,5,6
20190713/user7/user7-4-71-r4.dat,7,4,71,4
20190713/user7/user7-2-89-r6.dat,7,2,89,6
20190713/user7/user7-1-24-r2.dat,7,1,24,2
20190713/user7/user7-3-56-r1.dat,7,3,56,1
20190713/user7/user7-2-31-r4.dat,7,2,31,4
20190713/user7/user7-1-81-r4.dat,7,1,81,4
20190713/user7/user7-1-27-r5.dat,7,1,27,5
20190713/user7/user7-1-90-r2.dat,7,1,90,2
20190713/user7/user7-2-16-r3.dat,7,2,16,3
20190713/user7/user7-3-57-r5.dat,7,3,57,5
20190713/user7/user7-3-19-r1.dat,7,3,19,1
20190713/user7/user7-2-24-r3.dat,7,2,24,3
20190713/user7/user7-2-34-r4.dat,7,2,34,4
20190713/user7/user7-1-85-r2.dat,7,1,85,2
20190713/user7/user7-1-65-r1.dat,7,1,65,1
20190713/user7/user7-1-50-r2.dat,7,1,50,2
20190713/user7/user7-4-97-r2.dat,7,4,97,2
20190713/user7/user7-2-32-r4.dat,7,2,32,4
20190713/user7/user7-4-92-r2.dat,7,4,92,2
20190713/user7/user7-1-51-r4.dat,7,1,51,4
20190713/user7/user7-4-26-r2.dat,7,4,26,2
20190713/user7/user7-3-98-r6.dat,7,3,98,6
20190713/user7/user7-2-20-r3.dat,7,2,20,3
20190713/user7/user7-2-13-r4.dat,7,2,13,4
20190713/user7/user7-1-28-r1.dat,7,1,28,1
20190713/user7/user7-3-76-r5.dat,7,3,76,5
20190713/user7/user7-3-49-r1.dat,7,3,49,1
20190713/user7/user7-2-19-r6.dat,7,2,19,6
20190713/user7/user7-4-3-r2.dat,7,4,3,2
20190713/user7/user7-1-36-r6.dat,7,1,36,6
20190713/user7/user7-2-14-r1.dat,7,2,14,1
20190713/user7/user7-1-49-r6.dat,7,1,49,6
20190713/user7/user7-2-99-r6.dat,7,2,99,6
20190713/user7/user7-4-48-r3.dat,7,4,48,3
20190713/user7/user7-4-55-r6.dat,7,4,55,6
20190713/user7/user7-4-93-r1.dat,7,4,93,1
20190713/user7/user7-1-76-r1.dat,7,1,76,1
20190713/user7/user7-3-14-r1.dat,7,3,14,1
20190713/user7/user7-4-78-r2.dat,7,4,78,2
20190713/user7/user7-4-45-r6.dat,7,4,45,6
20190713/user7/user7-4-27-r2.dat,7,4,27,2
20190713/user7/user7-1-18-r1.dat,7,1,18,1
20190713/user7/user7-1-18-r4.dat,7,1,18,4
20190713/user7/user7-3-58-r4.dat,7,3,58,4
20190713/user7/user7-1-42-r1.dat,7,1,42,1
20190713/user7/user7-4-92-r3.dat,7,4,92,3
20190713/user7/user7-1-84-r1.dat,7,1,84,1
20190713/user7/user7-4-5-r6.dat,7,4,5,6
20190713/user7/user7-3-44-r5.dat,7,3,44,5
20190713/user7/user7-3-73-r6.dat,7,3,73,6
20190713/user7/user7-2-99-r3.dat,7,2,99,3
20190713/user7/user7-1-15-r5.dat,7,1,15,5
20190713/user7/user7-1-80-r3.dat,7,1,80,3
20190713/user7/user7-2-12-r6.dat,7,2,12,6
20190713/user7/user7-3-85-r1.dat,7,3,85,1
20190713/user7/user7-3-86-r5.dat,7,3,86,5
20190713/user7/user7-3-68-r3.dat,7,3,68,3
20190713/user7/user7-1-86-r1.dat,7,1,86,1
20190713/user7/user7-2-84-r4.dat,7,2,84,4
20190713/user7/user7-3-67-r2.dat,7,3,67,2
20190713/user7/user7-4-29-r4.dat,7,4,29,4
20190713/user7/user7-1-37-r1.dat,7,1,37,1
20190713/user7/user7-3-75-r6.dat,7,3,75,6
20190713/user7/user7-4-10-r6.dat,7,4,10,6
20190713/user7/user7-2-11-r1.dat,7,2,11,1
20190713/user7/user7-2-98-r2.dat,7,2,98,2
20190713/user7/user7-3-39-r3.dat,7,3,39,3
20190713/user7/user7-3-71-r4.dat,7,3,71,4
20190713/user7/user7-4-40-r6.dat,7,4,40,6
20190713/user7/user7-4-67-r4.dat,7,4,67,4
20190713/user7/user7-2-10-r5.dat,7,2,10,5
20190713/user7/user7-2-8-r5.dat,7,2,8,5
20190713/user7/user7-4-97-r6.dat,7,4,97,6
20190713/user7/user7-3-8-r6.dat,7,3,8,6
20190713/user7/user7-4-69-r2.dat,7,4,69,2
20190713/user7/user7-2-75-r2.dat,7,2,75,2
20190713/user7/user7-1-37-r4.dat,7,1,37,4
20190713/user7/user7-2-68-r2.dat,7,2,68,2
20190713/user7/user7-4-3-r5.dat,7,4,3,5
20190713/user7/user7-4-6-r3.dat,7,4,6,3
20190713/user7/user7-4-4-r3.dat,7,4,4,3
20190713/user7/user7-3-66-r3.dat,7,3,66,3
20190713/user7/user7-4-21-r4.dat,7,4,21,4
20190713/user7/user7-3-72-r4.dat,7,3,72,4
20190713/user7/user7-2-82-r3.dat,7,2,82,3
20190713/user7/user7-2-6-r6.dat,7,2,6,6
20190713/user7/user7-2-34-r3.dat,7,2,34,3
20190713/user7/user7-1-77-r1.dat,7,1,77,1
20190713/user7/user7-3-75-r3.dat,7,3,75,3
20190713/user7/user7-3-9-r2.dat,7,3,9,2
20190713/user7/user7-2-82-r2.dat,7,2,82,2
20190713/user7/user7-2-31-r5.dat,7,2,31,5
20190713/user7/user7-4-81-r4.dat,7,4,81,4
20190713/user7/user7-2-95-r1.dat,7,2,95,1
20190713/user7/user7-2-77-r5.dat,7,2,77,5
20190713/user7/user7-1-97-r3.dat,7,1,97,3
20190713/user7/user7-3-15-r4.dat,7,3,15,4
20190713/user7/user7-4-71-r5.dat,7,4,71,5
20190713/user7/user7-4-94-r3.dat,7,4,94,3
20190713/user7/user7-3-94-r1.dat,7,3,94,1
20190713/user7/user7-4-48-r4.dat,7,4,48,4
20190713/user7/user7-1-39-r1.dat,7,1,39,1
20190713/user7/user7-3-43-r6.dat,7,3,43,6
20190713/user7/user7-2-1-r3.dat,7,2,1,3
20190713/user7/user7-3-41-r3.dat,7,3,41,3
20190713/user7/user7-3-38-r5.dat,7,3,38,5
20190713/user7/user7-4-17-r5.dat,7,4,17,5
20190713/user7/user7-1-54-r4.dat,7,1,54,4
20190713/user7/user7-4-9-r2.dat,7,4,9,2
20190713/user7/user7-4-18-r2.dat,7,4,18,2
20190713/user7/user7-3-49-r3.dat,7,3,49,3
20190713/user7/user7-3-96-r2.dat,7,3,96,2
20190713/user7/user7-1-92-r6.dat,7,1,92,6
20190713/user7/user7-2-7-r4.dat,7,2,7,4
20190713/user7/user7-1-1-r4.dat,7,1,1,4
20190713/user7/user7-4-17-r1.dat,7,4,17,1
20190713/user7/user7-1-56-r3.dat,7,1,56,3
20190713/user7/user7-1-68-r3.dat,7,1,68,3
20190713/user7/user7-4-24-r4.dat,7,4,24,4
20190713/user7/user7-4-99-r5.dat,7,4,99,5
20190713/user7/user7-4-95-r2.dat,7,4,95,2
20190713/user7/user7-3-58-r1.dat,7,3,58,1
20190713/user7/user7-3-22-r6.dat,7,3,22,6
20190713/user7/user7-1-78-r1.dat,7,1,78,1
20190713/user7/user7-4-28-r1.dat,7,4,28,1
20190713/user7/user7-2-94-r6.dat,7,2,94,6
20190713/user7/user7-3-62-r5.dat,7,3,62,5
20190713/user7/user7-2-26-r6.dat,7,2,26,6
20190713/user7/user7-4-87-r5.dat,7,4,87,5
20190713/user7/user7-1-77-r6.dat,7,1,77,6
20190713/user7/user7-4-34-r5.dat,7,4,34,5
20190713/user7/user7-1-85-r5.dat,7,1,85,5
20190713/user7/user7-2-39-r2.dat,7,2,39,2
20190713/user7/user7-2-20-r2.dat,7,2,20,2
20190713/user7/user7-1-73-r6.dat,7,1,73,6
20190713/user7/user7-4-67-r3.dat,7,4,67,3
20190713/user7/user7-1-55-r5.dat,7,1,55,5
20190713/user7/user7-3-86-r2.dat,7,3,86,2
20190713/user7/user7-1-87-r3.dat,7,1,87,3
20190713/user7/user7-4-35-r3.dat,7,4,35,3
20190713/user7/user7-4-84-r6.dat,7,4,84,6
20190713/user7/user7-2-85-r5.dat,7,2,85,5
20190713/user7/user7-1-70-r3.dat,7,1,70,3
20190713/user7/user7-3-93-r2.dat,7,3,93,2
20190713/user7/user7-3-78-r4.dat,7,3,78,4
20190713/user7/user7-2-46-r3.dat,7,2,46,3
20190713/user7/user7-3-92-r6.dat,7,3,92,6
20190713/user7/user7-2-14-r3.dat,7,2,14,3
20190713/user7/user7-4-15-r4.dat,7,4,15,4
20190713/user7/user7-4-90-r1.dat,7,4,90,1
20190713/user7/user7-3-88-r1.dat,7,3,88,1
20190713/user7/user7-4-75-r3.dat,7,4,75,3
20190713/user7/user7-2-71-r5.dat,7,2,71,5
20190713/user7/user7-3-72-r1.dat,7,3,72,1
20190713/user7/user7-1-91-r4.dat,7,1,91,4
20190713/user7/user7-2-11-r6.dat,7,2,11,6
20190713/user7/user7-1-48-r6.dat,7,1,48,6
20190713/user7/user7-3-66-r1.dat,7,3,66,1
20190713/user7/user7-1-59-r6.dat,7,1,59,6
20190713/user7/user7-3-96-r1.dat,7,3,96,1
20190713/user7/user7-2-70-r1.dat,7,2,70,1
20190713/user7/user7-1-27-r6.dat,7,1,27,6
20190713/user7/user7-3-1-r3.dat,7,3,1,3
20190713/user7/user7-1-29-r2.dat,7,1,29,2
20190713/user7/user7-4-28-r2.dat,7,4,28,2
20190713/user7/user7-1-85-r4.dat,7,1,85,4
20190713/user7/user7-2-93-r2.dat,7,2,93,2
20190713/user7/user7-3-92-r5.dat,7,3,92,5
20190713/user7/user7-3-87-r1.dat,7,3,87,1
20190713/user7/user7-3-71-r2.dat,7,3,71,2
20190713/user7/user7-2-100-r5.dat,7,2,100,5
20190713/user7/user7-3-13-r6.dat,7,3,13,6
20190713/user7/user7-3-33-r4.dat,7,3,33,4
20190713/user7/user7-2-40-r2.dat,7,2,40,2
20190713/user7/user7-1-12-r4.dat,7,1,12,4
20190713/user7/user7-1-69-r4.dat,7,1,69,4
20190713/user7/user7-2-34-r1.dat,7,2,34,1
20190713/user7/user7-3-63-r6.dat,7,3,63,6
20190713/user7/user7-4-43-r3.dat,7,4,43,3
20190713/user7/user7-4-38-r4.dat,7,4,38,4
20190713/user7/user7-2-6-r2.dat,7,2,6,2
20190713/user7/user7-2-86-r5.dat,7,2,86,5
20190713/user7/user7-1-54-r2.dat,7,1,54,2
20190713/user7/user7-2-77-r3.dat,7,2,77,3
20190713/user7/user7-2-68-r5.dat,7,2,68,5
20190713/user7/user7-4-98-r4.dat,7,4,98,4
20190713/user7/user7-1-88-r6.dat,7,1,88,6
20190713/user7/user7-1-65-r4.dat,7,1,65,4
20190713/user7/user7-2-18-r5.dat,7,2,18,5
20190713/user7/user7-2-97-r2.dat,7,2,97,2
20190713/user7/user7-3-12-r6.dat,7,3,12,6
20190713/user7/user7-4-27-r4.dat,7,4,27,4
20190713/user7/user7-4-51-r2.dat,7,4,51,2
20190713/user7/user7-3-65-r4.dat,7,3,65,4
20190713/user7/user7-3-25-r1.dat,7,3,25,1
20190713/user7/user7-1-88-r3.dat,7,1,88,3
20190713/user7/user7-2-32-r6.dat,7,2,32,6
20190713/user7/user7-4-27-r5.dat,7,4,27,5
20190713/user7/user7-1-55-r6.dat,7,1,55,6
20190713/user7/user7-1-98-r1.dat,7,1,98,1
20190713/user7/user7-4-46-r3.dat,7,4,46,3
20190713/user7/user7-1-33-r4.dat,7,1,33,4
20190713/user7/user7-1-74-r2.dat,7,1,74,2
20190713/user7/user7-1-20-r3.dat,7,1,20,3
20190713/user7/user7-1-48-r4.dat,7,1,48,4
20190713/user7/user7-1-7-r2.dat,7,1,7,2
20190713/user7/user7-4-61-r5.dat,7,4,61,5
20190713/user7/user7-4-77-r3.dat,7,4,77,3
20190713/user7/user7-4-14-r3.dat,7,4,14,3
20190713/user7/user7-1-29-r4.dat,7,1,29,4
20190713/user7/user7-2-82-r1.dat,7,2,82,1
20190713/user7/user7-4-38-r2.dat,7,4,38,2
20190713/user7/user7-3-87-r3.dat,7,3,87,3
20190713/user7/user7-4-53-r1.dat,7,4,53,1
20190713/user7/user7-1-34-r3.dat,7,1,34,3
20190713/user7/user7-1-32-r1.dat,7,1,32,1
20190713/user7/user7-4-19-r6.dat,7,4,19,6
20190713/user7/user7-3-72-r2.dat,7,3,72,2
20190713/user7/user7-1-80-r6.dat,7,1,80,6
20190713/user7/user7-3-40-r5.dat,7,3,40,5
20190713/user7/user7-4-97-r4.dat,7,4,97,4
20190713/user7/user7-3-69-r6.dat,7,3,69,6
20190713/user7/user7-3-47-r2.dat,7,3,47,2
20190713/user7/user7-1-4-r2.dat,7,1,4,2
20190713/user7/user7-3-37-r3.dat,7,3,37,3
20190713/user7/user7-4-69-r1.dat,7,4,69,1
20190713/user7/user7-3-82-r3.dat,7,3,82,3
20190713/user7/user7-3-70-r3.dat,7,3,70,3
20190713/user7/user7-2-5-r5.dat,7,2,5,5
20190713/user7/user7-3-77-r4.dat,7,3,77,4
20190713/user7/user7-3-54-r6.dat,7,3,54,6
20190713/user7/user7-3-76-r2.dat,7,3,76,2
20190713/user7/user7-1-52-r2.dat,7,1,52,2
20190713/user7/user7-1-18-r3.dat,7,1,18,3
20190713/user7/user7-3-89-r6.dat,7,3,89,6
20190713/user7/user7-2-59-r4.dat,7,2,59,4
20190713/user7/user7-1-95-r2.dat,7,1,95,2
20190713/user7/user7-4-33-r6.dat,7,4,33,6
20190713/user7/user7-2-83-r2.dat,7,2,83,2
20190713/user7/user7-3-76-r1.dat,7,3,76,1
20190713/user7/user7-4-21-r2.dat,7,4,21,2
20190713/user7/user7-1-16-r2.dat,7,1,16,2
20190713/user7/user7-2-15-r5.dat,7,2,15,5
20190713/user7/user7-3-17-r6.dat,7,3,17,6
20190713/user7/user7-1-61-r4.dat,7,1,61,4
20190713/user7/user7-4-84-r1.dat,7,4,84,1
20190713/user7/user7-1-36-r1.dat,7,1,36,1
20190713/user7/user7-3-19-r4.dat,7,3,19,4
20190713/user7/user7-1-88-r2.dat,7,1,88,2
20190713/user7/user7-2-89-r1.dat,7,2,89,1
20190713/user7/user7-2-87-r6.dat,7,2,87,6
20190713/user7/user7-1-18-r5.dat,7,1,18,5
20190713/user7/user7-1-59-r3.dat,7,1,59,3
20190713/user7/user7-4-45-r4.dat,7,4,45,4
20190713/user7/user7-4-46-r2.dat,7,4,46,2
20190713/user7/user7-3-76-r6.dat,7,3,76,6
20190713/user7/user7-2-64-r4.dat,7,2,64,4
20190713/user7/user7-4-60-r5.dat,7,4,60,5
20190713/user7/user7-1-30-r5.dat,7,1,30,5
20190713/user7/user7-2-81-r6.dat,7,2,81,6
20190713/user7/user7-1-80-r1.dat,7,1,80,1
20190713/user7/user7-1-70-r6.dat,7,1,70,6
20190713/user7/user7-4-83-r2.dat,7,4,83,2
20190713/user7/user7-3-97-r1.dat,7,3,97,1
20190713/user7/user7-3-90-r4.dat,7,3,90,4
20190713/user7/user7-3-81-r4.dat,7,3,81,4
20190713/user7/user7-3-21-r4.dat,7,3,21,4
20190713/user7/user7-2-52-r5.dat,7,2,52,5
20190713/user7/user7-1-80-r5.dat,7,1,80,5
20190713/user7/user7-2-55-r5.dat,7,2,55,5
20190713/user7/user7-2-92-r4.dat,7,2,92,4
20190713/user7/user7-1-97-r5.dat,7,1,97,5
20190713/user7/user7-3-2-r2.dat,7,3,2,2
20190713/user7/user7-3-13-r5.dat,7,3,13,5
20190713/user7/user7-4-96-r3.dat,7,4,96,3
20190713/user7/user7-1-35-r5.dat,7,1,35,5
20190713/user7/user7-3-64-r3.dat,7,3,64,3
20190713/user7/user7-3-85-r4.dat,7,3,85,4
20190713/user7/user7-3-53-r5.dat,7,3,53,5
20190713/user7/user7-2-92-r6.dat,7,2,92,6
20190713/user7/user7-2-58-r1.dat,7,2,58,1
20190713/user7/user7-2-6-r1.dat,7,2,6,1
20190713/user7/user7-1-99-r2.dat,7,1,99,2
20190713/user7/user7-1-64-r4.dat,7,1,64,4
20190713/user7/user7-1-58-r1.dat,7,1,58,1
20190713/user7/user7-1-62-r4.dat,7,1,62,4
20190713/user7/user7-1-22-r5.dat,7,1,22,5
20190713/user7/user7-1-55-r2.dat,7,1,55,2
20190713/user7/user7-4-95-r3.dat,7,4,95,3
20190713/user7/user7-4-59-r2.dat,7,4,59,2
20190713/user7/user7-4-13-r2.dat,7,4,13,2
20190713/user7/user7-3-28-r5.dat,7,3,28,5
20190713/user7/user7-3-53-r1.dat,7,3,53,1
20190713/user7/user7-4-31-r5.dat,7,4,31,5
20190713/user7/user7-4-64-r5.dat,7,4,64,5
20190713/user7/user7-2-6-r5.dat,7,2,6,5
20190713/user7/user7-4-4-r6.dat,7,4,4,6
20190713/user7/user7-4-55-r3.dat,7,4,55,3
20190713/user7/user7-2-97-r5.dat,7,2,97,5
20190713/user7/user7-4-80-r1.dat,7,4,80,1
20190713/user7/user7-2-91-r4.dat,7,2,91,4
20190713/user7/user7-3-11-r3.dat,7,3,11,3
20190713/user7/user7-2-60-r5.dat,7,2,60,5
20190713/user7/user7-3-14-r2.dat,7,3,14,2
20190713/user7/user7-4-27-r3.dat,7,4,27,3
20190713/user7/user7-2-36-r5.dat,7,2,36,5
20190713/user7/user7-4-4-r1.dat,7,4,4,1
20190713/user7/user7-2-23-r4.dat,7,2,23,4
20190713/user7/user7-1-65-r5.dat,7,1,65,5
20190713/user7/user7-2-75-r4.dat,7,2,75,4
20190713/user7/user7-2-86-r1.dat,7,2,86,1
20190713/user7/user7-1-21-r6.dat,7,1,21,6
20190713/user7/user7-4-9-r1.dat,7,4,9,1
20190713/user7/user7-1-46-r3.dat,7,1,46,3
20190713/user7/user7-2-72-r6.dat,7,2,72,6
20190713/user7/user7-4-84-r2.dat,7,4,84,2
20190713/user7/user7-1-47-r2.dat,7,1,47,2
20190713/user7/user7-3-24-r4.dat,7,3,24,4
20190713/user7/user7-1-33-r5.dat,7,1,33,5
20190713/user7/user7-2-97-r1.dat,7,2,97,1
20190713/user7/user7-4-94-r6.dat,7,4,94,6
20190713/user7/user7-1-23-r4.dat,7,1,23,4
20190713/user7/user7-1-10-r3.dat,7,1,10,3
20190713/user7/user7-1-53-r3.dat,7,1,53,3
20190713/user7/user7-2-10-r6.dat,7,2,10,6
20190713/user7/user7-4-20-r3.dat,7,4,20,3
20190713/user7/user7-2-66-r3.dat,7,2,66,3
20190713/user7/user7-2-34-r2.dat,7,2,34,2
20190713/user7/user7-2-42-r6.dat,7,2,42,6
20190713/user7/user7-1-19-r1.dat,7,1,19,1
20190713/user7/user7-2-88-r4.dat,7,2,88,4
20190713/user7/user7-1-6-r6.dat,7,1,6,6
20190713/user7/user7-2-99-r4.dat,7,2,99,4
20190713/user7/user7-1-56-r4.dat,7,1,56,4
20190713/user7/user7-3-64-r1.dat,7,3,64,1
20190713/user7/user7-3-86-r1.dat,7,3,86,1
20190713/user7/user7-2-3-r6.dat,7,2,3,6
20190713/user7/user7-1-10-r2.dat,7,1,10,2
20190713/user7/user7-3-6-r4.dat,7,3,6,4
20190713/user7/user7-3-4-r6.dat,7,3,4,6
20190713/user7/user7-4-40-r3.dat,7,4,40,3
20190713/user7/user7-1-21-r2.dat,7,1,21,2
20190713/user7/user7-4-85-r3.dat,7,4,85,3
20190713/user7/user7-3-21-r3.dat,7,3,21,3
20190713/user7/user7-3-85-r2.dat,7,3,85,2
20190713/user7/user7-2-17-r1.dat,7,2,17,1
20190713/user7/user7-3-90-r6.dat,7,3,90,6
20190713/user7/user7-1-11-r5.dat,7,1,11,5
20190713/user7/user7-2-4-r1.dat,7,2,4,1
20190713/user7/user7-4-45-r5.dat,7,4,45,5
20190713/user7/user7-2-29-r6.dat,7,2,29,6
20190713/user7/user7-3-52-r5.dat,7,3,52,5
20190713/user7/user7-2-80-r5.dat,7,2,80,5
20190713/user7/user7-4-11-r2.dat,7,4,11,2
20190713/user7/user7-1-49-r2.dat,7,1,49,2
20190713/user7/user7-4-89-r3.dat,7,4,89,3
20190713/user7/user7-2-96-r2.dat,7,2,96,2
20190713/user7/user7-3-99-r2.dat,7,3,99,2
20190713/user7/user7-1-96-r5.dat,7,1,96,5
20190713/user7/user7-4-56-r5.dat,7,4,56,5
20190713/user7/user7-1-90-r1.dat,7,1,90,1
20190713/user7/user7-1-77-r2.dat,7,1,77,2
20190713/user7/user7-4-74-r5.dat,7,4,74,5
20190713/user7/user7-1-59-r1.dat,7,1,59,1
20190713/user7/user7-3-12-r3.dat,7,3,12,3
20190713/user7/user7-1-43-r4.dat,7,1,43,4
20190713/user7/user7-1-35-r2.dat,7,1,35,2
20190713/user7/user7-4-7-r3.dat,7,4,7,3
20190713/user7/user7-1-24-r1.dat,7,1,24,1
20190713/user7/user7-4-34-r4.dat,7,4,34,4
20190713/user7/user7-2-80-r2.dat,7,2,80,2
20190713/user7/user7-3-73-r4.dat,7,3,73,4
20190713/user7/user7-3-43-r3.dat,7,3,43,3
20190713/user7/user7-2-17-r2.dat,7,2,17,2
20190713/user7/user7-1-19-r5.dat,7,1,19,5
20190713/user7/user7-1-34-r2.dat,7,1,34,2
20190713/user7/user7-1-83-r2.dat,7,1,83,2
20190713/user7/user7-3-50-r4.dat,7,3,50,4
20190713/user7/user7-3-12-r1.dat,7,3,12,1
20190713/user7/user7-2-27-r3.dat,7,2,27,3
20190713/user7/user7-1-96-r2.dat,7,1,96,2
20190713/user7/user7-1-48-r1.dat,7,1,48,1
20190713/user7/user7-4-70-r3.dat,7,4,70,3
20190713/user7/user7-1-97-r6.dat,7,1,97,6
20190713/user7/user7-2-69-r6.dat,7,2,69,6
20190713/user7/user7-4-69-r4.dat,7,4,69,4
20190713/user7/user7-1-74-r6.dat,7,1,74,6
20190713/user7/user7-3-60-r4.dat,7,3,60,4
20190713/user7/user7-3-7-r3.dat,7,3,7,3
20190713/user7/user7-4-49-r4.dat,7,4,49,4
20190713/user7/user7-1-7-r4.dat,7,1,7,4
20190713/user7/user7-1-12-r2.dat,7,1,12,2
20190713/user7/user7-1-74-r4.dat,7,1,74,4
20190713/user7/user7-1-80-r2.dat,7,1,80,2
20190713/user7/user7-4-9-r4.dat,7,4,9,4
20190713/user7/user7-3-51-r5.dat,7,3,51,5
20190713/user7/user7-1-17-r1.dat,7,1,17,1
20190713/user7/user7-4-77-r2.dat,7,4,77,2
20190713/user7/user7-4-90-r5.dat,7,4,90,5
20190713/user7/user7-2-85-r1.dat,7,2,85,1
20190713/user7/user7-2-65-r2.dat,7,2,65,2
20190713/user7/user7-2-79-r2.dat,7,2,79,2
20190713/user7/user7-1-45-r2.dat,7,1,45,2
20190713/user7/user7-4-13-r1.dat,7,4,13,1
20190713/user7/user7-4-58-r2.dat,7,4,58,2
20190713/user7/user7-3-9-r6.dat,7,3,9,6
20190713/user7/user7-1-79-r4.dat,7,1,79,4
20190713/user7/user7-3-45-r4.dat,7,3,45,4
20190713/user7/user7-3-14-r3.dat,7,3,14,3
20190713/user7/user7-4-10-r5.dat,7,4,10,5
20190713/user7/user7-4-81-r3.dat,7,4,81,3
20190713/user7/user7-1-63-r5.dat,7,1,63,5
20190713/user7/user7-3-34-r3.dat,7,3,34,3
20190713/user7/user7-2-46-r6.dat,7,2,46,6
20190713/user7/user7-4-30-r6.dat,7,4,30,6
20190713/user7/user7-3-26-r3.dat,7,3,26,3
20190713/user7/user7-3-80-r3.dat,7,3,80,3
20190713/user7/user7-2-28-r6.dat,7,2,28,6
20190713/user7/user7-2-7-r5.dat,7,2,7,5
20190713/user7/user7-4-77-r6.dat,7,4,77,6
20190713/user7/user7-2-55-r1.dat,7,2,55,1
20190713/user7/user7-4-17-r6.dat,7,4,17,6
20190713/user7/user7-3-32-r1.dat,7,3,32,1
20190713/user7/user7-4-64-r1.dat,7,4,64,1
20190713/user7/user7-3-30-r1.dat,7,3,30,1
20190713/user7/user7-4-99-r2.dat,7,4,99,2
20190713/user7/user7-4-66-r4.dat,7,4,66,4
20190713/user7/user7-4-1-r3.dat,7,4,1,3
20190713/user7/user7-1-67-r4.dat,7,1,67,4
20190713/user7/user7-2-81-r2.dat,7,2,81,2
20190713/user7/user7-3-42-r4.dat,7,3,42,4
20190713/user7/user7-2-25-r6.dat,7,2,25,6
20190713/user7/user7-2-93-r6.dat,7,2,93,6
20190713/user7/user7-4-83-r1.dat,7,4,83,1
20190713/user7/user7-2-48-r6.dat,7,2,48,6
20190713/user7/user7-2-98-r6.dat,7,2,98,6
20190713/user7/user7-3-51-r4.dat,7,3,51,4
20190713/user7/user7-4-23-r1.dat,7,4,23,1
20190713/user7/user7-4-60-r6.dat,7,4,60,6
20190713/user7/user7-3-92-r4.dat,7,3,92,4
20190713/user7/user7-2-61-r1.dat,7,2,61,1
20190713/user7/user7-2-100-r3.dat,7,2,100,3
20190713/user7/user7-3-89-r5.dat,7,3,89,5
20190713/user7/user7-1-93-r2.dat,7,1,93,2
20190713/user7/user7-4-65-r3.dat,7,4,65,3
20190713/user7/user7-1-97-r4.dat,7,1,97,4
20190713/user7/user7-2-37-r2.dat,7,2,37,2
20190713/user7/user7-2-18-r2.dat,7,2,18,2
20190713/user7/user7-1-21-r3.dat,7,1,21,3
20190713/user7/user7-4-23-r5.dat,7,4,23,5
20190713/user7/user7-2-39-r4.dat,7,2,39,4
20190713/user7/user7-4-26-r3.dat,7,4,26,3
20190713/user7/user7-4-94-r5.dat,7,4,94,5
20190713/user7/user7-1-20-r4.dat,7,1,20,4
20190713/user7/user7-3-48-r6.dat,7,3,48,6
20190713/user7/user7-2-5-r3.dat,7,2,5,3
20190713/user7/user7-2-67-r4.dat,7,2,67,4
20190713/user7/user7-2-67-r5.dat,7,2,67,5
20190713/user7/user7-2-47-r4.dat,7,2,47,4
20190713/user7/user7-3-11-r2.dat,7,3,11,2
20190713/user7/user7-2-37-r1.dat,7,2,37,1
20190713/user7/user7-4-63-r5.dat,7,4,63,5
20190713/user7/user7-2-98-r3.dat,7,2,98,3
20190713/user7/user7-1-77-r5.dat,7,1,77,5
20190713/user7/user7-2-17-r5.dat,7,2,17,5
20190713/user7/user7-2-3-r3.dat,7,2,3,3
20190713/user7/user7-1-35-r4.dat,7,1,35,4
20190713/user7/user7-4-66-r5.dat,7,4,66,5
20190713/user7/user7-4-40-r4.dat,7,4,40,4
20190713/user7/user7-4-54-r3.dat,7,4,54,3
20190713/user7/user7-3-54-r2.dat,7,3,54,2
20190713/user7/user7-1-31-r3.dat,7,1,31,3
20190713/user7/user7-3-27-r5.dat,7,3,27,5
20190713/user7/user7-4-8-r4.dat,7,4,8,4
20190713/user7/user7-1-58-r2.dat,7,1,58,2
20190713/user7/user7-1-76-r4.dat,7,1,76,4
20190713/user7/user7-1-39-r3.dat,7,1,39,3
20190713/user7/user7-2-62-r6.dat,7,2,62,6
20190713/user7/user7-2-54-r6.dat,7,2,54,6
20190713/user7/user7-4-20-r1.dat,7,4,20,1
20190713/user7/user7-4-66-r3.dat,7,4,66,3
20190713/user7/user7-3-84-r5.dat,7,3,84,5
20190713/user7/user7-3-48-r3.dat,7,3,48,3
20190713/user7/user7-2-61-r6.dat,7,2,61,6
20190713/user7/user7-4-9-r3.dat,7,4,9,3
20190713/user7/user7-2-52-r1.dat,7,2,52,1
20190713/user7/user7-1-77-r4.dat,7,1,77,4
20190713/user7/user7-1-97-r2.dat,7,1,97,2
20190713/user7/user7-1-71-r5.dat,7,1,71,5
20190713/user7/user7-4-19-r3.dat,7,4,19,3
20190713/user7/user7-2-93-r3.dat,7,2,93,3
20190713/user7/user7-1-38-r6.dat,7,1,38,6
20190713/user7/user7-4-59-r4.dat,7,4,59,4
20190713/user7/user7-2-17-r6.dat,7,2,17,6
20190713/user7/user7-3-31-r5.dat,7,3,31,5
20190713/user7/user7-4-36-r4.dat,7,4,36,4
20190713/user7/user7-3-86-r6.dat,7,3,86,6
20190713/user7/user7-2-69-r3.dat,7,2,69,3
20190713/user7/user7-1-17-r2.dat,7,1,17,2
20190713/user7/user7-1-76-r6.dat,7,1,76,6
20190713/user7/user7-2-48-r1.dat,7,2,48,1
20190713/user7/user7-3-47-r3.dat,7,3,47,3
20190713/user7/user7-2-92-r3.dat,7,2,92,3
20190713/user7/user7-3-17-r2.dat,7,3,17,2
20190713/user7/user7-4-43-r5.dat,7,4,43,5
20190713/user7/user7-2-23-r1.dat,7,2,23,1
20190713/user7/user7-3-7-r6.dat,7,3,7,6
20190713/user7/user7-1-8-r3.dat,7,1,8,3
20190713/user7/user7-4-73-r4.dat,7,4,73,4
20190713/user7/user7-4-66-r6.dat,7,4,66,6
20190713/user7/user7-3-10-r1.dat,7,3,10,1
20190713/user7/user7-2-71-r6.dat,7,2,71,6
20190713/user7/user7-3-65-r1.dat,7,3,65,1
20190713/user7/user7-4-67-r1.dat,7,4,67,1
20190713/user7/user7-1-13-r4.dat,7,1,13,4
20190713/user7/user7-2-21-r2.dat,7,2,21,2
20190713/user7/user7-4-30-r2.dat,7,4,30,2
20190713/user7/user7-3-31-r6.dat,7,3,31,6
20190713/user7/user7-3-85-r5.dat,7,3,85,5
20190713/user7/user7-1-63-r2.dat,7,1,63,2
20190713/user7/user7-4-37-r1.dat,7,4,37,1
20190713/user7/user7-2-76-r3.dat,7,2,76,3
20190713/user7/user7-1-51-r3.dat,7,1,51,3
20190713/user7/user7-4-15-r5.dat,7,4,15,5
20190713/user7/user7-3-35-r5.dat,7,3,35,5
20190713/user7/user7-1-2-r3.dat,7,1,2,3
20190713/user7/user7-3-96-r5.dat,7,3,96,5
20190713/user7/user7-2-9-r2.dat,7,2,9,2
20190713/user7/user7-4-81-r2.dat,7,4,81,2
20190713/user7/user7-4-5-r2.dat,7,4,5,2
20190713/user7/user7-4-68-r6.dat,7,4,68,6
20190713/user7/user7-2-38-r2.dat,7,2,38,2
20190713/user7/user7-3-5-r5.dat,7,3,5,5
20190713/user7/user7-2-8-r3.dat,7,2,8,3
20190713/user7/user7-4-31-r4.dat,7,4,31,4
20190713/user7/user7-2-30-r5.dat,7,2,30,5
20190713/user7/user7-3-59-r4.dat,7,3,59,4
20190713/user7/user7-4-27-r1.dat,7,4,27,1
20190713/user7/user7-1-33-r6.dat,7,1,33,6
20190713/user7/user7-4-59-r1.dat,7,4,59,1
20190713/user7/user7-1-82-r6.dat,7,1,82,6
20190713/user7/user7-4-69-r5.dat,7,4,69,5
20190713/user7/user7-4-61-r3.dat,7,4,61,3
20190713/user7/user7-4-75-r2.dat,7,4,75,2
20190713/user7/user7-4-100-r5.dat,7,4,100,5
20190713/user7/user7-2-18-r6.dat,7,2,18,6
20190713/user7/user7-1-27-r2.dat,7,1,27,2
20190713/user7/user7-3-28-r2.dat,7,3,28,2
20190713/user7/user7-4-29-r1.dat,7,4,29,1
20190713/user7/user7-1-42-r5.dat,7,1,42,5
20190713/user7/user7-1-93-r6.dat,7,1,93,6
20190713/user7/user7-2-30-r6.dat,7,2,30,6
20190713/user7/user7-1-84-r6.dat,7,1,84,6
20190713/user7/user7-2-16-r5.dat,7,2,16,5
20190713/user7/user7-1-85-r6.dat,7,1,85,6
20190713/user7/user7-3-53-r2.dat,7,3,53,2
20190713/user7/user7-1-29-r3.dat,7,1,29,3
20190713/user7/user7-3-90-r3.dat,7,3,90,3
20190713/user7/user7-2-34-r6.dat,7,2,34,6
20190713/user7/user7-2-3-r2.dat,7,2,3,2
20190713/user7/user7-3-83-r1.dat,7,3,83,1
20190713/user7/user7-2-41-r3.dat,7,2,41,3
20190713/user7/user7-2-93-r5.dat,7,2,93,5
20190713/user7/user7-3-98-r2.dat,7,3,98,2
20190713/user7/user7-3-5-r3.dat,7,3,5,3
20190713/user7/user7-1-22-r3.dat,7,1,22,3
20190713/user7/user7-1-44-r3.dat,7,1,44,3
20190713/user7/user7-4-73-r3.dat,7,4,73,3
20190713/user7/user7-1-1-r6.dat,7,1,1,6
20190713/user7/user7-2-26-r5.dat,7,2,26,5
20190713/user7/user7-4-36-r3.dat,7,4,36,3
20190713/user7/user7-3-88-r3.dat,7,3,88,3
20190713/user7/user7-1-71-r3.dat,7,1,71,3
20190713/user7/user7-4-88-r1.dat,7,4,88,1
20190713/user7/user7-3-3-r6.dat,7,3,3,6
20190713/user7/user7-3-13-r4.dat,7,3,13,4
20190713/user7/user7-1-76-r3.dat,7,1,76,3
20190713/user7/user7-4-7-r6.dat,7,4,7,6
20190713/user7/user7-1-50-r1.dat,7,1,50,1
20190713/user7/user7-3-71-r6.dat,7,3,71,6
20190713/user7/user7-1-21-r1.dat,7,1,21,1
20190713/user7/user7-4-18-r3.dat,7,4,18,3
20190713/user7/user7-4-89-r5.dat,7,4,89,5
20190713/user7/user7-3-49-r5.dat,7,3,49,5
20190713/user7/user7-3-57-r4.dat,7,3,57,4
20190713/user7/user7-4-12-r6.dat,7,4,12,6
20190713/user7/user7-4-93-r6.dat,7,4,93,6
20190713/user7/user7-4-44-r5.dat,7,4,44,5
20190713/user7/user7-4-13-r3.dat,7,4,13,3
20190713/user7/user7-1-15-r2.dat,7,1,15,2
20190713/user7/user7-4-41-r6.dat,7,4,41,6
20190713/user7/user7-2-77-r4.dat,7,2,77,4
20190713/user7/user7-2-40-r5.dat,7,2,40,5
20190713/user7/user7-3-63-r4.dat,7,3,63,4
20190713/user7/user7-4-78-r1.dat,7,4,78,1
20190713/user7/user7-4-71-r1.dat,7,4,71,1
20190713/user7/user7-3-44-r1.dat,7,3,44,1
20190713/user7/user7-2-51-r4.dat,7,2,51,4
20190713/user7/user7-4-62-r4.dat,7,4,62,4
20190713/user7/user7-3-95-r3.dat,7,3,95,3
20190713/user7/user7-2-52-r2.dat,7,2,52,2
20190713/user7/user7-4-4-r4.dat,7,4,4,4
20190713/user7/user7-4-86-r6.dat,7,4,86,6
20190713/user7/user7-1-39-r4.dat,7,1,39,4
20190713/user7/user7-2-70-r3.dat,7,2,70,3
20190713/user7/user7-1-82-r4.dat,7,1,82,4
20190713/user7/user7-3-29-r3.dat,7,3,29,3
20190713/user7/user7-3-100-r3.dat,7,3,100,3
20190713/user7/user7-2-35-r6.dat,7,2,35,6
20190713/user7/user7-3-89-r2.dat,7,3,89,2
20190713/user7/user7-2-40-r4.dat,7,2,40,4
20190713/user7/user7-2-24-r1.dat,7,2,24,1
20190713/user7/user7-4-72-r2.dat,7,4,72,2
20190713/user7/user7-2-44-r6.dat,7,2,44,6
20190713/user7/user7-4-86-r2.dat,7,4,86,2
20190713/user7/user7-1-81-r1.dat,7,1,81,1
20190713/user7/user7-1-28-r6.dat,7,1,28,6
20190713/user7/user7-3-8-r4.dat,7,3,8,4
20190713/user7/user7-2-64-r6.dat,7,2,64,6
20190713/user7/user7-1-49-r3.dat,7,1,49,3
20190713/user7/user7-1-57-r4.dat,7,1,57,4
20190713/user7/user7-1-85-r3.dat,7,1,85,3
20190713/user7/user7-1-25-r6.dat,7,1,25,6
20190713/user7/user7-3-64-r6.dat,7,3,64,6
20190713/user7/user7-3-61-r5.dat,7,3,61,5
20190713/user7/user7-2-80-r6.dat,7,2,80,6
20190713/user7/user7-2-24-r4.dat,7,2,24,4
20190713/user7/user7-3-4-r2.dat,7,3,4,2
20190713/user7/user7-2-2-r5.dat,7,2,2,5
20190713/user7/user7-3-39-r1.dat,7,3,39,1
20190713/user7/user7-3-61-r6.dat,7,3,61,6
20190713/user7/user7-4-89-r6.dat,7,4,89,6
20190713/user7/user7-1-89-r1.dat,7,1,89,1
20190713/user7/user7-3-4-r1.dat,7,3,4,1
20190713/user7/user7-3-20-r4.dat,7,3,20,4
20190713/user7/user7-4-50-r2.dat,7,4,50,2
20190713/user7/user7-3-11-r4.dat,7,3,11,4
20190713/user7/user7-1-40-r2.dat,7,1,40,2
20190713/user7/user7-3-81-r1.dat,7,3,81,1
20190713/user7/user7-1-62-r3.dat,7,1,62,3
20190713/user7/user7-4-84-r3.dat,7,4,84,3
20190713/user7/user7-1-3-r2.dat,7,1,3,2
20190713/user7/user7-4-55-r5.dat,7,4,55,5
20190713/user7/user7-3-90-r5.dat,7,3,90,5
20190713/user7/user7-3-27-r4.dat,7,3,27,4
20190713/user7/user7-4-98-r3.dat,7,4,98,3
20190713/user7/user7-4-29-r5.dat,7,4,29,5
20190713/user7/user7-4-76-r2.dat,7,4,76,2
20190713/user7/user7-4-14-r1.dat,7,4,14,1
20190713/user7/user7-1-17-r5.dat,7,1,17,5
20190713/user7/user7-4-31-r2.dat,7,4,31,2
20190713/user7/user7-2-65-r1.dat,7,2,65,1
20190713/user7/user7-2-10-r3.dat,7,2,10,3
20190713/user7/user7-1-67-r3.dat,7,1,67,3
20190713/user7/user7-4-64-r4.dat,7,4,64,4
20190713/user7/user7-1-92-r2.dat,7,1,92,2
20190713/user7/user7-1-61-r2.dat,7,1,61,2
20190713/user7/user7-4-20-r6.dat,7,4,20,6
20190713/user7/user7-4-94-r4.dat,7,4,94,4
20190713/user7/user7-2-79-r1.dat,7,2,79,1
20190713/user7/user7-3-38-r6.dat,7,3,38,6
20190713/user7/user7-3-21-r2.dat,7,3,21,2
20190713/user7/user7-4-17-r2.dat,7,4,17,2
20190713/user7/user7-4-68-r3.dat,7,4,68,3
20190713/user7/user7-2-94-r1.dat,7,2,94,1
20190713/user7/user7-2-40-r6.dat,7,2,40,6
20190713/user7/user7-4-24-r1.dat,7,4,24,1
20190713/user7/user7-2-64-r1.dat,7,2,64,1
20190713/user7/user7-2-57-r1.dat,7,2,57,1
20190713/user7/user7-2-32-r1.dat,7,2,32,1
20190713/user7/user7-4-82-r5.dat,7,4,82,5
20190713/user7/user7-1-90-r4.dat,7,1,90,4
20190713/user7/user7-2-38-r5.dat,7,2,38,5
20190713/user7/user7-2-25-r3.dat,7,2,25,3
20190713/user7/user7-1-79-r6.dat,7,1,79,6
20190713/user7/user7-1-51-r1.dat,7,1,51,1
20190713/user7/user7-2-13-r3.dat,7,2,13,3
20190713/user7/user7-2-90-r2.dat,7,2,90,2
20190713/user7/user7-1-58-r6.dat,7,1,58,6
20190713/user7/user7-4-53-r6.dat,7,4,53,6
20190713/user7/user7-2-79-r4.dat,7,2,79,4
20190713/user7/user7-3-36-r3.dat,7,3,36,3
20190713/user7/user7-3-49-r2.dat,7,3,49,2
20190713/user7/user7-1-39-r6.dat,7,1,39,6
20190713/user7/user7-3-51-r6.dat,7,3,51,6
20190713/user7/user7-1-45-r6.dat,7,1,45,6
20190713/user7/user7-2-83-r4.dat,7,2,83,4
20190713/user7/user7-2-36-r6.dat,7,2,36,6
20190713/user7/user7-2-82-r4.dat,7,2,82,4
20190713/user7/user7-4-82-r4.dat,7,4,82,4
20190713/user7/user7-4-87-r4.dat,7,4,87,4
20190713/user7/user7-3-99-r5.dat,7,3,99,5
20190713/user7/user7-1-24-r3.dat,7,1,24,3
20190713/user7/user7-1-9-r3.dat,7,1,9,3
20190713/user7/user7-4-2-r3.dat,7,4,2,3
20190713/user7/user7-3-38-r3.dat,7,3,38,3
20190713/user7/user7-4-73-r6.dat,7,4,73,6
20190713/user7/user7-2-42-r4.dat,7,2,42,4
20190713/user7/user7-4-2-r4.dat,7,4,2,4
20190713/user7/user7-1-87-r1.dat,7,1,87,1
20190713/user7/user7-3-23-r4.dat,7,3,23,4
20190713/user7/user7-3-15-r6.dat,7,3,15,6
20190713/user7/user7-1-44-r4.dat,7,1,44,4
20190713/user7/user7-3-34-r6.dat,7,3,34,6
20190713/user7/user7-1-73-r3.dat,7,1,73,3
20190713/user7/user7-1-54-r3.dat,7,1,54,3
20190713/user7/user7-4-67-r5.dat,7,4,67,5
20190713/user7/user7-1-23-r6.dat,7,1,23,6
20190713/user7/user7-2-34-r5.dat,7,2,34,5
20190713/user7/user7-1-60-r5.dat,7,1,60,5
20190713/user7/user7-4-40-r1.dat,7,4,40,1
20190713/user7/user7-2-39-r6.dat,7,2,39,6
20190713/user7/user7-1-92-r5.dat,7,1,92,5
20190713/user7/user7-3-10-r4.dat,7,3,10,4
20190713/user7/user7-2-36-r3.dat,7,2,36,3
20190713/user7/user7-3-7-r5.dat,7,3,7,5
20190713/user7/user7-3-59-r3.dat,7,3,59,3
20190713/user7/user7-4-51-r1.dat,7,4,51,1
20190713/user7/user7-1-38-r4.dat,7,1,38,4
20190713/user7/user7-1-69-r1.dat,7,1,69,1
20190713/user7/user7-2-27-r5.dat,7,2,27,5
20190713/user7/user7-3-33-r2.dat,7,3,33,2
20190713/user7/user7-2-70-r5.dat,7,2,70,5
20190713/user7/user7-2-50-r2.dat,7,2,50,2
20190713/user7/user7-3-78-r5.dat,7,3,78,5
20190713/user7/user7-3-94-r4.dat,7,3,94,4
20190713/user7/user7-1-87-r6.dat,7,1,87,6
20190713/user7/user7-3-51-r1.dat,7,3,51,1
20190713/user7/user7-4-97-r1.dat,7,4,97,1
20190713/user7/user7-1-63-r4.dat,7,1,63,4
20190713/user7/user7-3-60-r3.dat,7,3,60,3
20190713/user7/user7-2-28-r5.dat,7,2,28,5
20190713/user7/user7-3-42-r6.dat,7,3,42,6
20190713/user7/user7-4-22-r2.dat,7,4,22,2
20190713/user7/user7-2-11-r2.dat,7,2,11,2
20190713/user7/user7-1-69-r5.dat,7,1,69,5
20190713/user7/user7-1-35-r6.dat,7,1,35,6
20190713/user7/user7-1-64-r2.dat,7,1,64,2
20190713/user7/user7-4-22-r3.dat,7,4,22,3
20190713/user7/user7-1-34-r5.dat,7,1,34,5
20190713/user7/user7-3-69-r5.dat,7,3,69,5
20190713/user7/user7-4-60-r2.dat,7,4,60,2
20190713/user7/user7-1-61-r5.dat,7,1,61,5
20190713/user7/user7-1-11-r3.dat,7,1,11,3
20190713/user7/user7-2-31-r3.dat,7,2,31,3
20190713/user7/user7-1-5-r4.dat,7,1,5,4
20190713/user7/user7-4-16-r4.dat,7,4,16,4
20190713/user7/user7-1-36-r3.dat,7,1,36,3
20190713/user7/user7-2-53-r4.dat,7,2,53,4
20190713/user7/user7-4-80-r5.dat,7,4,80,5
20190713/user7/user7-2-13-r5.dat,7,2,13,5
20190713/user7/user7-2-44-r4.dat,7,2,44,4
20190713/user7/user7-2-3-r1.dat,7,2,3,1
20190713/user7/user7-1-49-r1.dat,7,1,49,1
20190713/user7/user7-2-28-r1.dat,7,2,28,1
20190713/user7/user7-3-82-r2.dat,7,3,82,2
20190713/user7/user7-2-44-r5.dat,7,2,44,5
20190713/user7/user7-1-6-r1.dat,7,1,6,1
20190713/user7/user7-2-24-r2.dat,7,2,24,2
20190713/user7/user7-3-24-r1.dat,7,3,24,1
20190713/user7/user7-4-95-r1.dat,7,4,95,1
20190713/user7/user7-4-60-r4.dat,7,4,60,4
20190713/user7/user7-1-8-r4.dat,7,1,8,4
20190713/user7/user7-4-82-r3.dat,7,4,82,3
20190713/user7/user7-3-66-r6.dat,7,3,66,6
20190713/user7/user7-2-65-r3.dat,7,2,65,3
20190713/user7/user7-2-5-r6.dat,7,2,5,6
20190713/user7/user7-1-69-r6.dat,7,1,69,6
20190713/user7/user7-1-58-r3.dat,7,1,58,3
20190713/user7/user7-4-79-r2.dat,7,4,79,2
20190713/user7/user7-2-25-r2.dat,7,2,25,2
20190713/user7/user7-4-43-r2.dat,7,4,43,2
20190713/user7/user7-2-43-r6.dat,7,2,43,6
20190713/user7/user7-4-45-r1.dat,7,4,45,1
20190713/user7/user7-1-73-r5.dat,7,1,73,5
20190713/user7/user7-4-99-r1.dat,7,4,99,1
20190713/user7/user7-2-83-r5.dat,7,2,83,5
20190713/user7/user7-2-88-r6.dat,7,2,88,6
20190713/user7/user7-1-53-r2.dat,7,1,53,2
20190713/user7/user7-2-65-r4.dat,7,2,65,4
20190713/user7/user7-1-89-r3.dat,7,1,89,3
20190713/user7/user7-3-5-r1.dat,7,3,5,1
20190713/user7/user7-4-48-r1.dat,7,4,48,1
20190713/user7/user7-3-17-r3.dat,7,3,17,3
20190713/user7/user7-4-42-r2.dat,7,4,42,2
20190713/user7/user7-2-96-r1.dat,7,2,96,1
20190713/user7/user7-3-16-r3.dat,7,3,16,3
20190713/user7/user7-3-41-r2.dat,7,3,41,2
20190713/user7/user7-3-17-r4.dat,7,3,17,4
20190713/user7/user7-2-15-r4.dat,7,2,15,4
20190713/user7/user7-3-95-r1.dat,7,3,95,1
20190713/user7/user7-1-14-r1.dat,7,1,14,1
20190713/user7/user7-3-54-r5.dat,7,3,54,5
20190713/user7/user7-2-56-r5.dat,7,2,56,5
20190713/user7/user7-1-79-r5.dat,7,1,79,5
20190713/user7/user7-1-7-r1.dat,7,1,7,1
20190713/user7/user7-2-30-r3.dat,7,2,30,3
20190713/user7/user7-3-72-r5.dat,7,3,72,5
20190713/user7/user7-1-9-r6.dat,7,1,9,6
20190713/user7/user7-4-49-r5.dat,7,4,49,5
20190713/user7/user7-3-71-r1.dat,7,3,71,1
20190713/user7/user7-3-43-r2.dat,7,3,43,2
20190713/user7/user7-4-42-r1.dat,7,4,42,1
20190713/user7/user7-1-1-r2.dat,7,1,1,2
20190713/user7/user7-3-97-r4.dat,7,3,97,4
20190713/user7/user7-3-16-r6.dat,7,3,16,6
20190713/user7/user7-4-56-r6.dat,7,4,56,6
20190713/user7/user7-4-11-r1.dat,7,4,11,1
20190713/user7/user7-2-46-r4.dat,7,2,46,4
20190713/user7/user7-1-19-r2.dat,7,1,19,2
20190713/user7/user7-3-50-r3.dat,7,3,50,3
20190713/user7/user7-4-34-r3.dat,7,4,34,3
20190713/user7/user7-2-83-r1.dat,7,2,83,1
20190713/user7/user7-3-62-r1.dat,7,3,62,1
20190713/user7/user7-2-42-r1.dat,7,2,42,1
20190713/user7/user7-4-27-r6.dat,7,4,27,6
20190713/user7/user7-1-5-r5.dat,7,1,5,5
20190713/user7/user7-2-1-r1.dat,7,2,1,1
20190713/user7/user7-1-14-r3.dat,7,1,14,3
20190713/user7/user7-1-26-r3.dat,7,1,26,3
20190713/user7/user7-3-57-r3.dat,7,3,57,3
20190713/user7/user7-2-57-r2.dat,7,2,57,2
20190713/user7/user7-2-12-r3.dat,7,2,12,3
20190713/user7/user7-1-16-r6.dat,7,1,16,6
20190713/user7/user7-4-54-r2.dat,7,4,54,2
20190713/user7/user7-3-2-r5.dat,7,3,2,5
20190713/user7/user7-1-71-r4.dat,7,1,71,4
20190713/user7/user7-1-82-r2.dat,7,1,82,2
20190713/user7/user7-3-46-r1.dat,7,3,46,1
20190713/user7/user7-2-78-r6.dat,7,2,78,6
20190713/user7/user7-4-85-r6.dat,7,4,85,6
20190713/user7/user7-3-22-r2.dat,7,3,22,2
20190713/user7/user7-4-6-r4.dat,7,4,6,4
20190713/user7/user7-4-76-r5.dat,7,4,76,5
20190713/user7/user7-3-64-r5.dat,7,3,64,5
20190713/user7/user7-1-34-r1.dat,7,1,34,1
20190713/user7/user7-3-26-r2.dat,7,3,26,2
20190713/user7/user7-4-7-r1.dat,7,4,7,1
20190713/user7/user7-2-54-r5.dat,7,2,54,5
20190713/user7/user7-3-18-r5.dat,7,3,18,5
20190713/user7/user7-3-45-r6.dat,7,3,45,6
20190713/user7/user7-3-65-r5.dat,7,3,65,5
20190713/user7/user7-4-66-r1.dat,7,4,66,1
20190713/user7/user7-3-97-r5.dat,7,3,97,5
20190713/user7/user7-1-26-r5.dat,7,1,26,5
20190713/user7/user7-4-90-r3.dat,7,4,90,3
20190713/user7/user7-4-68-r5.dat,7,4,68,5
20190713/user7/user7-1-4-r1.dat,7,1,4,1
20190713/user7/user7-3-79-r4.dat,7,3,79,4
20190713/user7/user7-2-62-r5.dat,7,2,62,5
20190713/user7/user7-1-23-r5.dat,7,1,23,5
20190713/user7/user7-4-30-r4.dat,7,4,30,4
20190713/user7/user7-3-63-r3.dat,7,3,63,3
20190713/user5/user5-1-29-r6.dat,5,1,29,6
20190713/user5/user5-2-56-r5.dat,5,2,56,5
20190713/user5/user5-3-32-r6.dat,5,3,32,6
20190713/user5/user5-3-32-r3.dat,5,3,32,3
20190713/user5/user5-2-23-r2.dat,5,2,23,2
20190713/user5/user5-4-51-r3.dat,5,4,51,3
20190713/user5/user5-1-68-r6.dat,5,1,68,6
20190713/user5/user5-4-63-r1.dat,5,4,63,1
20190713/user5/user5-3-1-r4.dat,5,3,1,4
20190713/user5/user5-1-38-r5.dat,5,1,38,5
20190713/user5/user5-4-64-r6.dat,5,4,64,6
20190713/user5/user5-3-22-r6.dat,5,3,22,6
20190713/user5/user5-3-49-r4.dat,5,3,49,4
20190713/user5/user5-2-13-r3.dat,5,2,13,3
20190713/user5/user5-3-25-r5.dat,5,3,25,5
20190713/user5/user5-2-77-r1.dat,5,2,77,1
20190713/user5/user5-4-39-r3.dat,5,4,39,3
20190713/user5/user5-1-80-r2.dat,5,1,80,2
20190713/user5/user5-3-66-r2.dat,5,3,66,2
20190713/user5/user5-2-16-r5.dat,5,2,16,5
20190713/user5/user5-4-81-r1.dat,5,4,81,1
20190713/user5/user5-3-31-r2.dat,5,3,31,2
20190713/user5/user5-1-6-r4.dat,5,1,6,4
20190713/user5/user5-4-3-r4.dat,5,4,3,4
20190713/user5/user5-2-36-r4.dat,5,2,36,4
20190713/user5/user5-2-4-r2.dat,5,2,4,2
20190713/user5/user5-2-65-r6.dat,5,2,65,6
20190713/user5/user5-4-18-r1.dat,5,4,18,1
20190713/user5/user5-2-11-r2.dat,5,2,11,2
20190713/user5/user5-4-51-r2.dat,5,4,51,2
20190713/user5/user5-4-77-r2.dat,5,4,77,2
20190713/user5/user5-3-83-r2.dat,5,3,83,2
20190713/user5/user5-1-11-r4.dat,5,1,11,4
20190713/user5/user5-3-24-r5.dat,5,3,24,5
20190713/user5/user5-1-41-r1.dat,5,1,41,1
20190713/user5/user5-3-99-r6.dat,5,3,99,6
20190713/user5/user5-2-3-r3.dat,5,2,3,3
20190713/user5/user5-3-50-r6.dat,5,3,50,6
20190713/user5/user5-2-21-r6.dat,5,2,21,6
20190713/user5/user5-2-14-r2.dat,5,2,14,2
20190713/user5/user5-3-7-r2.dat,5,3,7,2
20190713/user5/user5-2-39-r4.dat,5,2,39,4
20190713/user5/user5-3-94-r1.dat,5,3,94,1
20190713/user5/user5-3-62-r2.dat,5,3,62,2
20190713/user5/user5-4-57-r3.dat,5,4,57,3
20190713/user5/user5-4-69-r3.dat,5,4,69,3
20190713/user5/user5-4-59-r1.dat,5,4,59,1
20190713/user5/user5-3-7-r1.dat,5,3,7,1
20190713/user5/user5-2-22-r4.dat,5,2,22,4
20190713/user5/user5-4-39-r4.dat,5,4,39,4
20190713/user5/user5-4-33-r6.dat,5,4,33,6
20190713/user5/user5-3-93-r1.dat,5,3,93,1
20190713/user5/user5-2-82-r2.dat,5,2,82,2
20190713/user5/user5-4-3-r5.dat,5,4,3,5
20190713/user5/user5-4-56-r3.dat,5,4,56,3
20190713/user5/user5-2-76-r5.dat,5,2,76,5
20190713/user5/user5-4-8-r2.dat,5,4,8,2
20190713/user5/user5-1-40-r2.dat,5,1,40,2
20190713/user5/user5-4-92-r4.dat,5,4,92,4
20190713/user5/user5-4-30-r5.dat,5,4,30,5
20190713/user5/user5-2-66-r1.dat,5,2,66,1
20190713/user5/user5-4-54-r5.dat,5,4,54,5
20190713/user5/user5-4-89-r4.dat,5,4,89,4
20190713/user5/user5-3-17-r3.dat,5,3,17,3
20190713/user5/user5-4-64-r5.dat,5,4,64,5
20190713/user5/user5-4-29-r5.dat,5,4,29,5
20190713/user5/user5-3-56-r3.dat,5,3,56,3
20190713/user5/user5-1-74-r1.dat,5,1,74,1
20190713/user5/user5-4-66-r1.dat,5,4,66,1
20190713/user5/user5-3-3-r3.dat,5,3,3,3
20190713/user5/user5-2-53-r4.dat,5,2,53,4
20190713/user5/user5-4-8-r3.dat,5,4,8,3
20190713/user5/user5-3-24-r1.dat,5,3,24,1
20190713/user5/user5-3-30-r6.dat,5,3,30,6
20190713/user5/user5-3-61-r2.dat,5,3,61,2
20190713/user5/user5-3-71-r5.dat,5,3,71,5
20190713/user5/user5-2-87-r3.dat,5,2,87,3
20190713/user5/user5-2-82-r4.dat,5,2,82,4
20190713/user5/user5-1-32-r3.dat,5,1,32,3
20190713/user5/user5-4-87-r6.dat,5,4,87,6
20190713/user5/user5-1-63-r5.dat,5,1,63,5
20190713/user5/user5-3-76-r5.dat,5,3,76,5
20190713/user5/user5-1-50-r4.dat,5,1,50,4
20190713/user5/user5-1-80-r4.dat,5,1,80,4
20190713/user5/user5-2-5-r6.dat,5,2,5,6
20190713/user5/user5-4-12-r6.dat,5,4,12,6
20190713/user5/user5-4-44-r5.dat,5,4,44,5
20190713/user5/user5-3-84-r2.dat,5,3,84,2
20190713/user5/user5-1-100-r3.dat,5,1,100,3
20190713/user5/user5-2-99-r2.dat,5,2,99,2
20190713/user5/user5-4-65-r3.dat,5,4,65,3
20190713/user5/user5-4-77-r4.dat,5,4,77,4
20190713/user5/user5-4-44-r2.dat,5,4,44,2
20190713/user5/user5-4-13-r3.dat,5,4,13,3
20190713/user5/user5-3-1-r2.dat,5,3,1,2
20190713/user5/user5-4-19-r3.dat,5,4,19,3
20190713/user5/user5-4-31-r6.dat,5,4,31,6
20190713/user5/user5-3-69-r4.dat,5,3,69,4
20190713/user5/user5-2-8-r6.dat,5,2,8,6
20190713/user5/user5-2-33-r1.dat,5,2,33,1
20190713/user5/user5-1-56-r5.dat,5,1,56,5
20190713/user5/user5-3-93-r6.dat,5,3,93,6
20190713/user5/user5-2-7-r4.dat,5,2,7,4
20190713/user5/user5-4-64-r4.dat,5,4,64,4
20190713/user5/user5-2-44-r1.dat,5,2,44,1
20190713/user5/user5-1-100-r5.dat,5,1,100,5
20190713/user5/user5-4-95-r2.dat,5,4,95,2
20190713/user5/user5-4-49-r5.dat,5,4,49,5
20190713/user5/user5-1-4-r6.dat,5,1,4,6
20190713/user5/user5-3-63-r5.dat,5,3,63,5
20190713/user5/user5-1-61-r2.dat,5,1,61,2
20190713/user5/user5-4-100-r6.dat,5,4,100,6
20190713/user5/user5-3-34-r5.dat,5,3,34,5
20190713/user5/user5-4-93-r1.dat,5,4,93,1
20190713/user5/user5-4-87-r4.dat,5,4,87,4
20190713/user5/user5-2-57-r3.dat,5,2,57,3
20190713/user5/user5-1-42-r1.dat,5,1,42,1
20190713/user5/user5-4-13-r4.dat,5,4,13,4
20190713/user5/user5-4-5-r2.dat,5,4,5,2
20190713/user5/user5-3-19-r5.dat,5,3,19,5
20190713/user5/user5-2-13-r5.dat,5,2,13,5
20190713/user5/user5-4-23-r2.dat,5,4,23,2
20190713/user5/user5-4-5-r5.dat,5,4,5,5
20190713/user5/user5-2-75-r4.dat,5,2,75,4
20190713/user5/user5-1-52-r4.dat,5,1,52,4
20190713/user5/user5-4-95-r1.dat,5,4,95,1
20190713/user5/user5-4-94-r4.dat,5,4,94,4
20190713/user5/user5-2-11-r6.dat,5,2,11,6
20190713/user5/user5-3-40-r6.dat,5,3,40,6
20190713/user5/user5-4-12-r3.dat,5,4,12,3
20190713/user5/user5-2-60-r2.dat,5,2,60,2
20190713/user5/user5-4-79-r3.dat,5,4,79,3
20190713/user5/user5-4-89-r3.dat,5,4,89,3
20190713/user5/user5-2-87-r6.dat,5,2,87,6
20190713/user5/user5-3-100-r6.dat,5,3,100,6
20190713/user5/user5-1-4-r2.dat,5,1,4,2
20190713/user5/user5-2-28-r3.dat,5,2,28,3
20190713/user5/user5-1-9-r5.dat,5,1,9,5
20190713/user5/user5-1-6-r6.dat,5,1,6,6
20190713/user5/user5-1-3-r5.dat,5,1,3,5
20190713/user5/user5-2-30-r6.dat,5,2,30,6
20190713/user5/user5-2-31-r2.dat,5,2,31,2
20190713/user5/user5-2-89-r4.dat,5,2,89,4
20190713/user5/user5-3-68-r1.dat,5,3,68,1
20190713/user5/user5-4-59-r2.dat,5,4,59,2
20190713/user5/user5-3-28-r6.dat,5,3,28,6
20190713/user5/user5-3-47-r3.dat,5,3,47,3
20190713/user5/user5-1-39-r5.dat,5,1,39,5
20190713/user5/user5-3-71-r1.dat,5,3,71,1
20190713/user5/user5-3-74-r6.dat,5,3,74,6
20190713/user5/user5-3-3-r6.dat,5,3,3,6
20190713/user5/user5-4-95-r4.dat,5,4,95,4
20190713/user5/user5-2-91-r2.dat,5,2,91,2
20190713/user5/user5-3-79-r2.dat,5,3,79,2
20190713/user5/user5-2-41-r3.dat,5,2,41,3
20190713/user5/user5-2-14-r6.dat,5,2,14,6
20190713/user5/user5-1-81-r5.dat,5,1,81,5
20190713/user5/user5-3-13-r5.dat,5,3,13,5
20190713/user5/user5-4-7-r1.dat,5,4,7,1
20190713/user5/user5-4-21-r6.dat,5,4,21,6
20190713/user5/user5-1-43-r3.dat,5,1,43,3
20190713/user5/user5-2-34-r5.dat,5,2,34,5
20190713/user5/user5-4-90-r3.dat,5,4,90,3
20190713/user5/user5-3-7-r4.dat,5,3,7,4
20190713/user5/user5-2-60-r5.dat,5,2,60,5
20190713/user5/user5-1-29-r5.dat,5,1,29,5
20190713/user5/user5-3-45-r6.dat,5,3,45,6
20190713/user5/user5-2-51-r2.dat,5,2,51,2
20190713/user5/user5-1-100-r4.dat,5,1,100,4
20190713/user5/user5-2-74-r3.dat,5,2,74,3
20190713/user5/user5-4-93-r4.dat,5,4,93,4
20190713/user5/user5-2-42-r1.dat,5,2,42,1
20190713/user5/user5-3-75-r5.dat,5,3,75,5
20190713/user5/user5-3-92-r4.dat,5,3,92,4
20190713/user5/user5-1-97-r4.dat,5,1,97,4
20190713/user5/user5-2-83-r1.dat,5,2,83,1
20190713/user5/user5-3-24-r6.dat,5,3,24,6
20190713/user5/user5-3-64-r3.dat,5,3,64,3
20190713/user5/user5-3-86-r2.dat,5,3,86,2
20190713/user5/user5-2-87-r2.dat,5,2,87,2
20190713/user5/user5-3-55-r3.dat,5,3,55,3
20190713/user5/user5-1-24-r3.dat,5,1,24,3
20190713/user5/user5-4-80-r2.dat,5,4,80,2
20190713/user5/user5-4-34-r6.dat,5,4,34,6
20190713/user5/user5-3-1-r5.dat,5,3,1,5
20190713/user5/user5-1-70-r1.dat,5,1,70,1
20190713/user5/user5-4-43-r6.dat,5,4,43,6
20190713/user5/user5-2-36-r1.dat,5,2,36,1
20190713/user5/user5-3-64-r1.dat,5,3,64,1
20190713/user5/user5-4-2-r1.dat,5,4,2,1
20190713/user5/user5-1-37-r6.dat,5,1,37,6
20190713/user5/user5-1-61-r1.dat,5,1,61,1
20190713/user5/user5-3-71-r3.dat,5,3,71,3
20190713/user5/user5-3-94-r3.dat,5,3,94,3
20190713/user5/user5-3-5-r5.dat,5,3,5,5
20190713/user5/user5-3-91-r1.dat,5,3,91,1
20190713/user5/user5-3-76-r4.dat,5,3,76,4
20190713/user5/user5-1-96-r1.dat,5,1,96,1
20190713/user5/user5-1-11-r1.dat,5,1,11,1
20190713/user5/user5-4-22-r5.dat,5,4,22,5
20190713/user5/user5-4-9-r3.dat,5,4,9,3
20190713/user5/user5-4-20-r3.dat,5,4,20,3
20190713/user5/user5-4-27-r4.dat,5,4,27,4
20190713/user5/user5-2-6-r3.dat,5,2,6,3
20190713/user5/user5-1-33-r1.dat,5,1,33,1
20190713/user5/user5-3-23-r1.dat,5,3,23,1
20190713/user5/user5-2-36-r5.dat,5,2,36,5
20190713/user5/user5-4-86-r2.dat,5,4,86,2
20190713/user5/user5-3-55-r1.dat,5,3,55,1
20190713/user5/user5-4-62-r5.dat,5,4,62,5
20190713/user5/user5-2-73-r4.dat,5,2,73,4
20190713/user5/user5-3-65-r4.dat,5,3,65,4
20190713/user5/user5-1-77-r4.dat,5,1,77,4
20190713/user5/user5-3-19-r6.dat,5,3,19,6
20190713/user5/user5-1-71-r2.dat,5,1,71,2
20190713/user5/user5-1-41-r6.dat,5,1,41,6
20190713/user5/user5-1-50-r1.dat,5,1,50,1
20190713/user5/user5-2-35-r2.dat,5,2,35,2
20190713/user5/user5-1-77-r5.dat,5,1,77,5
20190713/user5/user5-1-24-r5.dat,5,1,24,5
20190713/user5/user5-3-73-r5.dat,5,3,73,5
20190713/user5/user5-2-30-r5.dat,5,2,30,5
20190713/user5/user5-3-91-r3.dat,5,3,91,3
20190713/user5/user5-1-3-r4.dat,5,1,3,4
20190713/user5/user5-2-9-r6.dat,5,2,9,6
20190713/user5/user5-2-23-r6.dat,5,2,23,6
20190713/user5/user5-4-27-r3.dat,5,4,27,3
20190713/user5/user5-1-51-r2.dat,5,1,51,2
20190713/user5/user5-1-51-r1.dat,5,1,51,1
20190713/user5/user5-2-96-r2.dat,5,2,96,2
20190713/user5/user5-1-89-r4.dat,5,1,89,4
20190713/user5/user5-4-7-r4.dat,5,4,7,4
20190713/user5/user5-3-90-r6.dat,5,3,90,6
20190713/user5/user5-2-54-r4.dat,5,2,54,4
20190713/user5/user5-3-69-r3.dat,5,3,69,3
20190713/user5/user5-3-72-r4.dat,5,3,72,4
20190713/user5/user5-1-63-r6.dat,5,1,63,6
20190713/user5/user5-1-71-r5.dat,5,1,71,5
20190713/user5/user5-1-98-r6.dat,5,1,98,6
20190713/user5/user5-3-53-r6.dat,5,3,53,6
20190713/user5/user5-3-22-r5.dat,5,3,22,5
20190713/user5/user5-1-52-r1.dat,5,1,52,1
20190713/user5/user5-2-58-r4.dat,5,2,58,4
20190713/user5/user5-3-18-r6.dat,5,3,18,6
20190713/user5/user5-4-52-r3.dat,5,4,52,3
20190713/user5/user5-2-76-r2.dat,5,2,76,2
20190713/user5/user5-3-66-r5.dat,5,3,66,5
20190713/user5/user5-4-37-r2.dat,5,4,37,2
20190713/user5/user5-1-43-r5.dat,5,1,43,5
20190713/user5/user5-2-82-r5.dat,5,2,82,5
20190713/user5/user5-4-38-r6.dat,5,4,38,6
20190713/user5/user5-1-2-r3.dat,5,1,2,3
20190713/user5/user5-1-74-r3.dat,5,1,74,3
20190713/user5/user5-1-24-r2.dat,5,1,24,2
20190713/user5/user5-2-32-r6.dat,5,2,32,6
20190713/user5/user5-4-1-r3.dat,5,4,1,3
20190713/user5/user5-2-22-r1.dat,5,2,22,1
20190713/user5/user5-2-21-r5.dat,5,2,21,5
20190713/user5/user5-2-82-r1.dat,5,2,82,1
20190713/user5/user5-2-100-r3.dat,5,2,100,3
20190713/user5/user5-1-1-r2.dat,5,1,1,2
20190713/user5/user5-4-37-r1.dat,5,4,37,1
20190713/user5/user5-2-9-r4.dat,5,2,9,4
20190713/user5/user5-2-17-r3.dat,5,2,17,3
20190713/user5/user5-2-86-r2.dat,5,2,86,2
20190713/user5/user5-3-54-r5.dat,5,3,54,5
20190713/user5/user5-1-60-r1.dat,5,1,60,1
20190713/user5/user5-1-53-r1.dat,5,1,53,1
20190713/user5/user5-1-56-r1.dat,5,1,56,1
20190713/user5/user5-1-88-r3.dat,5,1,88,3
20190713/user5/user5-1-67-r4.dat,5,1,67,4
20190713/user5/user5-1-92-r5.dat,5,1,92,5
20190713/user5/user5-3-92-r3.dat,5,3,92,3
20190713/user5/user5-2-85-r1.dat,5,2,85,1
20190713/user5/user5-3-68-r2.dat,5,3,68,2
20190713/user5/user5-3-23-r2.dat,5,3,23,2
20190713/user5/user5-1-58-r6.dat,5,1,58,6
20190713/user5/user5-4-70-r3.dat,5,4,70,3
20190713/user5/user5-3-33-r5.dat,5,3,33,5
20190713/user5/user5-3-27-r1.dat,5,3,27,1
20190713/user5/user5-2-90-r3.dat,5,2,90,3
20190713/user5/user5-4-7-r5.dat,5,4,7,5
20190713/user5/user5-2-16-r4.dat,5,2,16,4
20190713/user5/user5-4-54-r4.dat,5,4,54,4
20190713/user5/user5-1-82-r1.dat,5,1,82,1
20190713/user5/user5-3-21-r5.dat,5,3,21,5
20190713/user5/user5-4-71-r3.dat,5,4,71,3
20190713/user5/user5-4-19-r2.dat,5,4,19,2
20190713/user5/user5-3-18-r3.dat,5,3,18,3
20190713/user5/user5-4-81-r2.dat,5,4,81,2
20190713/user5/user5-2-89-r6.dat,5,2,89,6
20190713/user5/user5-3-89-r2.dat,5,3,89,2
20190713/user5/user5-1-9-r3.dat,5,1,9,3
20190713/user5/user5-2-70-r1.dat,5,2,70,1
20190713/user5/user5-1-93-r6.dat,5,1,93,6
20190713/user5/user5-4-18-r4.dat,5,4,18,4
20190713/user5/user5-3-20-r5.dat,5,3,20,5
20190713/user5/user5-4-25-r3.dat,5,4,25,3
20190713/user5/user5-3-32-r2.dat,5,3,32,2
20190713/user5/user5-3-67-r6.dat,5,3,67,6
20190713/user5/user5-3-9-r5.dat,5,3,9,5
20190713/user5/user5-2-69-r5.dat,5,2,69,5
20190713/user5/user5-3-27-r3.dat,5,3,27,3
20190713/user5/user5-2-86-r4.dat,5,2,86,4
20190713/user5/user5-1-70-r2.dat,5,1,70,2
20190713/user5/user5-4-36-r1.dat,5,4,36,1
20190713/user5/user5-1-55-r3.dat,5,1,55,3
20190713/user5/user5-1-72-r6.dat,5,1,72,6
20190713/user5/user5-3-14-r5.dat,5,3,14,5
20190713/user5/user5-1-95-r1.dat,5,1,95,1
20190713/user5/user5-2-45-r4.dat,5,2,45,4
20190713/user5/user5-4-94-r5.dat,5,4,94,5
20190713/user5/user5-2-27-r6.dat,5,2,27,6
20190713/user5/user5-4-5-r4.dat,5,4,5,4
20190713/user5/user5-2-50-r2.dat,5,2,50,2
20190713/user5/user5-4-63-r4.dat,5,4,63,4
20190713/user5/user5-1-91-r2.dat,5,1,91,2
20190713/user5/user5-2-87-r5.dat,5,2,87,5
20190713/user5/user5-3-77-r4.dat,5,3,77,4
20190713/user5/user5-1-86-r6.dat,5,1,86,6
20190713/user5/user5-2-82-r3.dat,5,2,82,3
20190713/user5/user5-4-96-r5.dat,5,4,96,5
20190713/user5/user5-1-98-r2.dat,5,1,98,2
20190713/user5/user5-2-52-r6.dat,5,2,52,6
20190713/user5/user5-4-89-r6.dat,5,4,89,6
20190713/user5/user5-1-2-r1.dat,5,1,2,1
20190713/user5/user5-4-11-r6.dat,5,4,11,6
20190713/user5/user5-2-54-r1.dat,5,2,54,1
20190713/user5/user5-4-6-r2.dat,5,4,6,2
20190713/user5/user5-3-49-r1.dat,5,3,49,1
20190713/user5/user5-1-71-r6.dat,5,1,71,6
20190713/user5/user5-2-74-r4.dat,5,2,74,4
20190713/user5/user5-1-75-r4.dat,5,1,75,4
20190713/user5/user5-4-90-r5.dat,5,4,90,5
20190713/user5/user5-2-73-r6.dat,5,2,73,6
20190713/user5/user5-1-17-r5.dat,5,1,17,5
20190713/user5/user5-2-20-r6.dat,5,2,20,6
20190713/user5/user5-2-74-r2.dat,5,2,74,2
20190713/user5/user5-3-46-r4.dat,5,3,46,4
20190713/user5/user5-3-25-r3.dat,5,3,25,3
20190713/user5/user5-3-82-r1.dat,5,3,82,1
20190713/user5/user5-1-58-r2.dat,5,1,58,2
20190713/user5/user5-1-37-r3.dat,5,1,37,3
20190713/user5/user5-1-18-r1.dat,5,1,18,1
20190713/user5/user5-2-97-r2.dat,5,2,97,2
20190713/user5/user5-3-2-r1.dat,5,3,2,1
20190713/user5/user5-1-68-r3.dat,5,1,68,3
20190713/user5/user5-2-55-r1.dat,5,2,55,1
20190713/user5/user5-2-88-r6.dat,5,2,88,6
20190713/user5/user5-1-7-r2.dat,5,1,7,2
20190713/user5/user5-3-3-r4.dat,5,3,3,4
20190713/user5/user5-1-97-r2.dat,5,1,97,2
20190713/user5/user5-2-99-r5.dat,5,2,99,5
20190713/user5/user5-4-10-r3.dat,5,4,10,3
20190713/user5/user5-3-18-r1.dat,5,3,18,1
20190713/user5/user5-4-56-r1.dat,5,4,56,1
20190713/user5/user5-2-11-r1.dat,5,2,11,1
20190713/user5/user5-2-59-r3.dat,5,2,59,3
20190713/user5/user5-4-100-r2.dat,5,4,100,2
20190713/user5/user5-4-34-r5.dat,5,4,34,5
20190713/user5/user5-3-27-r4.dat,5,3,27,4
20190713/user5/user5-4-8-r5.dat,5,4,8,5
20190713/user5/user5-3-14-r1.dat,5,3,14,1
20190713/user5/user5-1-100-r6.dat,5,1,100,6
20190713/user5/user5-4-49-r6.dat,5,4,49,6
20190713/user5/user5-3-85-r2.dat,5,3,85,2
20190713/user5/user5-1-5-r6.dat,5,1,5,6
20190713/user5/user5-3-48-r5.dat,5,3,48,5
20190713/user5/user5-4-62-r6.dat,5,4,62,6
20190713/user5/user5-3-99-r3.dat,5,3,99,3
20190713/user5/user5-1-90-r1.dat,5,1,90,1
20190713/user5/user5-2-69-r2.dat,5,2,69,2
20190713/user5/user5-1-18-r5.dat,5,1,18,5
20190713/user5/user5-4-76-r4.dat,5,4,76,4
20190713/user5/user5-1-39-r4.dat,5,1,39,4
20190713/user5/user5-2-7-r5.dat,5,2,7,5
20190713/user5/user5-2-40-r5.dat,5,2,40,5
20190713/user5/user5-1-54-r4.dat,5,1,54,4
20190713/user5/user5-3-30-r4.dat,5,3,30,4
20190713/user5/user5-3-20-r2.dat,5,3,20,2
20190713/user5/user5-3-74-r2.dat,5,3,74,2
20190713/user5/user5-2-3-r6.dat,5,2,3,6
20190713/user5/user5-4-1-r4.dat,5,4,1,4
20190713/user5/user5-3-94-r5.dat,5,3,94,5
20190713/user5/user5-2-42-r6.dat,5,2,42,6
20190713/user5/user5-1-99-r4.dat,5,1,99,4
20190713/user5/user5-3-77-r1.dat,5,3,77,1
20190713/user5/user5-3-63-r1.dat,5,3,63,1
20190713/user5/user5-4-89-r1.dat,5,4,89,1
20190713/user5/user5-1-99-r3.dat,5,1,99,3
20190713/user5/user5-4-33-r4.dat,5,4,33,4
20190713/user5/user5-1-40-r3.dat,5,1,40,3
20190713/user5/user5-3-80-r2.dat,5,3,80,2
20190713/user5/user5-2-51-r5.dat,5,2,51,5
20190713/user5/user5-3-77-r5.dat,5,3,77,5
20190713/user5/user5-2-100-r5.dat,5,2,100,5
20190713/user5/user5-4-78-r1.dat,5,4,78,1
20190713/user5/user5-1-41-r2.dat,5,1,41,2
20190713/user5/user5-3-29-r1.dat,5,3,29,1
20190713/user5/user5-2-17-r2.dat,5,2,17,2
20190713/user5/user5-3-91-r2.dat,5,3,91,2
20190713/user5/user5-4-51-r4.dat,5,4,51,4
20190713/user5/user5-1-29-r3.dat,5,1,29,3
20190713/user5/user5-1-40-r1.dat,5,1,40,1
20190713/user5/user5-4-65-r2.dat,5,4,65,2
20190713/user5/user5-4-56-r4.dat,5,4,56,4
20190713/user5/user5-3-28-r2.dat,5,3,28,2
20190713/user5/user5-2-21-r1.dat,5,2,21,1
20190713/user5/user5-1-12-r5.dat,5,1,12,5
20190713/user5/user5-2-81-r1.dat,5,2,81,1
20190713/user5/user5-2-10-r1.dat,5,2,10,1
20190713/user5/user5-1-88-r5.dat,5,1,88,5
20190713/user5/user5-3-52-r4.dat,5,3,52,4
20190713/user5/user5-1-41-r3.dat,5,1,41,3
20190713/user5/user5-4-53-r6.dat,5,4,53,6
20190713/user5/user5-3-22-r1.dat,5,3,22,1
20190713/user5/user5-3-55-r2.dat,5,3,55,2
20190713/user5/user5-2-68-r5.dat,5,2,68,5
20190713/user5/user5-4-86-r1.dat,5,4,86,1
20190713/user5/user5-2-1-r4.dat,5,2,1,4
20190713/user5/user5-4-13-r1.dat,5,4,13,1
20190713/user5/user5-4-28-r2.dat,5,4,28,2
20190713/user5/user5-4-27-r2.dat,5,4,27,2
20190713/user5/user5-1-73-r3.dat,5,1,73,3
20190713/user5/user5-1-40-r6.dat,5,1,40,6
20190713/user5/user5-4-3-r2.dat,5,4,3,2
20190713/user5/user5-2-1-r5.dat,5,2,1,5
20190713/user5/user5-4-53-r3.dat,5,4,53,3
20190713/user5/user5-2-54-r6.dat,5,2,54,6
20190713/user5/user5-1-81-r6.dat,5,1,81,6
20190713/user5/user5-2-5-r4.dat,5,2,5,4
20190713/user5/user5-3-33-r1.dat,5,3,33,1
20190713/user5/user5-1-95-r4.dat,5,1,95,4
20190713/user5/user5-1-12-r3.dat,5,1,12,3
20190713/user5/user5-3-28-r1.dat,5,3,28,1
20190713/user5/user5-2-50-r6.dat,5,2,50,6
20190713/user5/user5-4-53-r4.dat,5,4,53,4
20190713/user5/user5-2-83-r3.dat,5,2,83,3
20190713/user5/user5-2-65-r5.dat,5,2,65,5
20190713/user5/user5-3-74-r4.dat,5,3,74,4
20190713/user5/user5-3-86-r1.dat,5,3,86,1
20190713/user5/user5-1-54-r2.dat,5,1,54,2
20190713/user5/user5-4-75-r5.dat,5,4,75,5
20190713/user5/user5-2-80-r4.dat,5,2,80,4
20190713/user5/user5-4-27-r5.dat,5,4,27,5
20190713/user5/user5-4-81-r4.dat,5,4,81,4
20190713/user5/user5-2-33-r6.dat,5,2,33,6
20190713/user5/user5-1-1-r4.dat,5,1,1,4
20190713/user5/user5-2-8-r5.dat,5,2,8,5
20190713/user5/user5-2-90-r2.dat,5,2,90,2
20190713/user5/user5-3-36-r3.dat,5,3,36,3
20190713/user5/user5-1-68-r5.dat,5,1,68,5
20190713/user5/user5-2-72-r5.dat,5,2,72,5
20190713/user5/user5-1-5-r5.dat,5,1,5,5
20190713/user5/user5-3-26-r3.dat,5,3,26,3
20190713/user5/user5-4-71-r4.dat,5,4,71,4
20190713/user5/user5-1-93-r2.dat,5,1,93,2
20190713/user5/user5-2-50-r1.dat,5,2,50,1
20190713/user5/user5-1-38-r2.dat,5,1,38,2
20190713/user5/user5-2-69-r6.dat,5,2,69,6
20190713/user5/user5-3-21-r3.dat,5,3,21,3
20190713/user5/user5-2-33-r2.dat,5,2,33,2
20190713/user5/user5-2-29-r6.dat,5,2,29,6
20190713/user5/user5-3-69-r2.dat,5,3,69,2
20190713/user5/user5-1-17-r1.dat,5,1,17,1
20190713/user5/user5-3-64-r6.dat,5,3,64,6
20190713/user5/user5-4-81-r3.dat,5,4,81,3
20190713/user5/user5-1-48-r1.dat,5,1,48,1
20190713/user5/user5-1-43-r4.dat,5,1,43,4
20190713/user5/user5-1-36-r1.dat,5,1,36,1
20190713/user5/user5-1-50-r3.dat,5,1,50,3
20190713/user5/user5-1-94-r3.dat,5,1,94,3
20190713/user5/user5-1-19-r5.dat,5,1,19,5
20190713/user5/user5-2-42-r4.dat,5,2,42,4
20190713/user5/user5-4-58-r3.dat,5,4,58,3
20190713/user5/user5-3-21-r4.dat,5,3,21,4
20190713/user5/user5-4-89-r5.dat,5,4,89,5
20190713/user5/user5-2-42-r5.dat,5,2,42,5
20190713/user5/user5-3-8-r6.dat,5,3,8,6
20190713/user5/user5-4-38-r1.dat,5,4,38,1
20190713/user5/user5-2-20-r4.dat,5,2,20,4
20190713/user5/user5-2-45-r1.dat,5,2,45,1
20190713/user5/user5-3-19-r3.dat,5,3,19,3
20190713/user5/user5-2-53-r5.dat,5,2,53,5
20190713/user5/user5-3-51-r4.dat,5,3,51,4
20190713/user5/user5-1-76-r2.dat,5,1,76,2
20190713/user5/user5-4-43-r2.dat,5,4,43,2
20190713/user5/user5-1-60-r2.dat,5,1,60,2
20190713/user5/user5-2-23-r4.dat,5,2,23,4
20190713/user5/user5-4-77-r3.dat,5,4,77,3
20190713/user5/user5-1-24-r4.dat,5,1,24,4
20190713/user5/user5-1-11-r6.dat,5,1,11,6
20190713/user5/user5-1-60-r5.dat,5,1,60,5
20190713/user5/user5-3-62-r3.dat,5,3,62,3
20190713/user5/user5-1-71-r1.dat,5,1,71,1
20190713/user5/user5-2-87-r1.dat,5,2,87,1
20190713/user5/user5-3-76-r6.dat,5,3,76,6
20190713/user5/user5-2-91-r3.dat,5,2,91,3
20190713/user5/user5-1-3-r6.dat,5,1,3,6
20190713/user5/user5-2-65-r1.dat,5,2,65,1
20190713/user5/user5-4-69-r5.dat,5,4,69,5
20190713/user5/user5-2-12-r6.dat,5,2,12,6
20190713/user5/user5-4-13-r5.dat,5,4,13,5
20190713/user5/user5-4-10-r2.dat,5,4,10,2
20190713/user5/user5-1-4-r4.dat,5,1,4,4
20190713/user5/user5-3-9-r1.dat,5,3,9,1
20190713/user5/user5-3-91-r5.dat,5,3,91,5
20190713/user5/user5-2-30-r4.dat,5,2,30,4
20190713/user5/user5-2-64-r2.dat,5,2,64,2
20190713/user5/user5-3-27-r2.dat,5,3,27,2
20190713/user5/user5-3-70-r1.dat,5,3,70,1
20190713/user5/user5-3-29-r4.dat,5,3,29,4
20190713/user5/user5-1-95-r3.dat,5,1,95,3
20190713/user5/user5-3-89-r3.dat,5,3,89,3
20190713/user5/user5-3-50-r1.dat,5,3,50,1
20190713/user5/user5-1-11-r2.dat,5,1,11,2
20190713/user5/user5-2-53-r2.dat,5,2,53,2
20190713/user5/user5-4-64-r2.dat,5,4,64,2
20190713/user5/user5-4-8-r4.dat,5,4,8,4
20190713/user5/user5-4-57-r1.dat,5,4,57,1
20190713/user5/user5-3-8-r1.dat,5,3,8,1
20190713/user5/user5-4-45-r1.dat,5,4,45,1
20190713/user5/user5-1-94-r5.dat,5,1,94,5
20190713/user5/user5-4-81-r6.dat,5,4,81,6
20190713/user5/user5-2-39-r3.dat,5,2,39,3
20190713/user5/user5-3-26-r1.dat,5,3,26,1
20190713/user5/user5-2-43-r6.dat,5,2,43,6
20190713/user5/user5-4-79-r6.dat,5,4,79,6
20190713/user5/user5-1-59-r6.dat,5,1,59,6
20190713/user5/user5-2-55-r3.dat,5,2,55,3
20190713/user5/user5-4-24-r5.dat,5,4,24,5
20190713/user5/user5-3-81-r1.dat,5,3,81,1
20190713/user5/user5-3-46-r3.dat,5,3,46,3
20190713/user5/user5-1-67-r3.dat,5,1,67,3
20190713/user5/user5-1-70-r4.dat,5,1,70,4
20190713/user5/user5-1-59-r5.dat,5,1,59,5
20190713/user5/user5-4-12-r2.dat,5,4,12,2
20190713/user5/user5-3-82-r5.dat,5,3,82,5
20190713/user5/user5-2-3-r5.dat,5,2,3,5
20190713/user5/user5-3-15-r3.dat,5,3,15,3
20190713/user5/user5-3-46-r6.dat,5,3,46,6
20190713/user5/user5-1-72-r3.dat,5,1,72,3
20190713/user5/user5-3-23-r6.dat,5,3,23,6
20190713/user5/user5-3-99-r1.dat,5,3,99,1
20190713/user5/user5-2-16-r3.dat,5,2,16,3
20190713/user5/user5-1-19-r2.dat,5,1,19,2
20190713/user5/user5-3-72-r1.dat,5,3,72,1
20190713/user5/user5-4-38-r5.dat,5,4,38,5
20190713/user5/user5-1-67-r1.dat,5,1,67,1
20190713/user5/user5-4-79-r4.dat,5,4,79,4
20190713/user5/user5-3-76-r1.dat,5,3,76,1
20190713/user5/user5-4-26-r2.dat,5,4,26,2
20190713/user5/user5-4-43-r4.dat,5,4,43,4
20190713/user5/user5-2-85-r2.dat,5,2,85,2
20190713/user5/user5-4-39-r1.dat,5,4,39,1
20190713/user5/user5-1-41-r5.dat,5,1,41,5
20190713/user5/user5-1-57-r2.dat,5,1,57,2
20190713/user5/user5-2-64-r4.dat,5,2,64,4
20190713/user5/user5-3-23-r5.dat,5,3,23,5
20190713/user5/user5-2-38-r1.dat,5,2,38,1
20190713/user5/user5-2-77-r2.dat,5,2,77,2
20190713/user5/user5-2-72-r2.dat,5,2,72,2
20190713/user5/user5-4-88-r2.dat,5,4,88,2
20190713/user5/user5-2-6-r1.dat,5,2,6,1
20190713/user5/user5-2-29-r3.dat,5,2,29,3
20190713/user5/user5-3-55-r5.dat,5,3,55,5
20190713/user5/user5-1-89-r1.dat,5,1,89,1
20190713/user5/user5-3-84-r4.dat,5,3,84,4
20190713/user5/user5-4-20-r2.dat,5,4,20,2
20190713/user5/user5-3-15-r1.dat,5,3,15,1
20190713/user5/user5-3-88-r2.dat,5,3,88,2
20190713/user5/user5-3-23-r4.dat,5,3,23,4
20190713/user5/user5-1-89-r6.dat,5,1,89,6
20190713/user5/user5-3-51-r1.dat,5,3,51,1
20190713/user5/user5-2-34-r6.dat,5,2,34,6
20190713/user5/user5-1-41-r4.dat,5,1,41,4
20190713/user5/user5-3-62-r6.dat,5,3,62,6
20190713/user5/user5-3-10-r6.dat,5,3,10,6
20190713/user5/user5-2-35-r6.dat,5,2,35,6
20190713/user5/user5-2-54-r2.dat,5,2,54,2
20190713/user5/user5-2-7-r1.dat,5,2,7,1
20190713/user5/user5-3-75-r6.dat,5,3,75,6
20190713/user5/user5-3-82-r2.dat,5,3,82,2
20190713/user5/user5-2-27-r3.dat,5,2,27,3
20190713/user5/user5-3-48-r2.dat,5,3,48,2
20190713/user5/user5-2-66-r3.dat,5,2,66,3
20190713/user5/user5-3-29-r5.dat,5,3,29,5
20190713/user5/user5-2-38-r3.dat,5,2,38,3
20190713/user5/user5-1-68-r4.dat,5,1,68,4
20190713/user5/user5-4-35-r1.dat,5,4,35,1
20190713/user5/user5-2-72-r1.dat,5,2,72,1
20190713/user5/user5-2-17-r6.dat,5,2,17,6
20190713/user5/user5-3-72-r6.dat,5,3,72,6
20190713/user5/user5-4-77-r5.dat,5,4,77,5
20190713/user5/user5-3-72-r2.dat,5,3,72,2
20190713/user5/user5-4-81-r5.dat,5,4,81,5
20190713/user5/user5-4-52-r4.dat,5,4,52,4
20190713/user5/user5-3-95-r3.dat,5,3,95,3
20190713/user5/user5-3-33-r3.dat,5,3,33,3
20190713/user5/user5-3-12-r6.dat,5,3,12,6
20190713/user5/user5-4-22-r1.dat,5,4,22,1
20190713/user5/user5-2-97-r6.dat,5,2,97,6
20190713/user5/user5-4-56-r6.dat,5,4,56,6
20190713/user5/user5-1-5-r4.dat,5,1,5,4
20190713/user5/user5-3-33-r2.dat,5,3,33,2
20190713/user5/user5-1-35-r2.dat,5,1,35,2
20190713/user5/user5-4-19-r4.dat,5,4,19,4
20190713/user5/user5-1-49-r3.dat,5,1,49,3
20190713/user5/user5-2-4-r5.dat,5,2,4,5
20190713/user5/user5-3-62-r4.dat,5,3,62,4
20190713/user5/user5-3-95-r2.dat,5,3,95,2
20190713/user5/user5-3-78-r4.dat,5,3,78,4
20190713/user5/user5-3-76-r2.dat,5,3,76,2
20190713/user5/user5-3-46-r5.dat,5,3,46,5
20190713/user5/user5-4-58-r5.dat,5,4,58,5
20190713/user5/user5-2-18-r2.dat,5,2,18,2
20190713/user5/user5-1-98-r5.dat,5,1,98,5
20190713/user5/user5-4-63-r6.dat,5,4,63,6
20190713/user5/user5-3-31-r4.dat,5,3,31,4
20190713/user5/user5-1-75-r3.dat,5,1,75,3
20190713/user5/user5-1-19-r4.dat,5,1,19,4
20190713/user5/user5-1-82-r2.dat,5,1,82,2
20190713/user5/user5-3-42-r3.dat,5,3,42,3
20190713/user5/user5-1-94-r1.dat,5,1,94,1
20190713/user5/user5-1-42-r5.dat,5,1,42,5
20190713/user5/user5-2-56-r6.dat,5,2,56,6
20190713/user5/user5-1-76-r6.dat,5,1,76,6
20190713/user5/user5-2-12-r1.dat,5,2,12,1
20190713/user5/user5-3-35-r2.dat,5,3,35,2
20190713/user5/user5-4-88-r3.dat,5,4,88,3
20190713/user5/user5-3-10-r5.dat,5,3,10,5
20190713/user5/user5-1-36-r4.dat,5,1,36,4
20190713/user5/user5-2-5-r5.dat,5,2,5,5
20190713/user5/user5-4-9-r1.dat,5,4,9,1
20190713/user5/user5-2-30-r1.dat,5,2,30,1
20190713/user5/user5-4-10-r4.dat,5,4,10,4
20190713/user5/user5-1-52-r6.dat,5,1,52,6
20190713/user5/user5-3-86-r3.dat,5,3,86,3
20190713/user5/user5-4-59-r6.dat,5,4,59,6
20190713/user5/user5-2-37-r1.dat,5,2,37,1
20190713/user5/user5-4-70-r2.dat,5,4,70,2
20190713/user5/user5-2-89-r3.dat,5,2,89,3
20190713/user5/user5-4-36-r4.dat,5,4,36,4
20190713/user5/user5-2-39-r6.dat,5,2,39,6
20190713/user5/user5-4-90-r6.dat,5,4,90,6
20190713/user5/user5-1-39-r2.dat,5,1,39,2
20190713/user5/user5-4-19-r5.dat,5,4,19,5
20190713/user5/user5-1-90-r4.dat,5,1,90,4
20190713/user5/user5-1-17-r6.dat,5,1,17,6
20190713/user5/user5-3-42-r4.dat,5,3,42,4
20190713/user5/user5-3-91-r6.dat,5,3,91,6
20190713/user5/user5-2-41-r4.dat,5,2,41,4
20190713/user5/user5-1-1-r5.dat,5,1,1,5
20190713/user5/user5-1-5-r1.dat,5,1,5,1
20190713/user5/user5-2-73-r1.dat,5,2,73,1
20190713/user5/user5-4-27-r6.dat,5,4,27,6
20190713/user5/user5-2-84-r5.dat,5,2,84,5
20190713/user5/user5-4-6-r1.dat,5,4,6,1
20190713/user5/user5-4-52-r6.dat,5,4,52,6
20190713/user5/user5-2-99-r6.dat,5,2,99,6
20190713/user5/user5-2-52-r2.dat,5,2,52,2
20190713/user5/user5-4-86-r4.dat,5,4,86,4
20190713/user5/user5-1-73-r2.dat,5,1,73,2
20190713/user5/user5-2-22-r2.dat,5,2,22,2
20190713/user5/user5-3-27-r5.dat,5,3,27,5
20190713/user5/user5-3-48-r1.dat,5,3,48,1
20190713/user5/user5-3-87-r3.dat,5,3,87,3
20190713/user5/user5-2-80-r2.dat,5,2,80,2
20190713/user5/user5-1-48-r3.dat,5,1,48,3
20190713/user5/user5-2-95-r6.dat,5,2,95,6
20190713/user5/user5-2-85-r3.dat,5,2,85,3
20190713/user5/user5-1-69-r6.dat,5,1,69,6
20190713/user5/user5-2-91-r1.dat,5,2,91,1
20190713/user5/user5-2-90-r6.dat,5,2,90,6
20190713/user5/user5-3-7-r3.dat,5,3,7,3
20190713/user5/user5-2-85-r5.dat,5,2,85,5
20190713/user5/user5-2-9-r3.dat,5,2,9,3
20190713/user5/user5-4-59-r5.dat,5,4,59,5
20190713/user5/user5-2-52-r4.dat,5,2,52,4
20190713/user5/user5-3-35-r6.dat,5,3,35,6
20190713/user5/user5-3-83-r3.dat,5,3,83,3
20190713/user5/user5-3-7-r6.dat,5,3,7,6
20190713/user5/user5-3-51-r3.dat,5,3,51,3
20190713/user5/user5-3-100-r1.dat,5,3,100,1
20190713/user5/user5-2-71-r3.dat,5,2,71,3
20190713/user5/user5-4-20-r4.dat,5,4,20,4
20190713/user5/user5-2-10-r2.dat,5,2,10,2
20190713/user5/user5-2-41-r2.dat,5,2,41,2
20190713/user5/user5-2-100-r4.dat,5,2,100,4
20190713/user5/user5-4-37-r5.dat,5,4,37,5
20190713/user5/user5-1-95-r5.dat,5,1,95,5
20190713/user5/user5-4-14-r3.dat,5,4,14,3
20190713/user5/user5-1-51-r3.dat,5,1,51,3
20190713/user5/user5-4-12-r1.dat,5,4,12,1
20190713/user5/user5-4-58-r4.dat,5,4,58,4
20190713/user5/user5-1-92-r2.dat,5,1,92,2
20190713/user5/user5-1-6-r2.dat,5,1,6,2
20190713/user5/user5-3-21-r6.dat,5,3,21,6
20190713/user5/user5-3-61-r6.dat,5,3,61,6
20190713/user5/user5-2-68-r6.dat,5,2,68,6
20190713/user5/user5-3-72-r3.dat,5,3,72,3
20190713/user5/user5-1-17-r3.dat,5,1,17,3
20190713/user5/user5-4-100-r3.dat,5,4,100,3
20190713/user5/user5-1-62-r2.dat,5,1,62,2
20190713/user5/user5-1-4-r1.dat,5,1,4,1
20190713/user5/user5-3-13-r4.dat,5,3,13,4
20190713/user5/user5-3-63-r6.dat,5,3,63,6
20190713/user5/user5-4-93-r5.dat,5,4,93,5
20190713/user5/user5-1-5-r3.dat,5,1,5,3
20190713/user5/user5-1-4-r3.dat,5,1,4,3
20190713/user5/user5-2-7-r3.dat,5,2,7,3
20190713/user5/user5-1-76-r5.dat,5,1,76,5
20190713/user5/user5-3-5-r3.dat,5,3,5,3
20190713/user5/user5-4-32-r4.dat,5,4,32,4
20190713/user5/user5-3-35-r4.dat,5,3,35,4
20190713/user5/user5-1-99-r6.dat,5,1,99,6
20190713/user5/user5-4-91-r4.dat,5,4,91,4
20190713/user5/user5-3-79-r3.dat,5,3,79,3
20190713/user5/user5-3-89-r5.dat,5,3,89,5
20190713/user5/user5-1-30-r4.dat,5,1,30,4
20190713/user5/user5-1-62-r6.dat,5,1,62,6
20190713/user5/user5-4-37-r4.dat,5,4,37,4
20190713/user5/user5-2-15-r3.dat,5,2,15,3
20190713/user5/user5-1-97-r5.dat,5,1,97,5
20190713/user5/user5-2-59-r5.dat,5,2,59,5
20190713/user5/user5-2-68-r4.dat,5,2,68,4
20190713/user5/user5-1-57-r1.dat,5,1,57,1
20190713/user5/user5-3-19-r4.dat,5,3,19,4
20190713/user5/user5-3-53-r3.dat,5,3,53,3
20190713/user5/user5-2-68-r2.dat,5,2,68,2
20190713/user5/user5-2-72-r4.dat,5,2,72,4
20190713/user5/user5-1-37-r2.dat,5,1,37,2
20190713/user5/user5-2-71-r5.dat,5,2,71,5
20190713/user5/user5-4-91-r3.dat,5,4,91,3
20190713/user5/user5-4-18-r5.dat,5,4,18,5
20190713/user5/user5-4-70-r4.dat,5,4,70,4
20190713/user5/user5-3-36-r1.dat,5,3,36,1
20190713/user5/user5-2-4-r1.dat,5,2,4,1
20190713/user5/user5-4-21-r5.dat,5,4,21,5
20190713/user5/user5-2-98-r2.dat,5,2,98,2
20190713/user5/user5-4-31-r2.dat,5,4,31,2
20190713/user5/user5-1-56-r2.dat,5,1,56,2
20190713/user5/user5-1-96-r3.dat,5,1,96,3
20190713/user5/user5-2-88-r4.dat,5,2,88,4
20190713/user5/user5-4-24-r4.dat,5,4,24,4
20190713/user5/user5-2-3-r1.dat,5,2,3,1
20190713/user5/user5-4-96-r4.dat,5,4,96,4
20190713/user5/user5-4-87-r1.dat,5,4,87,1
20190713/user5/user5-3-33-r6.dat,5,3,33,6
20190713/user5/user5-1-6-r5.dat,5,1,6,5
20190713/user5/user5-2-32-r2.dat,5,2,32,2
20190713/user5/user5-3-14-r2.dat,5,3,14,2
20190713/user5/user5-4-77-r6.dat,5,4,77,6
20190713/user5/user5-2-81-r4.dat,5,2,81,4
20190713/user5/user5-4-33-r5.dat,5,4,33,5
20190713/user5/user5-1-93-r4.dat,5,1,93,4
20190713/user5/user5-3-61-r3.dat,5,3,61,3
20190713/user5/user5-4-93-r3.dat,5,4,93,3
20190713/user5/user5-3-71-r2.dat,5,3,71,2
20190713/user5/user5-4-28-r5.dat,5,4,28,5
20190713/user5/user5-2-39-r5.dat,5,2,39,5
20190713/user5/user5-4-20-r1.dat,5,4,20,1
20190713/user5/user5-3-78-r1.dat,5,3,78,1
20190713/user5/user5-1-12-r4.dat,5,1,12,4
20190713/user5/user5-2-43-r3.dat,5,2,43,3
20190713/user5/user5-4-21-r1.dat,5,4,21,1
20190713/user5/user5-3-4-r6.dat,5,3,4,6
20190713/user5/user5-3-15-r5.dat,5,3,15,5
20190713/user5/user5-2-97-r5.dat,5,2,97,5
20190713/user5/user5-3-20-r1.dat,5,3,20,1
20190713/user5/user5-2-75-r6.dat,5,2,75,6
20190713/user5/user5-2-6-r6.dat,5,2,6,6
20190713/user5/user5-2-64-r3.dat,5,2,64,3
20190713/user5/user5-1-48-r6.dat,5,1,48,6
20190713/user5/user5-4-54-r1.dat,5,4,54,1
20190713/user5/user5-2-28-r6.dat,5,2,28,6
20190713/user5/user5-1-77-r3.dat,5,1,77,3
20190713/user5/user5-1-55-r4.dat,5,1,55,4
20190713/user5/user5-4-26-r5.dat,5,4,26,5
20190713/user5/user5-4-100-r5.dat,5,4,100,5
20190713/user5/user5-4-14-r6.dat,5,4,14,6
20190713/user5/user5-3-73-r3.dat,5,3,73,3
20190713/user5/user5-1-33-r4.dat,5,1,33,4
20190713/user5/user5-4-53-r5.dat,5,4,53,5
20190713/user5/user5-3-49-r2.dat,5,3,49,2
20190713/user5/user5-3-65-r3.dat,5,3,65,3
20190713/user5/user5-2-35-r4.dat,5,2,35,4
20190713/user5/user5-1-6-r3.dat,5,1,6,3
20190713/user5/user5-3-49-r3.dat,5,3,49,3
20190713/user5/user5-4-3-r1.dat,5,4,3,1
20190713/user5/user5-4-29-r1.dat,5,4,29,1
20190713/user5/user5-3-99-r4.dat,5,3,99,4
20190713/user5/user5-4-78-r6.dat,5,4,78,6
20190713/user5/user5-3-32-r5.dat,5,3,32,5
20190713/user5/user5-2-44-r3.dat,5,2,44,3
20190713/user5/user5-1-25-r2.dat,5,1,25,2
20190713/user5/user5-1-39-r3.dat,5,1,39,3
20190713/user5/user5-2-29-r4.dat,5,2,29,4
20190713/user5/user5-3-51-r2.dat,5,3,51,2
20190713/user5/user5-2-27-r4.dat,5,2,27,4
20190713/user5/user5-4-38-r3.dat,5,4,38,3
20190713/user5/user5-3-84-r1.dat,5,3,84,1
20190713/user5/user5-3-16-r3.dat,5,3,16,3
20190713/user5/user5-2-6-r5.dat,5,2,6,5
20190713/user5/user5-2-89-r1.dat,5,2,89,1
20190713/user5/user5-2-86-r6.dat,5,2,86,6
20190713/user5/user5-3-2-r5.dat,5,3,2,5
20190713/user5/user5-4-26-r6.dat,5,4,26,6
20190713/user5/user5-3-9-r2.dat,5,3,9,2
20190713/user5/user5-4-94-r6.dat,5,4,94,6
20190713/user5/user5-4-79-r2.dat,5,4,79,2
20190713/user5/user5-2-35-r3.dat,5,2,35,3
20190713/user5/user5-4-100-r1.dat,5,4,100,1
20190713/user5/user5-4-79-r1.dat,5,4,79,1
20190713/user5/user5-1-94-r6.dat,5,1,94,6
20190713/user5/user5-1-42-r6.dat,5,1,42,6
20190713/user5/user5-3-78-r3.dat,5,3,78,3
20190713/user5/user5-3-93-r2.dat,5,3,93,2
20190713/user5/user5-1-26-r3.dat,5,1,26,3
20190713/user5/user5-1-96-r2.dat,5,1,96,2
20190713/user5/user5-2-37-r4.dat,5,2,37,4
20190713/user5/user5-4-70-r6.dat,5,4,70,6
20190713/user5/user5-4-15-r1.dat,5,4,15,1
20190713/user5/user5-2-66-r6.dat,5,2,66,6
20190713/user5/user5-1-12-r1.dat,5,1,12,1
20190713/user5/user5-2-88-r2.dat,5,2,88,2
20190713/user5/user5-2-60-r6.dat,5,2,60,6
20190713/user5/user5-2-59-r4.dat,5,2,59,4
20190713/user5/user5-1-7-r1.dat,5,1,7,1
20190713/user5/user5-4-80-r3.dat,5,4,80,3
20190713/user5/user5-1-51-r6.dat,5,1,51,6
20190713/user5/user5-4-42-r4.dat,5,4,42,4
20190713/user5/user5-3-81-r2.dat,5,3,81,2
20190713/user5/user5-4-34-r4.dat,5,4,34,4
20190713/user5/user5-3-86-r4.dat,5,3,86,4
20190713/user5/user5-4-34-r3.dat,5,4,34,3
20190713/user5/user5-3-41-r1.dat,5,3,41,1
20190713/user5/user5-1-72-r1.dat,5,1,72,1
20190713/user5/user5-2-7-r2.dat,5,2,7,2
20190713/user5/user5-1-87-r2.dat,5,1,87,2
20190713/user5/user5-4-46-r2.dat,5,4,46,2
20190713/user5/user5-2-73-r5.dat,5,2,73,5
20190713/user5/user5-4-96-r2.dat,5,4,96,2
20190713/user5/user5-2-36-r3.dat,5,2,36,3
20190713/user5/user5-3-52-r3.dat,5,3,52,3
20190713/user5/user5-2-39-r2.dat,5,2,39,2
20190713/user5/user5-1-36-r5.dat,5,1,36,5
20190713/user5/user5-4-64-r1.dat,5,4,64,1
20190713/user5/user5-3-82-r3.dat,5,3,82,3
20190713/user5/user5-2-33-r5.dat,5,2,33,5
20190713/user5/user5-3-69-r6.dat,5,3,69,6
20190713/user5/user5-3-74-r1.dat,5,3,74,1
20190713/user5/user5-3-14-r4.dat,5,3,14,4
20190713/user5/user5-3-100-r2.dat,5,3,100,2
20190713/user5/user5-3-2-r6.dat,5,3,2,6
20190713/user5/user5-3-20-r4.dat,5,3,20,4
20190713/user5/user5-1-17-r4.dat,5,1,17,4
20190713/user5/user5-3-20-r3.dat,5,3,20,3
20190713/user5/user5-2-84-r1.dat,5,2,84,1
20190713/user5/user5-1-38-r4.dat,5,1,38,4
20190713/user5/user5-3-74-r5.dat,5,3,74,5
20190713/user5/user5-4-90-r4.dat,5,4,90,4
20190713/user5/user5-2-98-r1.dat,5,2,98,1
20190713/user5/user5-3-45-r5.dat,5,3,45,5
20190713/user5/user5-4-75-r2.dat,5,4,75,2
20190713/user5/user5-1-99-r2.dat,5,1,99,2
20190713/user5/user5-3-77-r2.dat,5,3,77,2
20190713/user5/user5-2-68-r3.dat,5,2,68,3
20190713/user5/user5-1-58-r5.dat,5,1,58,5
20190713/user5/user5-4-22-r2.dat,5,4,22,2
20190713/user5/user5-1-50-r5.dat,5,1,50,5
20190713/user5/user5-2-8-r3.dat,5,2,8,3
20190713/user5/user5-4-8-r1.dat,5,4,8,1
20190713/user5/user5-2-95-r5.dat,5,2,95,5
20190713/user5/user5-3-51-r6.dat,5,3,51,6
20190713/user5/user5-2-66-r2.dat,5,2,66,2
20190713/user5/user5-2-24-r2.dat,5,2,24,2
20190713/user5/user5-4-76-r5.dat,5,4,76,5
20190713/user5/user5-2-32-r1.dat,5,2,32,1
20190713/user5/user5-4-5-r6.dat,5,4,5,6
20190713/user5/user5-2-59-r2.dat,5,2,59,2
20190713/user5/user5-4-87-r5.dat,5,4,87,5
20190713/user5/user5-4-57-r6.dat,5,4,57,6
20190713/user5/user5-1-59-r4.dat,5,1,59,4
20190713/user5/user5-1-49-r2.dat,5,1,49,2
20190713/user5/user5-2-76-r3.dat,5,2,76,3
20190713/user5/user5-3-52-r6.dat,5,3,52,6
20190713/user5/user5-3-48-r4.dat,5,3,48,4
20190713/user5/user5-2-83-r6.dat,5,2,83,6
20190713/user5/user5-3-67-r5.dat,5,3,67,5
20190713/user5/user5-1-40-r5.dat,5,1,40,5
20190713/user5/user5-1-81-r1.dat,5,1,81,1
20190713/user5/user5-2-4-r3.dat,5,2,4,3
20190713/user5/user5-3-16-r1.dat,5,3,16,1
20190713/user5/user5-4-71-r1.dat,5,4,71,1
20190713/user5/user5-1-82-r6.dat,5,1,82,6
20190713/user5/user5-2-54-r3.dat,5,2,54,3
20190713/user5/user5-1-31-r5.dat,5,1,31,5
20190713/user5/user5-1-57-r6.dat,5,1,57,6
20190713/user5/user5-2-81-r3.dat,5,2,81,3
20190713/user5/user5-3-2-r4.dat,5,3,2,4
20190713/user5/user5-1-9-r6.dat,5,1,9,6
20190713/user5/user5-2-8-r4.dat,5,2,8,4
20190713/user5/user5-3-68-r4.dat,5,3,68,4
20190713/user5/user5-2-76-r6.dat,5,2,76,6
20190713/user5/user5-1-87-r5.dat,5,1,87,5
20190713/user5/user5-2-9-r5.dat,5,2,9,5
20190713/user5/user5-3-82-r6.dat,5,3,82,6
20190713/user5/user5-2-14-r1.dat,5,2,14,1
20190713/user5/user5-3-34-r4.dat,5,3,34,4
20190713/user5/user5-3-11-r3.dat,5,3,11,3
20190713/user5/user5-3-50-r3.dat,5,3,50,3
20190713/user5/user5-4-20-r6.dat,5,4,20,6
20190713/user5/user5-2-51-r3.dat,5,2,51,3
20190713/user5/user5-4-52-r1.dat,5,4,52,1
20190713/user5/user5-2-50-r3.dat,5,2,50,3
20190713/user5/user5-3-99-r2.dat,5,3,99,2
20190713/user5/user5-1-1-r1.dat,5,1,1,1
20190713/user5/user5-2-22-r3.dat,5,2,22,3
20190713/user5/user5-3-11-r1.dat,5,3,11,1
20190713/user5/user5-1-87-r3.dat,5,1,87,3
20190713/user5/user5-3-32-r1.dat,5,3,32,1
20190713/user5/user5-1-67-r5.dat,5,1,67,5
20190713/user5/user5-1-60-r3.dat,5,1,60,3
20190713/user5/user5-2-67-r5.dat,5,2,67,5
20190713/user5/user5-1-90-r2.dat,5,1,90,2
20190713/user5/user5-4-35-r4.dat,5,4,35,4
20190713/user5/user5-3-16-r6.dat,5,3,16,6
20190713/user5/user5-3-90-r4.dat,5,3,90,4
20190713/user5/user5-4-54-r2.dat,5,4,54,2
20190713/user5/user5-2-34-r4.dat,5,2,34,4
20190713/user5/user5-2-70-r6.dat,5,2,70,6
20190713/user5/user5-3-3-r2.dat,5,3,3,2
20190713/user5/user5-2-15-r4.dat,5,2,15,4
20190713/user5/user5-1-59-r1.dat,5,1,59,1
20190713/user5/user5-1-87-r4.dat,5,1,87,4
20190713/user5/user5-2-60-r1.dat,5,2,60,1
20190713/user5/user5-1-18-r3.dat,5,1,18,3
20190713/user5/user5-4-34-r1.dat,5,4,34,1
20190713/user5/user5-3-28-r4.dat,5,3,28,4
20190713/user5/user5-4-9-r6.dat,5,4,9,6
20190713/user5/user5-1-90-r3.dat,5,1,90,3
20190713/user5/user5-4-92-r3.dat,5,4,92,3
20190713/user5/user5-4-13-r2.dat,5,4,13,2
20190713/user5/user5-2-14-r3.dat,5,2,14,3
20190713/user5/user5-2-43-r4.dat,5,2,43,4
20190713/user5/user5-2-58-r2.dat,5,2,58,2
20190713/user5/user5-1-75-r6.dat,5,1,75,6
20190713/user5/user5-4-92-r1.dat,5,4,92,1
20190713/user5/user5-1-26-r1.dat,5,1,26,1
20190713/user5/user5-2-59-r6.dat,5,2,59,6
20190713/user5/user5-1-39-r1.dat,5,1,39,1
20190713/user5/user5-1-7-r6.dat,5,1,7,6
20190713/user5/user5-2-99-r3.dat,5,2,99,3
20190713/user5/user5-2-44-r6.dat,5,2,44,6
20190713/user5/user5-4-3-r6.dat,5,4,3,6
20190713/user5/user5-3-26-r6.dat,5,3,26,6
20190713/user5/user5-3-99-r5.dat,5,3,99,5
20190713/user5/user5-2-31-r6.dat,5,2,31,6
20190713/user5/user5-4-1-r1.dat,5,4,1,1
20190713/user5/user5-3-28-r3.dat,5,3,28,3
20190713/user5/user5-2-58-r6.dat,5,2,58,6
20190713/user5/user5-3-78-r6.dat,5,3,78,6
20190713/user5/user5-1-35-r5.dat,5,1,35,5
20190713/user5/user5-3-13-r2.dat,5,3,13,2
20190713/user5/user5-3-66-r4.dat,5,3,66,4
20190713/user5/user5-4-100-r4.dat,5,4,100,4
20190713/user5/user5-2-38-r4.dat,5,2,38,4
20190713/user5/user5-2-56-r2.dat,5,2,56,2
20190713/user5/user5-4-27-r1.dat,5,4,27,1
20190713/user5/user5-3-17-r5.dat,5,3,17,5
20190713/user5/user5-3-4-r1.dat,5,3,4,1
20190713/user5/user5-1-36-r3.dat,5,1,36,3
20190713/user5/user5-2-43-r5.dat,5,2,43,5
20190713/user5/user5-2-84-r6.dat,5,2,84,6
20190713/user5/user5-4-75-r3.dat,5,4,75,3
20190713/user5/user5-2-64-r5.dat,5,2,64,5
20190713/user5/user5-2-96-r1.dat,5,2,96,1
20190713/user5/user5-3-4-r4.dat,5,3,4,4
20190713/user5/user5-4-75-r1.dat,5,4,75,1
20190713/user5/user5-2-10-r4.dat,5,2,10,4
20190713/user5/user5-1-54-r6.dat,5,1,54,6
20190713/user5/user5-3-41-r4.dat,5,3,41,4
20190713/user5/user5-3-80-r6.dat,5,3,80,6
20190713/user5/user5-2-41-r1.dat,5,2,41,1
20190713/user5/user5-2-75-r1.dat,5,2,75,1
20190713/user5/user5-3-53-r4.dat,5,3,53,4
20190713/user5/user5-2-44-r4.dat,5,2,44,4
20190713/user5/user5-1-69-r5.dat,5,1,69,5
20190713/user5/user5-4-92-r6.dat,5,4,92,6
20190713/user5/user5-3-65-r5.dat,5,3,65,5
20190713/user5/user5-1-57-r3.dat,5,1,57,3
20190713/user5/user5-1-33-r3.dat,5,1,33,3
20190713/user5/user5-2-17-r1.dat,5,2,17,1
20190713/user5/user5-3-30-r3.dat,5,3,30,3
20190713/user5/user5-3-67-r4.dat,5,3,67,4
20190713/user5/user5-1-6-r1.dat,5,1,6,1
20190713/user5/user5-3-45-r3.dat,5,3,45,3
20190713/user5/user5-4-54-r6.dat,5,4,54,6
20190713/user5/user5-1-19-r6.dat,5,1,19,6
20190713/user5/user5-3-61-r5.dat,5,3,61,5
20190713/user5/user5-3-11-r6.dat,5,3,11,6
20190713/user5/user5-1-50-r2.dat,5,1,50,2
20190713/user5/user5-2-70-r5.dat,5,2,70,5
20190713/user5/user5-1-89-r5.dat,5,1,89,5
20190713/user5/user5-2-83-r2.dat,5,2,83,2
20190713/user5/user5-1-70-r5.dat,5,1,70,5
20190713/user5/user5-2-82-r6.dat,5,2,82,6
20190713/user5/user5-2-24-r3.dat,5,2,24,3
20190713/user5/user5-4-18-r6.dat,5,4,18,6
20190713/user5/user5-4-89-r2.dat,5,4,89,2
20190713/user5/user5-4-55-r3.dat,5,4,55,3
20190713/user5/user5-4-91-r6.dat,5,4,91,6
20190713/user5/user5-4-1-r2.dat,5,4,1,2
20190713/user5/user5-3-9-r6.dat,5,3,9,6
20190713/user5/user5-4-19-r1.dat,5,4,19,1
20190713/user5/user5-3-3-r5.dat,5,3,3,5
20190713/user5/user5-1-23-r5.dat,5,1,23,5
20190713/user5/user5-2-36-r6.dat,5,2,36,6
20190713/user5/user5-3-25-r6.dat,5,3,25,6
20190713/user5/user5-3-5-r2.dat,5,3,5,2
20190713/user5/user5-1-48-r4.dat,5,1,48,4
20190713/user5/user5-1-88-r2.dat,5,1,88,2
20190713/user5/user5-3-26-r4.dat,5,3,26,4
20190713/user5/user5-3-74-r3.dat,5,3,74,3
20190713/user5/user5-2-90-r1.dat,5,2,90,1
20190713/user5/user5-1-16-r6.dat,5,1,16,6
20190713/user5/user5-4-59-r4.dat,5,4,59,4
20190713/user5/user5-3-49-r5.dat,5,3,49,5
20190713/user5/user5-2-51-r1.dat,5,2,51,1
20190713/user5/user5-1-77-r1.dat,5,1,77,1
20190713/user5/user5-2-99-r1.dat,5,2,99,1
20190713/user5/user5-1-31-r3.dat,5,1,31,3
20190713/user5/user5-4-2-r2.dat,5,4,2,2
20190713/user5/user5-1-91-r3.dat,5,1,91,3
20190713/user5/user5-2-6-r4.dat,5,2,6,4
20190713/user5/user5-1-97-r1.dat,5,1,97,1
20190713/user5/user5-4-7-r3.dat,5,4,7,3
20190713/user5/user5-4-11-r2.dat,5,4,11,2
20190713/user5/user5-1-98-r3.dat,5,1,98,3
20190713/user5/user5-3-30-r2.dat,5,3,30,2
20190713/user5/user5-3-70-r5.dat,5,3,70,5
20190713/user5/user5-3-88-r1.dat,5,3,88,1
20190713/user5/user5-4-63-r2.dat,5,4,63,2
20190713/user5/user5-4-87-r2.dat,5,4,87,2
20190713/user5/user5-3-12-r5.dat,5,3,12,5
20190713/user5/user5-4-52-r2.dat,5,4,52,2
20190713/user5/user5-1-70-r3.dat,5,1,70,3
20190713/user5/user5-3-75-r4.dat,5,3,75,4
20190713/user5/user5-4-12-r5.dat,5,4,12,5
20190713/user5/user5-1-61-r5.dat,5,1,61,5
20190713/user5/user5-3-24-r3.dat,5,3,24,3
20190713/user5/user5-4-93-r6.dat,5,4,93,6
20190713/user5/user5-3-89-r4.dat,5,3,89,4
20190713/user5/user5-2-1-r1.dat,5,2,1,1
20190713/user5/user5-4-53-r2.dat,5,4,53,2
20190713/user5/user5-4-36-r3.dat,5,4,36,3
20190713/user5/user5-4-33-r2.dat,5,4,33,2
20190713/user5/user5-3-25-r1.dat,5,3,25,1
20190713/user5/user5-4-57-r2.dat,5,4,57,2
20190713/user5/user5-2-3-r2.dat,5,2,3,2
20190713/user5/user5-4-2-r4.dat,5,4,2,4
20190713/user5/user5-2-69-r3.dat,5,2,69,3
20190713/user5/user5-1-73-r6.dat,5,1,73,6
20190713/user5/user5-3-78-r2.dat,5,3,78,2
20190713/user5/user5-3-67-r3.dat,5,3,67,3
20190713/user5/user5-2-54-r5.dat,5,2,54,5
20190713/user5/user5-2-35-r1.dat,5,2,35,1
20190713/user5/user5-4-7-r2.dat,5,4,7,2
20190713/user5/user5-1-76-r1.dat,5,1,76,1
20190713/user5/user5-2-37-r3.dat,5,2,37,3
20190713/user5/user5-3-31-r1.dat,5,3,31,1
20190713/user5/user5-4-82-r1.dat,5,4,82,1
20190713/user5/user5-3-34-r1.dat,5,3,34,1
20190713/user5/user5-1-42-r2.dat,5,1,42,2
20190713/user5/user5-1-59-r2.dat,5,1,59,2
20190713/user5/user5-1-47-r4.dat,5,1,47,4
20190713/user5/user5-1-93-r3.dat,5,1,93,3
20190713/user5/user5-1-95-r2.dat,5,1,95,2
20190713/user5/user5-1-63-r1.dat,5,1,63,1
20190713/user5/user5-4-29-r3.dat,5,4,29,3
20190713/user5/user5-1-83-r3.dat,5,1,83,3
20190713/user5/user5-4-55-r2.dat,5,4,55,2
20190713/user5/user5-4-14-r2.dat,5,4,14,2
20190713/user5/user5-1-10-r1.dat,5,1,10,1
20190713/user5/user5-3-41-r5.dat,5,3,41,5
20190713/user5/user5-3-91-r4.dat,5,3,91,4
20190713/user5/user5-2-96-r4.dat,5,2,96,4
20190713/user5/user5-3-54-r2.dat,5,3,54,2
20190713/user5/user5-4-23-r3.dat,5,4,23,3
20190713/user5/user5-4-76-r6.dat,5,4,76,6
20190713/user5/user5-3-81-r4.dat,5,3,81,4
20190713/user5/user5-3-63-r3.dat,5,3,63,3
20190713/user5/user5-1-53-r6.dat,5,1,53,6
20190713/user5/user5-1-24-r1.dat,5,1,24,1
20190713/user5/user5-2-23-r3.dat,5,2,23,3
20190713/user5/user5-2-32-r5.dat,5,2,32,5
20190713/user5/user5-4-35-r3.dat,5,4,35,3
20190713/user5/user5-4-22-r6.dat,5,4,22,6
20190713/user5/user5-1-71-r3.dat,5,1,71,3
20190713/user5/user5-1-49-r1.dat,5,1,49,1
20190713/user5/user5-1-74-r5.dat,5,1,74,5
20190713/user5/user5-4-42-r3.dat,5,4,42,3
20190713/user5/user5-2-58-r1.dat,5,2,58,1
20190713/user5/user5-3-9-r3.dat,5,3,9,3
20190713/user5/user5-1-96-r6.dat,5,1,96,6
20190713/user5/user5-2-85-r4.dat,5,2,85,4
20190713/user5/user5-3-5-r4.dat,5,3,5,4
20190713/user5/user5-3-17-r1.dat,5,3,17,1
20190713/user5/user5-4-7-r6.dat,5,4,7,6
20190713/user5/user5-2-57-r6.dat,5,2,57,6
20190713/user5/user5-1-58-r4.dat,5,1,58,4
20190713/user5/user5-3-18-r4.dat,5,3,18,4
20190713/user5/user5-2-85-r6.dat,5,2,85,6
20190713/user5/user5-1-75-r2.dat,5,1,75,2
20190713/user5/user5-4-32-r1.dat,5,4,32,1
20190713/user5/user5-3-16-r4.dat,5,3,16,4
20190713/user5/user5-1-55-r5.dat,5,1,55,5
20190713/user5/user5-2-87-r4.dat,5,2,87,4
20190713/user5/user5-3-10-r3.dat,5,3,10,3
20190713/user5/user5-4-70-r5.dat,5,4,70,5
20190713/user5/user5-2-90-r4.dat,5,2,90,4
20190713/user5/user5-3-87-r6.dat,5,3,87,6
20190713/user5/user5-3-47-r6.dat,5,3,47,6
20190713/user5/user5-4-50-r4.dat,5,4,50,4
20190713/user5/user5-4-22-r3.dat,5,4,22,3
20190713/user5/user5-3-88-r3.dat,5,3,88,3
20190713/user5/user5-1-25-r5.dat,5,1,25,5
20190713/user5/user5-4-96-r1.dat,5,4,96,1
20190713/user5/user5-3-83-r5.dat,5,3,83,5
20190713/user5/user5-4-58-r1.dat,5,4,58,1
20190713/user5/user5-4-18-r3.dat,5,4,18,3
20190713/user5/user5-1-67-r6.dat,5,1,67,6
20190713/user5/user5-2-71-r1.dat,5,2,71,1
20190713/user5/user5-2-80-r6.dat,5,2,80,6
20190713/user5/user5-1-53-r3.dat,5,1,53,3
20190713/user5/user5-2-12-r4.dat,5,2,12,4
20190713/user5/user5-2-10-r3.dat,5,2,10,3
20190713/user5/user5-1-81-r3.dat,5,1,81,3
20190713/user5/user5-2-13-r1.dat,5,2,13,1
20190713/user5/user5-1-62-r5.dat,5,1,62,5
20190713/user5/user5-1-35-r4.dat,5,1,35,4
20190713/user5/user5-1-87-r1.dat,5,1,87,1
20190713/user5/user5-3-81-r6.dat,5,3,81,6
20190713/user5/user5-1-52-r3.dat,5,1,52,3
20190713/user5/user5-3-1-r6.dat,5,3,1,6
20190713/user5/user5-1-25-r3.dat,5,1,25,3
20190713/user5/user5-1-50-r6.dat,5,1,50,6
20190713/user5/user5-3-89-r6.dat,5,3,89,6
20190713/user5/user5-2-21-r2.dat,5,2,21,2
20190713/user5/user5-1-23-r4.dat,5,1,23,4
20190713/user5/user5-3-24-r4.dat,5,3,24,4
20190713/user5/user5-4-38-r2.dat,5,4,38,2
20190713/user5/user5-1-9-r1.dat,5,1,9,1
20190713/user5/user5-1-73-r4.dat,5,1,73,4
20190713/user5/user5-3-7-r5.dat,5,3,7,5
20190713/user5/user5-4-78-r5.dat,5,4,78,5
20190713/user5/user5-4-24-r6.dat,5,4,24,6
20190713/user5/user5-1-9-r2.dat,5,1,9,2
20190713/user5/user5-2-96-r5.dat,5,2,96,5
20190713/user5/user5-2-1-r6.dat,5,2,1,6
20190713/user5/user5-2-81-r6.dat,5,2,81,6
20190713/user5/user5-2-58-r5.dat,5,2,58,5
20190713/user5/user5-1-29-r4.dat,5,1,29,4
20190713/user5/user5-2-37-r2.dat,5,2,37,2
20190713/user5/user5-4-29-r6.dat,5,4,29,6
20190713/user5/user5-3-21-r2.dat,5,3,21,2
20190713/user5/user5-1-32-r4.dat,5,1,32,4
20190713/user5/user5-2-51-r6.dat,5,2,51,6
20190713/user5/user5-4-56-r5.dat,5,4,56,5
20190713/user5/user5-2-31-r5.dat,5,2,31,5
20190713/user5/user5-1-54-r5.dat,5,1,54,5
20190713/user5/user5-1-2-r2.dat,5,1,2,2
20190713/user5/user5-2-86-r3.dat,5,2,86,3
20190713/user5/user5-2-20-r3.dat,5,2,20,3
20190713/user5/user5-1-71-r4.dat,5,1,71,4
20190713/user5/user5-3-65-r1.dat,5,3,65,1
20190713/user5/user5-1-89-r2.dat,5,1,89,2
20190713/user5/user5-3-87-r5.dat,5,3,87,5
20190713/user5/user5-2-24-r4.dat,5,2,24,4
20190713/user5/user5-1-19-r3.dat,5,1,19,3
20190713/user5/user5-1-38-r3.dat,5,1,38,3
20190713/user5/user5-2-15-r2.dat,5,2,15,2
20190713/user5/user5-3-50-r4.dat,5,3,50,4
20190713/user5/user5-3-10-r2.dat,5,3,10,2
20190713/user5/user5-4-95-r3.dat,5,4,95,3
20190713/user5/user5-3-8-r4.dat,5,3,8,4
20190713/user5/user5-4-50-r2.dat,5,4,50,2
20190713/user5/user5-2-55-r4.dat,5,2,55,4
20190713/user5/user5-4-29-r4.dat,5,4,29,4
20190713/user5/user5-3-93-r4.dat,5,3,93,4
20190713/user5/user5-4-50-r5.dat,5,4,50,5
20190713/user5/user5-1-35-r6.dat,5,1,35,6
20190713/user5/user5-3-29-r6.dat,5,3,29,6
20190713/user5/user5-2-13-r4.dat,5,2,13,4
20190713/user5/user5-4-14-r4.dat,5,4,14,4
20190713/user5/user5-4-9-r4.dat,5,4,9,4
20190713/user5/user5-4-55-r6.dat,5,4,55,6
20190713/user5/user5-3-53-r2.dat,5,3,53,2
20190713/user5/user5-1-83-r1.dat,5,1,83,1
20190713/user5/user5-1-25-r1.dat,5,1,25,1
20190713/user5/user5-3-64-r2.dat,5,3,64,2
20190713/user5/user5-4-37-r3.dat,5,4,37,3
20190713/user5/user5-3-70-r6.dat,5,3,70,6
20190713/user5/user5-3-56-r1.dat,5,3,56,1
20190713/user5/user5-2-90-r5.dat,5,2,90,5
20190713/user5/user5-2-58-r3.dat,5,2,58,3
20190713/user5/user5-3-17-r4.dat,5,3,17,4
20190713/user5/user5-3-92-r6.dat,5,3,92,6
20190713/user5/user5-2-22-r5.dat,5,2,22,5
20190713/user5/user5-4-11-r3.dat,5,4,11,3
20190713/user5/user5-3-94-r2.dat,5,3,94,2
20190713/user5/user5-4-57-r4.dat,5,4,57,4
20190713/user5/user5-3-34-r6.dat,5,3,34,6
20190713/user5/user5-2-35-r5.dat,5,2,35,5
20190713/user5/user5-2-98-r3.dat,5,2,98,3
20190713/user5/user5-1-56-r4.dat,5,1,56,4
20190713/user5/user5-2-75-r2.dat,5,2,75,2
20190713/user5/user5-3-100-r3.dat,5,3,100,3
20190713/user5/user5-2-30-r3.dat,5,2,30,3
20190713/user5/user5-2-53-r3.dat,5,2,53,3
20190713/user5/user5-1-3-r3.dat,5,1,3,3
20190713/user5/user5-1-63-r3.dat,5,1,63,3
20190713/user5/user5-2-65-r2.dat,5,2,65,2
20190713/user5/user5-3-15-r4.dat,5,3,15,4
20190713/user5/user5-4-1-r5.dat,5,4,1,5
20190713/user5/user5-2-40-r4.dat,5,2,40,4
20190713/user5/user5-2-9-r2.dat,5,2,9,2
20190713/user5/user5-3-80-r4.dat,5,3,80,4
20190713/user5/user5-3-55-r4.dat,5,3,55,4
20190713/user5/user5-1-1-r6.dat,5,1,1,6
20190713/user5/user5-4-95-r6.dat,5,4,95,6
20190713/user5/user5-1-61-r4.dat,5,1,61,4
20190713/user5/user5-1-51-r5.dat,5,1,51,5
20190713/user5/user5-3-12-r4.dat,5,3,12,4
20190713/user5/user5-1-72-r4.dat,5,1,72,4
20190713/user5/user5-2-1-r3.dat,5,2,1,3
20190713/user5/user5-3-49-r6.dat,5,3,49,6
20190713/user5/user5-3-11-r4.dat,5,3,11,4
20190713/user5/user5-2-38-r6.dat,5,2,38,6
20190713/user5/user5-3-87-r4.dat,5,3,87,4
20190713/user5/user5-2-67-r1.dat,5,2,67,1
20190713/user5/user5-1-56-r3.dat,5,1,56,3
20190713/user5/user5-1-11-r5.dat,5,1,11,5
20190713/user5/user5-1-62-r4.dat,5,1,62,4
20190713/user5/user5-2-97-r3.dat,5,2,97,3
20190713/user5/user5-2-3-r4.dat,5,2,3,4
20190713/user5/user5-4-31-r1.dat,5,4,31,1
20190713/user5/user5-3-50-r5.dat,5,3,50,5
20190713/user5/user5-3-54-r4.dat,5,3,54,4
20190713/user5/user5-4-24-r2.dat,5,4,24,2
20190713/user5/user5-2-88-r5.dat,5,2,88,5
20190713/user5/user5-4-21-r2.dat,5,4,21,2
20190713/user5/user5-2-39-r1.dat,5,2,39,1
20190713/user5/user5-2-27-r5.dat,5,2,27,5
20190713/user5/user5-3-52-r2.dat,5,3,52,2
20190713/user5/user5-4-75-r4.dat,5,4,75,4
20190713/user5/user5-2-57-r5.dat,5,2,57,5
20190713/user5/user5-3-13-r1.dat,5,3,13,1
20190713/user5/user5-4-25-r5.dat,5,4,25,5
20190713/user5/user5-2-16-r2.dat,5,2,16,2
20190713/user5/user5-1-55-r2.dat,5,1,55,2
20190713/user5/user5-4-33-r3.dat,5,4,33,3
20190713/user5/user5-3-29-r3.dat,5,3,29,3
20190713/user5/user5-1-17-r2.dat,5,1,17,2
20190713/user5/user5-2-71-r2.dat,5,2,71,2
20190713/user5/user5-1-63-r2.dat,5,1,63,2
20190713/user5/user5-3-15-r2.dat,5,3,15,2
20190713/user5/user5-1-48-r5.dat,5,1,48,5
20190713/user5/user5-3-25-r4.dat,5,3,25,4
20190713/user5/user5-4-21-r3.dat,5,4,21,3
20190713/user5/user5-4-26-r3.dat,5,4,26,3
20190713/user5/user5-2-52-r3.dat,5,2,52,3
20190713/user5/user5-3-67-r2.dat,5,3,67,2
20190713/user5/user5-3-78-r5.dat,5,3,78,5
20190713/user5/user5-3-34-r2.dat,5,3,34,2
20190713/user5/user5-1-32-r1.dat,5,1,32,1
20190713/user5/user5-3-4-r2.dat,5,3,4,2
20190713/user5/user5-2-98-r4.dat,5,2,98,4
20190713/user5/user5-4-44-r6.dat,5,4,44,6
20190713/user5/user5-1-42-r3.dat,5,1,42,3
20190713/user5/user5-2-96-r6.dat,5,2,96,6
20190713/user5/user5-3-67-r1.dat,5,3,67,1
20190713/user5/user5-4-44-r1.dat,5,4,44,1
20190713/user5/user5-3-11-r2.dat,5,3,11,2
20190713/user5/user5-4-12-r4.dat,5,4,12,4
20190713/user5/user5-1-76-r4.dat,5,1,76,4
20190713/user5/user5-4-9-r2.dat,5,4,9,2
20190713/user5/user5-3-5-r1.dat,5,3,5,1
20190713/user5/user5-1-48-r2.dat,5,1,48,2
20190713/user5/user5-4-28-r4.dat,5,4,28,4
20190713/user5/user5-2-71-r6.dat,5,2,71,6
20190713/user5/user5-2-75-r3.dat,5,2,75,3
20190713/user5/user5-4-24-r1.dat,5,4,24,1
20190713/user5/user5-4-75-r6.dat,5,4,75,6
20190713/user5/user5-4-70-r1.dat,5,4,70,1
20190713/user5/user5-2-83-r5.dat,5,2,83,5
20190713/user5/user5-4-50-r1.dat,5,4,50,1
20190713/user5/user5-3-95-r1.dat,5,3,95,1
20190713/user5/user5-3-61-r1.dat,5,3,61,1
20190713/user5/user5-1-60-r4.dat,5,1,60,4
20190713/user5/user5-3-60-r6.dat,5,3,60,6
20190713/user5/user5-1-42-r4.dat,5,1,42,4
20190713/user5/user5-1-73-r5.dat,5,1,73,5
20190713/user5/user5-2-12-r2.dat,5,2,12,2
20190713/user5/user5-3-65-r6.dat,5,3,65,6
20190713/user5/user5-3-66-r3.dat,5,3,66,3
20190713/user5/user5-3-90-r3.dat,5,3,90,3
20190713/user5/user5-1-92-r3.dat,5,1,92,3
20190713/user5/user5-3-94-r6.dat,5,3,94,6
20190713/user5/user5-4-8-r6.dat,5,4,8,6
20190713/user5/user5-3-41-r3.dat,5,3,41,3
20190713/user5/user5-3-79-r5.dat,5,3,79,5
20190713/user5/user5-2-60-r3.dat,5,2,60,3
20190713/user5/user5-1-49-r6.dat,5,1,49,6
20190713/user5/user5-2-15-r5.dat,5,2,15,5
20190713/user5/user5-4-44-r4.dat,5,4,44,4
20190713/user5/user5-3-85-r4.dat,5,3,85,4
20190713/user5/user5-3-85-r1.dat,5,3,85,1
20190713/user5/user5-4-78-r2.dat,5,4,78,2
20190713/user5/user5-1-60-r6.dat,5,1,60,6
20190713/user5/user5-3-25-r2.dat,5,3,25,2
20190713/user5/user5-4-45-r3.dat,5,4,45,3
20190713/user5/user5-1-56-r6.dat,5,1,56,6
20190713/user5/user5-3-12-r1.dat,5,3,12,1
20190713/user5/user5-2-89-r5.dat,5,2,89,5
20190713/user5/user5-4-78-r4.dat,5,4,78,4
20190713/user5/user5-3-100-r5.dat,5,3,100,5
20190713/user5/user5-3-42-r1.dat,5,3,42,1
20190713/user5/user5-2-72-r3.dat,5,2,72,3
20190713/user5/user5-3-55-r6.dat,5,3,55,6
20190713/user5/user5-3-70-r4.dat,5,3,70,4
20190713/user5/user5-2-21-r3.dat,5,2,21,3
20190713/user5/user5-4-63-r3.dat,5,4,63,3
20190713/user5/user5-2-9-r1.dat,5,2,9,1
20190713/user5/user5-2-17-r4.dat,5,2,17,4
20190713/user5/user5-4-80-r4.dat,5,4,80,4
20190713/user5/user5-2-52-r1.dat,5,2,52,1
20190713/user5/user5-2-83-r4.dat,5,2,83,4
20190713/user5/user5-3-46-r1.dat,5,3,46,1
20190713/user5/user5-3-4-r5.dat,5,3,4,5
20190713/user5/user5-3-81-r3.dat,5,3,81,3
20190713/user5/user5-3-35-r3.dat,5,3,35,3
20190713/user5/user5-1-91-r5.dat,5,1,91,5
20190713/user5/user5-3-26-r2.dat,5,3,26,2
20190713/user5/user5-3-54-r3.dat,5,3,54,3
20190713/user5/user5-3-10-r1.dat,5,3,10,1
20190713/user5/user5-2-99-r4.dat,5,2,99,4
20190713/user5/user5-2-33-r3.dat,5,2,33,3
20190713/user5/user5-3-8-r2.dat,5,3,8,2
20190713/user5/user5-1-10-r3.dat,5,1,10,3
20190713/user5/user5-2-16-r6.dat,5,2,16,6
20190713/user5/user5-4-77-r1.dat,5,4,77,1
20190713/user5/user5-3-42-r2.dat,5,3,42,2
20190713/user5/user5-4-88-r1.dat,5,4,88,1
20190713/user5/user5-1-32-r6.dat,5,1,32,6
20190713/user5/user5-4-88-r4.dat,5,4,88,4
20190713/user5/user5-1-88-r1.dat,5,1,88,1
20190713/user5/user5-4-23-r4.dat,5,4,23,4
20190713/user5/user5-1-7-r4.dat,5,1,7,4
20190713/user5/user5-1-35-r3.dat,5,1,35,3
20190713/user5/user5-3-33-r4.dat,5,3,33,4
20190713/user5/user5-4-10-r6.dat,5,4,10,6
20190713/user5/user5-4-19-r6.dat,5,4,19,6
20190713/user5/user5-2-31-r1.dat,5,2,31,1
20190713/user5/user5-4-96-r3.dat,5,4,96,3
20190713/user5/user5-2-40-r2.dat,5,2,40,2
20190713/user5/user5-3-64-r4.dat,5,3,64,4
20190713/user5/user5-2-42-r2.dat,5,2,42,2
20190713/user5/user5-3-19-r1.dat,5,3,19,1
20190713/user5/user5-1-97-r3.dat,5,1,97,3
20190713/user5/user5-1-72-r5.dat,5,1,72,5
20190713/user5/user5-2-38-r2.dat,5,2,38,2
20190713/user5/user5-3-22-r3.dat,5,3,22,3
20190713/user5/user5-1-37-r1.dat,5,1,37,1
20190713/user5/user5-1-30-r5.dat,5,1,30,5
20190713/user5/user5-3-69-r5.dat,5,3,69,5
20190713/user5/user5-2-57-r2.dat,5,2,57,2
20190713/user5/user5-4-28-r1.dat,5,4,28,1
20190713/user5/user5-1-52-r5.dat,5,1,52,5
20190713/user5/user5-3-1-r1.dat,5,3,1,1
20190713/user5/user5-3-79-r1.dat,5,3,79,1
20190713/user5/user5-4-25-r4.dat,5,4,25,4
20190713/user5/user5-4-5-r1.dat,5,4,5,1
20190713/user5/user5-2-69-r1.dat,5,2,69,1
20190713/user5/user5-2-86-r5.dat,5,2,86,5
20190713/user5/user5-4-24-r3.dat,5,4,24,3
20190713/user5/user5-3-51-r5.dat,5,3,51,5
20190713/user5/user5-1-30-r1.dat,5,1,30,1
20190713/user5/user5-3-48-r3.dat,5,3,48,3
20190713/user5/user5-3-62-r5.dat,5,3,62,5
20190713/user5/user5-3-82-r4.dat,5,3,82,4
20190713/user5/user5-3-77-r3.dat,5,3,77,3
20190713/user5/user5-4-65-r4.dat,5,4,65,4
20190713/user5/user5-3-34-r3.dat,5,3,34,3
20190713/user5/user5-1-62-r1.dat,5,1,62,1
20190713/user5/user5-4-80-r6.dat,5,4,80,6
20190713/user5/user5-1-82-r3.dat,5,1,82,3
20190713/user5/user5-4-36-r5.dat,5,4,36,5
20190713/user5/user5-3-41-r2.dat,5,3,41,2
20190713/user5/user5-4-26-r1.dat,5,4,26,1
20190713/user5/user5-1-1-r3.dat,5,1,1,3
20190713/user5/user5-2-84-r4.dat,5,2,84,4
20190713/user5/user5-2-41-r6.dat,5,2,41,6
20190713/user5/user5-2-88-r3.dat,5,2,88,3
20190713/user5/user5-3-23-r3.dat,5,3,23,3
20190713/user5/user5-3-94-r4.dat,5,3,94,4
20190713/user5/user5-2-30-r2.dat,5,2,30,2
20190713/user5/user5-2-45-r5.dat,5,2,45,5
20190713/user5/user5-2-52-r5.dat,5,2,52,5
20190713/user5/user5-1-19-r1.dat,5,1,19,1
20190713/user5/user5-2-11-r5.dat,5,2,11,5
20190713/user5/user5-4-63-r5.dat,5,4,63,5
20190713/user5/user5-1-54-r1.dat,5,1,54,1
20190713/user5/user5-1-78-r1.dat,5,1,78,1
20190713/user5/user5-2-67-r4.dat,5,2,67,4
20190713/user5/user5-2-43-r1.dat,5,2,43,1
20190713/user5/user5-2-4-r4.dat,5,2,4,4
20190713/user5/user5-1-89-r3.dat,5,1,89,3
20190713/user5/user5-3-8-r5.dat,5,3,8,5
20190713/user5/user5-2-12-r3.dat,5,2,12,3
20190713/user5/user5-3-79-r6.dat,5,3,79,6
20190713/user5/user5-3-66-r1.dat,5,3,66,1
20190713/user5/user5-3-22-r4.dat,5,3,22,4
20190713/user5/user5-2-7-r6.dat,5,2,7,6
20190713/user5/user5-3-2-r3.dat,5,3,2,3
20190713/user5/user5-2-64-r6.dat,5,2,64,6
20190713/user5/user5-2-28-r2.dat,5,2,28,2
20190713/user5/user5-1-51-r4.dat,5,1,51,4
20190713/user5/user5-1-23-r3.dat,5,1,23,3
20190713/user5/user5-1-68-r1.dat,5,1,68,1
20190713/user5/user5-3-63-r2.dat,5,3,63,2
20190713/user5/user5-2-70-r4.dat,5,2,70,4
20190713/user5/user5-4-10-r5.dat,5,4,10,5
20190713/user5/user5-1-49-r4.dat,5,1,49,4
20190713/user5/user5-4-94-r2.dat,5,4,94,2
20190713/user5/user5-1-30-r6.dat,5,1,30,6
20190713/user5/user5-1-69-r2.dat,5,1,69,2
20190713/user5/user5-3-40-r2.dat,5,3,40,2
20190713/user5/user5-1-90-r6.dat,5,1,90,6
20190713/user5/user5-1-77-r2.dat,5,1,77,2
20190713/user5/user5-1-30-r3.dat,5,1,30,3
20190713/user5/user5-4-86-r6.dat,5,4,86,6
20190713/user5/user5-4-10-r1.dat,5,4,10,1
20190713/user5/user5-2-60-r4.dat,5,2,60,4
20190713/user5/user5-2-10-r5.dat,5,2,10,5
20190713/user5/user5-3-85-r6.dat,5,3,85,6
20190713/user5/user5-3-41-r6.dat,5,3,41,6
20190713/user5/user5-3-31-r3.dat,5,3,31,3
20190713/user5/user5-1-10-r2.dat,5,1,10,2
20190713/user5/user5-3-90-r1.dat,5,3,90,1
20190713/user5/user5-4-35-r2.dat,5,4,35,2
20190713/user5/user5-4-91-r5.dat,5,4,91,5
20190713/user5/user5-1-38-r1.dat,5,1,38,1
20190713/user5/user5-4-3-r3.dat,5,4,3,3
20190713/user5/user5-2-100-r6.dat,5,2,100,6
20190713/user5/user5-1-52-r2.dat,5,1,52,2
20190713/user5/user5-4-37-r6.dat,5,4,37,6
20190713/user5/user5-1-25-r4.dat,5,1,25,4
20190713/user5/user5-3-73-r4.dat,5,3,73,4
20190713/user5/user5-1-10-r6.dat,5,1,10,6
20190713/user5/user5-1-33-r2.dat,5,1,33,2
20190713/user5/user5-2-38-r5.dat,5,2,38,5
20190713/user5/user5-2-50-r5.dat,5,2,50,5
20190713/user5/user5-1-91-r4.dat,5,1,91,4
20190713/user5/user5-2-21-r4.dat,5,2,21,4
20190713/user5/user5-4-25-r6.dat,5,4,25,6
20190713/user5/user5-4-39-r2.dat,5,4,39,2
20190713/user5/user5-1-92-r4.dat,5,1,92,4
20190713/user5/user5-2-97-r1.dat,5,2,97,1
20190713/user5/user5-2-81-r2.dat,5,2,81,2
20190713/user5/user5-4-11-r1.dat,5,4,11,1
20190713/user5/user5-3-54-r6.dat,5,3,54,6
20190713/user5/user5-1-32-r5.dat,5,1,32,5
20190713/user5/user5-3-73-r2.dat,5,3,73,2
20190713/user5/user5-1-63-r4.dat,5,1,63,4
20190713/user5/user5-2-28-r1.dat,5,2,28,1
20190713/user5/user5-3-73-r1.dat,5,3,73,1
20190713/user5/user5-2-40-r1.dat,5,2,40,1
20190713/user5/user5-2-12-r5.dat,5,2,12,5
20190713/user5/user5-1-10-r4.dat,5,1,10,4
20190713/user5/user5-2-32-r4.dat,5,2,32,4
20190713/user5/user5-3-88-r6.dat,5,3,88,6
20190713/user5/user5-3-52-r5.dat,5,3,52,5
20190713/user5/user5-2-70-r3.dat,5,2,70,3
20190713/user5/user5-4-54-r3.dat,5,4,54,3
20190713/user5/user5-3-1-r3.dat,5,3,1,3
20190713/user5/user5-1-53-r5.dat,5,1,53,5
20190713/user5/user5-2-24-r1.dat,5,2,24,1
20190713/user5/user5-4-80-r5.dat,5,4,80,5
20190713/user5/user5-3-89-r1.dat,5,3,89,1
20190713/user5/user5-4-87-r3.dat,5,4,87,3
20190713/user5/user5-1-91-r1.dat,5,1,91,1
20190713/user5/user5-2-74-r1.dat,5,2,74,1
20190713/user5/user5-1-32-r2.dat,5,1,32,2
20190713/user5/user5-2-29-r2.dat,5,2,29,2
20190713/user5/user5-3-30-r5.dat,5,3,30,5
20190713/user5/user5-4-22-r4.dat,5,4,22,4
20190713/user5/user5-3-73-r6.dat,5,3,73,6
20190713/user5/user5-1-90-r5.dat,5,1,90,5
20190713/user5/user5-2-50-r4.dat,5,2,50,4
20190713/user5/user5-3-81-r5.dat,5,3,81,5
20190713/user5/user5-4-64-r3.dat,5,4,64,3
20190713/user5/user5-1-26-r2.dat,5,1,26,2
20190713/user5/user5-3-84-r3.dat,5,3,84,3
20190713/user5/user5-1-100-r2.dat,5,1,100,2
20190713/user5/user5-4-34-r2.dat,5,4,34,2
20190713/user5/user5-2-73-r2.dat,5,2,73,2
20190713/user5/user5-2-84-r3.dat,5,2,84,3
20190713/user5/user5-1-23-r6.dat,5,1,23,6
20190713/user5/user5-3-16-r5.dat,5,3,16,5
20190713/user5/user5-3-70-r2.dat,5,3,70,2
20190713/user5/user5-4-21-r4.dat,5,4,21,4
20190713/user5/user5-4-50-r6.dat,5,4,50,6
20190713/user5/user5-4-14-r5.dat,5,4,14,5
20190713/user5/user5-4-28-r6.dat,5,4,28,6
20190713/user5/user5-4-1-r6.dat,5,4,1,6
20190713/user5/user5-2-81-r5.dat,5,2,81,5
20190713/user5/user5-2-37-r5.dat,5,2,37,5
20190713/user5/user5-1-74-r6.dat,5,1,74,6
20190713/user5/user5-1-9-r4.dat,5,1,9,4
20190713/user5/user5-4-2-r5.dat,5,4,2,5
20190713/user5/user5-2-15-r6.dat,5,2,15,6
20190713/user5/user5-4-42-r6.dat,5,4,42,6
20190713/user5/user5-2-43-r2.dat,5,2,43,2
20190713/user5/user5-2-57-r1.dat,5,2,57,1
20190713/user5/user5-2-31-r3.dat,5,2,31,3
20190713/user5/user5-3-92-r5.dat,5,3,92,5
20190713/user5/user5-2-29-r1.dat,5,2,29,1
20190713/user5/user5-1-94-r4.dat,5,1,94,4
20190713/user5/user5-3-75-r1.dat,5,3,75,1
20190713/user5/user5-1-61-r3.dat,5,1,61,3
20190713/user5/user5-4-91-r2.dat,5,4,91,2
20190713/user5/user5-2-23-r1.dat,5,2,23,1
20190713/user5/user5-2-40-r3.dat,5,2,40,3
20190713/user5/user5-4-82-r2.dat,5,4,82,2
20190713/user5/user5-3-35-r5.dat,5,3,35,5
20190713/user5/user5-1-99-r5.dat,5,1,99,5
20190713/user5/user5-3-72-r5.dat,5,3,72,5
20190713/user5/user5-4-46-r1.dat,5,4,46,1
20190713/user5/user5-2-69-r4.dat,5,2,69,4
20190713/user5/user5-1-95-r6.dat,5,1,95,6
20190713/user5/user5-1-94-r2.dat,5,1,94,2
20190713/user5/user5-2-67-r6.dat,5,2,67,6
20190713/user5/user5-1-22-r5.dat,5,1,22,5
20190713/user5/user5-2-51-r4.dat,5,2,51,4
20190713/user5/user5-4-52-r5.dat,5,4,52,5
20190713/user5/user5-3-86-r5.dat,5,3,86,5
20190713/user5/user5-2-64-r1.dat,5,2,64,1
20190713/user5/user5-1-83-r2.dat,5,1,83,2
20190713/user5/user5-1-25-r6.dat,5,1,25,6
20190713/user5/user5-4-59-r3.dat,5,4,59,3
20190713/user5/user5-4-58-r2.dat,5,4,58,2
20190713/user5/user5-4-35-r5.dat,5,4,35,5
20190713/user5/user5-2-15-r1.dat,5,2,15,1
20190713/user5/user5-4-55-r4.dat,5,4,55,4
20190713/user5/user5-4-95-r5.dat,5,4,95,5
20190713/user5/user5-3-31-r5.dat,5,3,31,5
20190713/user5/user5-4-18-r2.dat,5,4,18,2
20190713/user5/user5-3-68-r6.dat,5,3,68,6
20190713/user5/user5-3-2-r2.dat,5,3,2,2
20190713/user5/user5-1-58-r3.dat,5,1,58,3
20190713/user5/user5-2-44-r5.dat,5,2,44,5
20190713/user5/user5-3-17-r2.dat,5,3,17,2
20190713/user5/user5-4-51-r1.dat,5,4,51,1
20190713/user5/user5-4-32-r2.dat,5,4,32,2
20190713/user5/user5-1-7-r5.dat,5,1,7,5
20190713/user5/user5-3-32-r4.dat,5,3,32,4
20190713/user5/user5-1-69-r3.dat,5,1,69,3
20190713/user5/user5-4-51-r5.dat,5,4,51,5
20190713/user5/user5-1-80-r6.dat,5,1,80,6
20190713/user5/user5-2-91-r4.dat,5,2,91,4
20190713/user5/user5-3-31-r6.dat,5,3,31,6
20190713/user5/user5-2-6-r2.dat,5,2,6,2
20190713/user5/user5-3-29-r2.dat,5,3,29,2
20190713/user5/user5-3-64-r5.dat,5,3,64,5
20190713/user5/user5-4-2-r3.dat,5,4,2,3
20190713/user5/user5-3-68-r5.dat,5,3,68,5
20190713/user5/user5-2-22-r6.dat,5,2,22,6
20190713/user5/user5-1-62-r3.dat,5,1,62,3
20190713/user5/user5-1-40-r4.dat,5,1,40,4
20190713/user5/user5-4-88-r5.dat,5,4,88,5
20190713/user5/user5-1-59-r3.dat,5,1,59,3
20190713/user5/user5-3-14-r3.dat,5,3,14,3
20190713/user5/user5-2-18-r1.dat,5,2,18,1
20190713/user5/user5-2-98-r5.dat,5,2,98,5
20190713/user5/user5-1-47-r6.dat,5,1,47,6
20190713/user5/user5-3-54-r1.dat,5,3,54,1
20190713/user5/user5-3-84-r5.dat,5,3,84,5
20190713/user5/user5-2-71-r4.dat,5,2,71,4
20190713/user5/user5-1-31-r4.dat,5,1,31,4
20190713/user5/user5-1-31-r6.dat,5,1,31,6
20190713/user5/user5-1-67-r2.dat,5,1,67,2
20190713/user5/user5-2-55-r2.dat,5,2,55,2
20190713/user5/user5-3-83-r4.dat,5,3,83,4
20190713/user5/user5-4-2-r6.dat,5,4,2,6
20190713/user5/user5-4-30-r3.dat,5,4,30,3
20190713/user5/user5-2-13-r2.dat,5,2,13,2
20190713/user5/user5-3-80-r1.dat,5,3,80,1
20190713/user5/user5-4-29-r2.dat,5,4,29,2
20190713/user5/user5-4-58-r6.dat,5,4,58,6
20190713/user5/user5-1-53-r2.dat,5,1,53,2
20190713/user5/user5-3-70-r3.dat,5,3,70,3
20190713/user5/user5-4-85-r6.dat,5,4,85,6
20190713/user5/user5-1-80-r5.dat,5,1,80,5
20190713/user5/user5-3-9-r4.dat,5,3,9,4
20190713/user5/user5-2-37-r6.dat,5,2,37,6
20190713/user5/user5-3-20-r6.dat,5,3,20,6
20190713/user5/user5-1-55-r6.dat,5,1,55,6
20190713/user5/user5-4-45-r6.dat,5,4,45,6
20190713/user5/user5-3-88-r5.dat,5,3,88,5
20190713/user5/user5-3-4-r3.dat,5,3,4,3
20190713/user5/user5-3-90-r5.dat,5,3,90,5
20190713/user5/user5-2-100-r1.dat,5,2,100,1
20190713/user5/user5-1-3-r2.dat,5,1,3,2
20190713/user5/user5-4-92-r5.dat,5,4,92,5
20190713/user5/user5-4-35-r6.dat,5,4,35,6
20190713/user5/user5-4-94-r3.dat,5,4,94,3
20190713/user5/user5-3-56-r2.dat,5,3,56,2
20190713/user5/user5-2-14-r5.dat,5,2,14,5
20190713/user5/user5-3-27-r6.dat,5,3,27,6
20190713/user5/user5-4-86-r3.dat,5,4,86,3
20190713/user5/user5-3-79-r4.dat,5,3,79,4
20190713/user5/user5-3-3-r1.dat,5,3,3,1
20190713/user5/user5-3-28-r5.dat,5,3,28,5
20190713/user5/user5-3-98-r6.dat,5,3,98,6
20190713/user5/user5-1-36-r6.dat,5,1,36,6
20190713/user5/user5-3-46-r2.dat,5,3,46,2
20190713/user5/user5-3-22-r2.dat,5,3,22,2
20190713/user5/user5-2-65-r4.dat,5,2,65,4
20190713/user5/user5-3-47-r5.dat,5,3,47,5
20190713/user5/user5-3-66-r6.dat,5,3,66,6
20190713/user5/user5-4-13-r6.dat,5,4,13,6
20190713/user5/user5-4-80-r1.dat,5,4,80,1
20190713/user5/user5-3-69-r1.dat,5,3,69,1
20190713/user5/user5-2-66-r5.dat,5,2,66,5
20190713/user5/user5-1-5-r2.dat,5,1,5,2
20190713/user5/user5-3-47-r4.dat,5,3,47,4
20190713/user5/user5-1-76-r3.dat,5,1,76,3
20190713/user5/user5-3-93-r3.dat,5,3,93,3
20190713/user5/user5-4-65-r1.dat,5,4,65,1
20190713/user5/user5-4-39-r5.dat,5,4,39,5
20190713/user5/user5-4-79-r5.dat,5,4,79,5
20190713/user5/user5-1-77-r6.dat,5,1,77,6
20190713/user5/user5-2-28-r4.dat,5,2,28,4
20190713/user5/user5-3-11-r5.dat,5,3,11,5
20190713/user5/user5-2-73-r3.dat,5,2,73,3
20190713/user5/user5-2-80-r5.dat,5,2,80,5
20190713/user5/user5-2-53-r6.dat,5,2,53,6
20190713/user5/user5-2-11-r4.dat,5,2,11,4
20190713/user5/user5-2-86-r1.dat,5,2,86,1
20190713/user5/user5-1-43-r2.dat,5,1,43,2
20190713/user5/user5-4-43-r5.dat,5,4,43,5
20190713/user5/user5-3-100-r4.dat,5,3,100,4
20190713/user5/user5-3-17-r6.dat,5,3,17,6
20190713/user5/user5-4-30-r1.dat,5,4,30,1
20190713/user5/user5-3-61-r4.dat,5,3,61,4
20190713/user5/user5-1-75-r5.dat,5,1,75,5
20190713/user5/user5-2-14-r4.dat,5,2,14,4
20190713/user5/user5-1-23-r1.dat,5,1,23,1
20190713/user5/user5-3-8-r3.dat,5,3,8,3
20190713/user5/user5-4-23-r1.dat,5,4,23,1
20190713/user5/user5-2-84-r2.dat,5,2,84,2
20190713/user5/user5-1-69-r1.dat,5,1,69,1
20190713/user5/user5-4-50-r3.dat,5,4,50,3
20190713/user5/user5-4-30-r6.dat,5,4,30,6
20190713/user5/user5-3-68-r3.dat,5,3,68,3
20190713/user5/user5-3-12-r3.dat,5,3,12,3
20190713/user5/user5-1-31-r2.dat,5,1,31,2
20190713/user5/user5-4-71-r5.dat,5,4,71,5
20190713/user5/user5-4-88-r6.dat,5,4,88,6
20190713/user5/user5-1-7-r3.dat,5,1,7,3
20190713/user5/user5-2-67-r3.dat,5,2,67,3
20190713/user5/user5-1-47-r5.dat,5,1,47,5
20190713/user5/user5-4-93-r2.dat,5,4,93,2
20190713/user5/user5-3-92-r1.dat,5,3,92,1
20190713/user5/user5-1-39-r6.dat,5,1,39,6
20190713/user5/user5-2-20-r5.dat,5,2,20,5
20190713/user5/user5-2-32-r3.dat,5,2,32,3
20190713/user5/user5-2-59-r1.dat,5,2,59,1
20190713/user5/user5-3-40-r3.dat,5,3,40,3
20190713/user5/user5-4-69-r4.dat,5,4,69,4
20190713/user5/user5-3-65-r2.dat,5,3,65,2
20190713/user5/user5-3-80-r5.dat,5,3,80,5
20190713/user5/user5-2-34-r1.dat,5,2,34,1
20190713/user5/user5-4-20-r5.dat,5,4,20,5
20190713/user5/user5-1-57-r5.dat,5,1,57,5
20190713/user5/user5-2-34-r2.dat,5,2,34,2
20190713/user5/user5-1-36-r2.dat,5,1,36,2
20190713/user5/user5-2-31-r4.dat,5,2,31,4
20190713/user5/user5-2-41-r5.dat,5,2,41,5
20190713/user5/user5-3-5-r6.dat,5,3,5,6
20190713/user5/user5-3-62-r1.dat,5,3,62,1
20190713/user5/user5-2-75-r5.dat,5,2,75,5
20190713/user5/user5-3-26-r5.dat,5,3,26,5
20190713/user5/user5-4-38-r4.dat,5,4,38,4
20190713/user5/user5-3-85-r3.dat,5,3,85,3
20190713/user5/user5-1-18-r6.dat,5,1,18,6
20190713/user5/user5-2-56-r4.dat,5,2,56,4
20190713/user5/user5-3-19-r2.dat,5,3,19,2
20190713/user5/user5-2-76-r4.dat,5,2,76,4
20190713/user5/user5-2-74-r5.dat,5,2,74,5
20190713/user5/user5-1-35-r1.dat,5,1,35,1
20190713/user5/user5-3-87-r2.dat,5,3,87,2
20190713/user5/user5-2-80-r3.dat,5,2,80,3
20190713/user5/user5-2-45-r3.dat,5,2,45,3
20190713/user5/user5-4-25-r2.dat,5,4,25,2
20190713/user5/user5-4-43-r1.dat,5,4,43,1
20190713/user5/user5-2-28-r5.dat,5,2,28,5
20190713/user5/user5-2-72-r6.dat,5,2,72,6
20190713/user5/user5-1-75-r1.dat,5,1,75,1
20190713/user5/user5-3-86-r6.dat,5,3,86,6
20190713/user5/user5-2-88-r1.dat,5,2,88,1
20190713/user5/user5-2-23-r5.dat,5,2,23,5
20190713/user5/user5-4-86-r5.dat,5,4,86,5
20190713/user5/user5-1-91-r6.dat,5,1,91,6
20190713/user5/user5-1-92-r6.dat,5,1,92,6
20190713/user5/user5-3-47-r2.dat,5,3,47,2
20190713/user5/user5-2-34-r3.dat,5,2,34,3
20190713/user5/user5-4-45-r2.dat,5,4,45,2
20190713/user5/user5-4-28-r3.dat,5,4,28,3
20190713/user5/user5-3-75-r3.dat,5,3,75,3
20190713/user5/user5-2-53-r1.dat,5,2,53,1
20190713/user5/user5-3-83-r1.dat,5,3,83,1
20190713/user5/user5-3-40-r4.dat,5,3,40,4
20190713/user5/user5-3-13-r3.dat,5,3,13,3
20190713/user5/user5-1-10-r5.dat,5,1,10,5
20190713/user5/user5-2-74-r6.dat,5,2,74,6
20190713/user5/user5-4-53-r1.dat,5,4,53,1
20190713/user5/user5-3-76-r3.dat,5,3,76,3
20190713/user5/user5-4-78-r3.dat,5,4,78,3
20190713/user5/user5-1-81-r2.dat,5,1,81,2
20190713/user5/user5-4-30-r4.dat,5,4,30,4
20190713/user5/user5-1-87-r6.dat,5,1,87,6
20190713/user5/user5-1-38-r6.dat,5,1,38,6
20190713/user5/user5-2-11-r3.dat,5,2,11,3
20190713/user5/user5-1-88-r4.dat,5,1,88,4
20190713/user5/user5-4-76-r3.dat,5,4,76,3
20190713/user5/user5-3-52-r1.dat,5,3,52,1
20190713/user5/user5-1-12-r2.dat,5,1,12,2
20190713/user5/user5-3-30-r1.dat,5,3,30,1
20190713/user5/user5-1-18-r4.dat,5,1,18,4
20190713/user5/user5-4-91-r1.dat,5,4,91,1
20190713/user5/user5-4-36-r2.dat,5,4,36,2
20190713/user5/user5-4-30-r2.dat,5,4,30,2
20190713/user5/user5-1-82-r5.dat,5,1,82,5
20190713/user5/user5-4-14-r1.dat,5,4,14,1
20190713/user5/user5-1-30-r2.dat,5,1,30,2
20190713/user5/user5-1-37-r5.dat,5,1,37,5
20190713/user5/user5-3-50-r2.dat,5,3,50,2
20190713/user5/user5-1-43-r1.dat,5,1,43,1
20190713/user5/user5-2-68-r1.dat,5,2,68,1
20190713/user5/user5-1-68-r2.dat,5,1,68,2
20190713/user5/user5-3-93-r5.dat,5,3,93,5
20190713/user5/user5-4-55-r1.dat,5,4,55,1
20190713/user5/user5-4-76-r1.dat,5,4,76,1
20190713/user5/user5-2-67-r2.dat,5,2,67,2
20190713/user5/user5-4-33-r1.dat,5,4,33,1
20190713/user5/user5-4-90-r2.dat,5,4,90,2
20190713/user5/user5-3-92-r2.dat,5,3,92,2
20190713/user5/user5-4-94-r1.dat,5,4,94,1
20190713/user5/user5-2-55-r6.dat,5,2,55,6
20190713/user5/user5-2-70-r2.dat,5,2,70,2
20190713/user5/user5-1-70-r6.dat,5,1,70,6
20190713/user5/user5-3-85-r5.dat,5,3,85,5
20190713/user5/user5-1-82-r4.dat,5,1,82,4
20190713/user5/user5-3-39-r6.dat,5,3,39,6
20190713/user5/user5-3-53-r1.dat,5,3,53,1
20190713/user5/user5-2-4-r6.dat,5,2,4,6
20190713/user5/user5-4-26-r4.dat,5,4,26,4
20190713/user5/user5-2-55-r5.dat,5,2,55,5
20190713/user5/user5-1-81-r4.dat,5,1,81,4
20190713/user5/user5-2-56-r1.dat,5,2,56,1
20190713/user5/user5-1-18-r2.dat,5,1,18,2
20190713/user5/user5-4-69-r6.dat,5,4,69,6
20190713/user5/user5-1-73-r1.dat,5,1,73,1
20190713/user5/user5-3-77-r6.dat,5,3,77,6
20190713/user5/user5-1-54-r3.dat,5,1,54,3
20190713/user5/user5-2-16-r1.dat,5,2,16,1
20190713/user5/user5-2-45-r2.dat,5,2,45,2
20190713/user5/user5-1-93-r1.dat,5,1,93,1
20190713/user5/user5-3-87-r1.dat,5,3,87,1
20190713/user5/user5-1-61-r6.dat,5,1,61,6
20190713/user5/user5-3-88-r4.dat,5,3,88,4
20190713/user5/user5-4-31-r3.dat,5,4,31,3
20190713/user5/user5-4-55-r5.dat,5,4,55,5
20190713/user5/user5-2-40-r6.dat,5,2,40,6
20190713/user5/user5-3-13-r6.dat,5,3,13,6
20190713/user5/user5-2-65-r3.dat,5,2,65,3
20190713/user5/user5-2-66-r4.dat,5,2,66,4
20190713/user5/user5-3-83-r6.dat,5,3,83,6
20190713/user5/user5-2-97-r4.dat,5,2,97,4
20190713/user5/user5-4-5-r3.dat,5,4,5,3
20190713/user5/user5-3-80-r3.dat,5,3,80,3
20190713/user5/user5-2-17-r5.dat,5,2,17,5
20190713/user5/user5-3-63-r4.dat,5,3,63,4
20190713/user5/user5-1-96-r4.dat,5,1,96,4
20190713/user5/user5-4-23-r6.dat,5,4,23,6
20190713/user5/user5-3-16-r2.dat,5,3,16,2
20190713/user5/user5-3-71-r6.dat,5,3,71,6
20190713/user5/user5-2-76-r1.dat,5,2,76,1
20190713/user5/user5-4-36-r6.dat,5,4,36,6
20190713/user5/user5-3-36-r2.dat,5,3,36,2
20190713/user5/user5-2-89-r2.dat,5,2,89,2
20190713/user5/user5-2-29-r5.dat,5,2,29,5
20190713/user5/user5-1-74-r2.dat,5,1,74,2
20190713/user5/user5-1-58-r1.dat,5,1,58,1
20190713/user5/user5-4-42-r5.dat,5,4,42,5
20190713/user5/user5-1-53-r4.dat,5,1,53,4
20190713/user5/user5-4-65-r5.dat,5,4,65,5
20190713/user5/user5-4-45-r5.dat,5,4,45,5
20190713/user5/user5-4-44-r3.dat,5,4,44,3
20190713/user5/user5-3-15-r6.dat,5,3,15,6
20190713/user5/user5-1-69-r4.dat,5,1,69,4
20190713/user5/user5-1-74-r4.dat,5,1,74,4
20190713/user5/user5-3-84-r6.dat,5,3,84,6
20190713/user5/user5-2-80-r1.dat,5,2,80,1
20190713/user5/user5-4-32-r6.dat,5,4,32,6
20190713/user5/user5-4-11-r4.dat,5,4,11,4
20190713/user5/user5-1-11-r3.dat,5,1,11,3
20190713/user5/user5-2-98-r6.dat,5,2,98,6
20190713/user5/user5-4-32-r5.dat,5,4,32,5
20190713/user5/user5-2-18-r3.dat,5,2,18,3
20190713/user5/user5-3-48-r6.dat,5,3,48,6
20190713/user5/user5-1-72-r2.dat,5,1,72,2
20190713/user5/user5-3-53-r5.dat,5,3,53,5
20190713/user5/user5-4-92-r2.dat,5,4,92,2
20190713/user5/user5-4-25-r1.dat,5,4,25,1
20190713/user5/user5-1-4-r5.dat,5,1,4,5
20190713/user5/user5-4-76-r2.dat,5,4,76,2
20190713/user5/user5-4-31-r4.dat,5,4,31,4
20190713/user5/user5-1-96-r5.dat,5,1,96,5
20190713/user5/user5-3-35-r1.dat,5,3,35,1
20190713/user5/user5-1-100-r1.dat,5,1,100,1
20190713/user5/user5-4-11-r5.dat,5,4,11,5
20190713/user5/user5-2-1-r2.dat,5,2,1,2
20190713/user5/user5-4-71-r2.dat,5,4,71,2
20190713/user5/user5-3-18-r5.dat,5,3,18,5
20190713/user5/user5-1-98-r1.dat,5,1,98,1
20190713/user5/user5-3-21-r1.dat,5,3,21,1
20190713/user5/user5-3-14-r6.dat,5,3,14,6
20190713/user5/user5-4-57-r5.dat,5,4,57,5
20190713/user5/user5-1-99-r1.dat,5,1,99,1
20190713/user5/user5-2-42-r3.dat,5,2,42,3
20190713/user5/user5-4-56-r2.dat,5,4,56,2
20190713/user5/user5-3-40-r5.dat,5,3,40,5
20190713/user5/user5-3-40-r1.dat,5,3,40,1
20190713/user5/user5-2-44-r2.dat,5,2,44,2
20190713/user5/user5-2-33-r4.dat,5,2,33,4
20190713/user5/user5-1-80-r3.dat,5,1,80,3
20190713/user5/user5-3-71-r4.dat,5,3,71,4
20190713/user5/user5-4-45-r4.dat,5,4,45,4
20190713/user5/user5-2-13-r6.dat,5,2,13,6
20190713/user5/user5-4-31-r5.dat,5,4,31,5
20190713/user5/user5-2-36-r2.dat,5,2,36,2
20190713/user5/user5-3-75-r2.dat,5,3,75,2
20190713/user5/user5-3-18-r2.dat,5,3,18,2
20190713/user5/user5-1-57-r4.dat,5,1,57,4
20190713/user5/user5-1-97-r6.dat,5,1,97,6
20190713/user5/user5-1-93-r5.dat,5,1,93,5
20190713/user5/user5-1-3-r1.dat,5,1,3,1
20190713/user5/user5-3-47-r1.dat,5,3,47,1
20190713/user5/user5-3-90-r2.dat,5,3,90,2
20190713/user5/user5-4-23-r5.dat,5,4,23,5
20190713/user5/user5-1-92-r1.dat,5,1,92,1
20190713/user5/user5-4-51-r6.dat,5,4,51,6
20190713/user5/user5-4-9-r5.dat,5,4,9,5
20190713/user5/user5-2-56-r3.dat,5,2,56,3
20190713/user5/user5-2-100-r2.dat,5,2,100,2
20190713/user5/user5-4-90-r1.dat,5,4,90,1
20190713/user5/user5-4-65-r6.dat,5,4,65,6
20190713/user5/user5-2-10-r6.dat,5,2,10,6
20190713/user5/user5-4-32-r3.dat,5,4,32,3
20190713/user5/user5-3-12-r2.dat,5,3,12,2
20190713/user5/user5-1-23-r2.dat,5,1,23,2
20190713/user5/user5-3-45-r4.dat,5,3,45,4
20190713/user5/user5-2-96-r3.dat,5,2,96,3
20190713/user5/user5-1-88-r6.dat,5,1,88,6
20190713/user5/user5-4-43-r3.dat,5,4,43,3
20190713/user5/user5-1-24-r6.dat,5,1,24,6
20190713/user5/user5-1-22-r6.dat,5,1,22,6
20190713/user5/user5-3-10-r4.dat,5,3,10,4
20190713/user5/user5-1-55-r1.dat,5,1,55,1
20190713/user5/user5-1-98-r4.dat,5,1,98,4
20190713/user5/user5-1-31-r1.dat,5,1,31,1
20190713/user5/user5-1-37-r4.dat,5,1,37,4
20190713/user5/user5-2-57-r4.dat,5,2,57,4
20190713/user5/user5-1-49-r5.dat,5,1,49,5
20190713/user5/user5-3-24-r2.dat,5,3,24,2
20190706/user2/user2-5-13-r1.dat,2,5,13,1
20190706/user2/user2-6-3-r2.dat,2,6,3,2
20190706/user2/user2-5-20-r2.dat,2,5,20,2
20190706/user2/user2-5-12-r6.dat,2,5,12,6
20190706/user2/user2-5-18-r2.dat,2,5,18,2
20190706/user2/user2-6-15-r5.dat,2,6,15,5
20190706/user2/user2-5-14-r1.dat,2,5,14,1
20190706/user2/user2-6-16-r3.dat,2,6,16,3
20190706/user2/user2-6-14-r4.dat,2,6,14,4
20190706/user2/user2-5-13-r5.dat,2,5,13,5
20190706/user2/user2-6-9-r3.dat,2,6,9,3
20190706/user2/user2-6-17-r4.dat,2,6,17,4
20190706/user2/user2-6-7-r2.dat,2,6,7,2
20190706/user2/user2-5-4-r1.dat,2,5,4,1
20190706/user2/user2-6-1-r3.dat,2,6,1,3
20190706/user2/user2-6-5-r2.dat,2,6,5,2
20190706/user2/user2-5-1-r3.dat,2,5,1,3
20190706/user2/user2-5-4-r5.dat,2,5,4,5
20190706/user2/user2-6-4-r6.dat,2,6,4,6
20190706/user2/user2-6-4-r4.dat,2,6,4,4
20190706/user2/user2-5-9-r3.dat,2,5,9,3
20190706/user2/user2-6-11-r2.dat,2,6,11,2
20190706/user2/user2-5-12-r4.dat,2,5,12,4
20190706/user2/user2-6-9-r1.dat,2,6,9,1
20190706/user2/user2-6-13-r3.dat,2,6,13,3
20190706/user2/user2-5-4-r3.dat,2,5,4,3
20190706/user2/user2-6-15-r1.dat,2,6,15,1
20190706/user2/user2-5-18-r6.dat,2,5,18,6
20190706/user2/user2-6-8-r5.dat,2,6,8,5
20190706/user2/user2-5-2-r5.dat,2,5,2,5
20190706/user2/user2-6-20-r4.dat,2,6,20,4
20190706/user2/user2-6-2-r2.dat,2,6,2,2
20190706/user2/user2-6-18-r6.dat,2,6,18,6
20190706/user2/user2-5-13-r3.dat,2,5,13,3
20190706/user2/user2-5-14-r4.dat,2,5,14,4
20190706/user2/user2-6-15-r3.dat,2,6,15,3
20190706/user2/user2-5-2-r6.dat,2,5,2,6
20190706/user2/user2-6-20-r1.dat,2,6,20,1
20190706/user2/user2-6-16-r1.dat,2,6,16,1
20190706/user2/user2-6-12-r6.dat,2,6,12,6
20190706/user2/user2-5-19-r5.dat,2,5,19,5
20190706/user2/user2-5-11-r4.dat,2,5,11,4
20190706/user2/user2-5-11-r2.dat,2,5,11,2
20190706/user2/user2-5-19-r6.dat,2,5,19,6
20190706/user2/user2-5-9-r4.dat,2,5,9,4
20190706/user2/user2-6-15-r2.dat,2,6,15,2
20190706/user2/user2-5-20-r3.dat,2,5,20,3
20190706/user2/user2-5-14-r6.dat,2,5,14,6
20190706/user2/user2-5-2-r4.dat,2,5,2,4
20190706/user2/user2-5-2-r2.dat,2,5,2,2
20190706/user2/user2-6-20-r6.dat,2,6,20,6
20190706/user2/user2-6-9-r4.dat,2,6,9,4
20190706/user2/user2-6-13-r4.dat,2,6,13,4
20190706/user2/user2-6-3-r6.dat,2,6,3,6
20190706/user2/user2-5-20-r1.dat,2,5,20,1
20190706/user2/user2-5-19-r2.dat,2,5,19,2
20190706/user2/user2-6-15-r4.dat,2,6,15,4
20190706/user2/user2-6-7-r1.dat,2,6,7,1
20190706/user2/user2-6-19-r2.dat,2,6,19,2
20190706/user2/user2-5-18-r4.dat,2,5,18,4
20190706/user2/user2-5-16-r6.dat,2,5,16,6
20190706/user2/user2-6-9-r6.dat,2,6,9,6
20190706/user2/user2-6-10-r2.dat,2,6,10,2
20190706/user2/user2-6-4-r2.dat,2,6,4,2
20190706/user2/user2-5-9-r2.dat,2,5,9,2
20190706/user2/user2-6-19-r6.dat,2,6,19,6
20190706/user2/user2-6-14-r2.dat,2,6,14,2
20190706/user2/user2-6-1-r5.dat,2,6,1,5
20190706/user2/user2-5-1-r6.dat,2,5,1,6
20190706/user2/user2-5-16-r5.dat,2,5,16,5
20190706/user2/user2-6-17-r2.dat,2,6,17,2
20190706/user2/user2-5-8-r4.dat,2,5,8,4
20190706/user2/user2-6-18-r3.dat,2,6,18,3
20190706/user2/user2-5-16-r1.dat,2,5,16,1
20190706/user2/user2-6-16-r2.dat,2,6,16,2
20190706/user2/user2-5-20-r6.dat,2,5,20,6
20190706/user2/user2-5-4-r2.dat,2,5,4,2
20190706/user2/user2-5-14-r5.dat,2,5,14,5
20190706/user2/user2-5-3-r2.dat,2,5,3,2
20190706/user2/user2-5-17-r2.dat,2,5,17,2
20190706/user2/user2-6-10-r6.dat,2,6,10,6
20190706/user2/user2-5-11-r1.dat,2,5,11,1
20190706/user2/user2-6-5-r4.dat,2,6,5,4
20190706/user2/user2-5-10-r6.dat,2,5,10,6
20190706/user2/user2-6-20-r3.dat,2,6,20,3
20190706/user2/user2-6-13-r1.dat,2,6,13,1
20190706/user2/user2-6-1-r4.dat,2,6,1,4
20190706/user2/user2-5-6-r5.dat,2,5,6,5
20190706/user2/user2-5-10-r5.dat,2,5,10,5
20190706/user2/user2-5-17-r6.dat,2,5,17,6
20190706/user2/user2-5-3-r5.dat,2,5,3,5
20190706/user2/user2-6-1-r1.dat,2,6,1,1
20190706/user2/user2-5-6-r4.dat,2,5,6,4
20190706/user2/user2-5-11-r5.dat,2,5,11,5
20190706/user2/user2-5-15-r1.dat,2,5,15,1
20190706/user2/user2-6-19-r1.dat,2,6,19,1
20190706/user2/user2-6-18-r5.dat,2,6,18,5
20190706/user2/user2-6-10-r3.dat,2,6,10,3
20190706/user2/user2-5-19-r4.dat,2,5,19,4
20190706/user2/user2-6-4-r5.dat,2,6,4,5
20190706/user2/user2-5-20-r4.dat,2,5,20,4
20190706/user2/user2-6-2-r1.dat,2,6,2,1
20190706/user2/user2-5-7-r1.dat,2,5,7,1
20190706/user2/user2-5-16-r4.dat,2,5,16,4
20190706/user2/user2-6-17-r6.dat,2,6,17,6
20190706/user2/user2-6-13-r6.dat,2,6,13,6
20190706/user2/user2-5-13-r2.dat,2,5,13,2
20190706/user2/user2-5-8-r1.dat,2,5,8,1
20190706/user2/user2-6-11-r4.dat,2,6,11,4
20190706/user2/user2-5-8-r6.dat,2,5,8,6
20190706/user2/user2-5-15-r3.dat,2,5,15,3
20190706/user2/user2-5-5-r4.dat,2,5,5,4
20190706/user2/user2-6-7-r3.dat,2,6,7,3
20190706/user2/user2-5-19-r3.dat,2,5,19,3
20190706/user2/user2-6-2-r4.dat,2,6,2,4
20190706/user2/user2-5-8-r2.dat,2,5,8,2
20190706/user2/user2-5-8-r3.dat,2,5,8,3
20190706/user2/user2-5-9-r6.dat,2,5,9,6
20190706/user2/user2-6-7-r4.dat,2,6,7,4
20190706/user2/user2-6-6-r1.dat,2,6,6,1
20190706/user2/user2-6-5-r3.dat,2,6,5,3
20190706/user2/user2-5-10-r2.dat,2,5,10,2
20190706/user2/user2-5-1-r2.dat,2,5,1,2
20190706/user2/user2-5-12-r1.dat,2,5,12,1
20190706/user2/user2-6-11-r5.dat,2,6,11,5
20190706/user2/user2-6-16-r6.dat,2,6,16,6
20190706/user2/user2-5-5-r3.dat,2,5,5,3
20190706/user2/user2-6-15-r6.dat,2,6,15,6
20190706/user2/user2-6-5-r6.dat,2,6,5,6
20190706/user2/user2-5-14-r3.dat,2,5,14,3
20190706/user2/user2-6-2-r6.dat,2,6,2,6
20190706/user2/user2-5-16-r2.dat,2,5,16,2
20190706/user2/user2-6-1-r2.dat,2,6,1,2
20190706/user2/user2-6-8-r6.dat,2,6,8,6
20190706/user2/user2-5-3-r6.dat,2,5,3,6
20190706/user2/user2-5-9-r5.dat,2,5,9,5
20190706/user2/user2-6-14-r6.dat,2,6,14,6
20190706/user2/user2-5-5-r2.dat,2,5,5,2
20190706/user2/user2-6-7-r6.dat,2,6,7,6
20190706/user2/user2-5-20-r5.dat,2,5,20,5
20190706/user2/user2-6-10-r1.dat,2,6,10,1
20190706/user2/user2-5-13-r4.dat,2,5,13,4
20190706/user2/user2-5-12-r2.dat,2,5,12,2
20190706/user2/user2-6-8-r4.dat,2,6,8,4
20190706/user2/user2-5-17-r5.dat,2,5,17,5
20190706/user2/user2-5-7-r5.dat,2,5,7,5
20190706/user2/user2-6-13-r5.dat,2,6,13,5
20190706/user2/user2-6-18-r4.dat,2,6,18,4
20190706/user2/user2-5-3-r1.dat,2,5,3,1
20190706/user2/user2-5-2-r3.dat,2,5,2,3
20190706/user2/user2-5-5-r6.dat,2,5,5,6
20190706/user2/user2-6-9-r2.dat,2,6,9,2
20190706/user2/user2-6-8-r2.dat,2,6,8,2
20190706/user2/user2-5-17-r1.dat,2,5,17,1
20190706/user2/user2-6-6-r5.dat,2,6,6,5
20190706/user2/user2-6-6-r6.dat,2,6,6,6
20190706/user2/user2-6-10-r5.dat,2,6,10,5
20190706/user2/user2-6-11-r3.dat,2,6,11,3
20190706/user2/user2-6-19-r4.dat,2,6,19,4
20190706/user2/user2-6-4-r1.dat,2,6,4,1
20190706/user2/user2-5-17-r4.dat,2,5,17,4
20190706/user2/user2-6-3-r1.dat,2,6,3,1
20190706/user2/user2-5-11-r6.dat,2,5,11,6
20190706/user2/user2-5-15-r5.dat,2,5,15,5
20190706/user2/user2-5-6-r3.dat,2,5,6,3
20190706/user2/user2-6-14-r3.dat,2,6,14,3
20190706/user2/user2-6-14-r1.dat,2,6,14,1
20190706/user2/user2-6-2-r5.dat,2,6,2,5
20190706/user2/user2-5-17-r3.dat,2,5,17,3
20190706/user2/user2-6-20-r5.dat,2,6,20,5
20190706/user2/user2-6-14-r5.dat,2,6,14,5
20190706/user2/user2-6-8-r1.dat,2,6,8,1
20190706/user2/user2-6-8-r3.dat,2,6,8,3
20190706/user2/user2-6-6-r2.dat,2,6,6,2
20190706/user2/user2-5-7-r2.dat,2,5,7,2
20190706/user2/user2-6-20-r2.dat,2,6,20,2
20190706/user2/user2-6-9-r5.dat,2,6,9,5
20190706/user2/user2-6-18-r2.dat,2,6,18,2
20190706/user2/user2-6-17-r1.dat,2,6,17,1
20190706/user2/user2-5-4-r6.dat,2,5,4,6
20190706/user2/user2-5-6-r6.dat,2,5,6,6
20190706/user2/user2-6-17-r3.dat,2,6,17,3
20190706/user2/user2-6-2-r3.dat,2,6,2,3
20190706/user2/user2-6-6-r3.dat,2,6,6,3
20190706/user2/user2-6-12-r2.dat,2,6,12,2
20190706/user2/user2-5-16-r3.dat,2,5,16,3
20190706/user2/user2-5-13-r6.dat,2,5,13,6
20190706/user2/user2-5-10-r1.dat,2,5,10,1
20190706/user2/user2-6-19-r3.dat,2,6,19,3
20190706/user2/user2-5-9-r1.dat,2,5,9,1
20190706/user2/user2-6-6-r4.dat,2,6,6,4
20190706/user2/user2-6-10-r4.dat,2,6,10,4
20190706/user2/user2-5-19-r1.dat,2,5,19,1
20190706/user2/user2-5-7-r4.dat,2,5,7,4
20190706/user2/user2-5-14-r2.dat,2,5,14,2
20190706/user2/user2-5-1-r1.dat,2,5,1,1
20190706/user2/user2-5-18-r1.dat,2,5,18,1
20190706/user2/user2-5-6-r1.dat,2,5,6,1
20190706/user2/user2-6-1-r6.dat,2,6,1,6
20190706/user2/user2-5-3-r4.dat,2,5,3,4
20190706/user2/user2-6-12-r3.dat,2,6,12,3
20190706/user2/user2-5-1-r4.dat,2,5,1,4
20190706/user2/user2-6-16-r4.dat,2,6,16,4
20190706/user2/user2-6-4-r3.dat,2,6,4,3
20190706/user2/user2-5-6-r2.dat,2,5,6,2
20190706/user2/user2-5-2-r1.dat,2,5,2,1
20190706/user2/user2-5-8-r5.dat,2,5,8,5
20190706/user2/user2-6-5-r5.dat,2,6,5,5
20190706/user2/user2-6-16-r5.dat,2,6,16,5
20190706/user2/user2-6-11-r6.dat,2,6,11,6
20190706/user2/user2-5-15-r6.dat,2,5,15,6
20190706/user2/user2-5-5-r5.dat,2,5,5,5
20190706/user2/user2-6-3-r5.dat,2,6,3,5
20190706/user2/user2-6-12-r5.dat,2,6,12,5
20190706/user2/user2-6-17-r5.dat,2,6,17,5
20190706/user2/user2-6-12-r1.dat,2,6,12,1
20190706/user2/user2-5-4-r4.dat,2,5,4,4
20190706/user2/user2-5-15-r4.dat,2,5,15,4
20190706/user2/user2-5-7-r3.dat,2,5,7,3
20190706/user2/user2-5-10-r4.dat,2,5,10,4
20190706/user2/user2-5-18-r3.dat,2,5,18,3
20190706/user2/user2-6-11-r1.dat,2,6,11,1
20190706/user2/user2-6-18-r1.dat,2,6,18,1
20190706/user2/user2-5-1-r5.dat,2,5,1,5
20190706/user2/user2-5-18-r5.dat,2,5,18,5
20190706/user2/user2-5-3-r3.dat,2,5,3,3
20190706/user2/user2-6-3-r4.dat,2,6,3,4
20190706/user2/user2-5-12-r3.dat,2,5,12,3
20190706/user2/user2-5-10-r3.dat,2,5,10,3
20190706/user2/user2-5-12-r5.dat,2,5,12,5
20190706/user2/user2-5-7-r6.dat,2,5,7,6
20190706/user2/user2-6-7-r5.dat,2,6,7,5
20190706/user2/user2-5-5-r1.dat,2,5,5,1
20190706/user2/user2-5-15-r2.dat,2,5,15,2
20190706/user2/user2-6-3-r3.dat,2,6,3,3
20190706/user2/user2-6-19-r5.dat,2,6,19,5
20190706/user2/user2-5-11-r3.dat,2,5,11,3
20190706/user2/user2-6-5-r1.dat,2,6,5,1
20190706/user2/user2-6-12-r4.dat,2,6,12,4
20190706/user2/user2-6-13-r2.dat,2,6,13,2
20190706/user3/user3-3-98-r1.dat,3,3,98,1
20190706/user3/user3-3-87-r3.dat,3,3,87,3
20190706/user3/user3-4-33-r2.dat,3,4,33,2
20190706/user3/user3-1-64-r1.dat,3,1,64,1
20190706/user3/user3-1-60-r5.dat,3,1,60,5
20190706/user3/user3-4-35-r5.dat,3,4,35,5
20190706/user3/user3-2-19-r3.dat,3,2,19,3
20190706/user3/user3-4-50-r4.dat,3,4,50,4
20190706/user3/user3-4-96-r5.dat,3,4,96,5
20190706/user3/user3-3-75-r2.dat,3,3,75,2
20190706/user3/user3-3-36-r2.dat,3,3,36,2
20190706/user3/user3-4-84-r5.dat,3,4,84,5
20190706/user3/user3-2-83-r4.dat,3,2,83,4
20190706/user3/user3-2-80-r1.dat,3,2,80,1
20190706/user3/user3-1-45-r6.dat,3,1,45,6
20190706/user3/user3-1-33-r1.dat,3,1,33,1
20190706/user3/user3-4-31-r6.dat,3,4,31,6
20190706/user3/user3-4-30-r4.dat,3,4,30,4
20190706/user3/user3-1-19-r1.dat,3,1,19,1
20190706/user3/user3-3-45-r2.dat,3,3,45,2
20190706/user3/user3-4-97-r4.dat,3,4,97,4
20190706/user3/user3-1-29-r4.dat,3,1,29,4
20190706/user3/user3-3-22-r6.dat,3,3,22,6
20190706/user3/user3-4-92-r2.dat,3,4,92,2
20190706/user3/user3-2-55-r6.dat,3,2,55,6
20190706/user3/user3-4-55-r5.dat,3,4,55,5
20190706/user3/user3-1-64-r2.dat,3,1,64,2
20190706/user3/user3-2-96-r4.dat,3,2,96,4
20190706/user3/user3-1-93-r3.dat,3,1,93,3
20190706/user3/user3-1-7-r3.dat,3,1,7,3
20190706/user3/user3-2-39-r5.dat,3,2,39,5
20190706/user3/user3-3-32-r2.dat,3,3,32,2
20190706/user3/user3-3-16-r5.dat,3,3,16,5
20190706/user3/user3-4-38-r1.dat,3,4,38,1
20190706/user3/user3-1-39-r6.dat,3,1,39,6
20190706/user3/user3-3-52-r3.dat,3,3,52,3
20190706/user3/user3-4-27-r5.dat,3,4,27,5
20190706/user3/user3-2-78-r1.dat,3,2,78,1
20190706/user3/user3-4-80-r6.dat,3,4,80,6
20190706/user3/user3-4-75-r6.dat,3,4,75,6
20190706/user3/user3-1-8-r4.dat,3,1,8,4
20190706/user3/user3-3-79-r2.dat,3,3,79,2
20190706/user3/user3-1-42-r5.dat,3,1,42,5
20190706/user3/user3-2-84-r6.dat,3,2,84,6
20190706/user3/user3-3-69-r1.dat,3,3,69,1
20190706/user3/user3-4-59-r4.dat,3,4,59,4
20190706/user3/user3-3-14-r6.dat,3,3,14,6
20190706/user3/user3-3-2-r3.dat,3,3,2,3
20190706/user3/user3-2-8-r4.dat,3,2,8,4
20190706/user3/user3-3-43-r6.dat,3,3,43,6
20190706/user3/user3-4-98-r3.dat,3,4,98,3
20190706/user3/user3-2-89-r1.dat,3,2,89,1
20190706/user3/user3-2-8-r2.dat,3,2,8,2
20190706/user3/user3-2-73-r6.dat,3,2,73,6
20190706/user3/user3-2-21-r1.dat,3,2,21,1
20190706/user3/user3-4-72-r1.dat,3,4,72,1
20190706/user3/user3-3-4-r4.dat,3,3,4,4
20190706/user3/user3-1-37-r2.dat,3,1,37,2
20190706/user3/user3-4-9-r1.dat,3,4,9,1
20190706/user3/user3-2-97-r2.dat,3,2,97,2
20190706/user3/user3-2-55-r4.dat,3,2,55,4
20190706/user3/user3-2-9-r2.dat,3,2,9,2
20190706/user3/user3-1-19-r2.dat,3,1,19,2
20190706/user3/user3-4-68-r4.dat,3,4,68,4
20190706/user3/user3-3-12-r5.dat,3,3,12,5
20190706/user3/user3-2-63-r4.dat,3,2,63,4
20190706/user3/user3-3-76-r2.dat,3,3,76,2
20190706/user3/user3-3-47-r4.dat,3,3,47,4
20190706/user3/user3-2-89-r3.dat,3,2,89,3
20190706/user3/user3-3-33-r4.dat,3,3,33,4
20190706/user3/user3-2-100-r3.dat,3,2,100,3
20190706/user3/user3-2-71-r1.dat,3,2,71,1
20190706/user3/user3-1-96-r6.dat,3,1,96,6
20190706/user3/user3-4-43-r1.dat,3,4,43,1
20190706/user3/user3-4-99-r5.dat,3,4,99,5
20190706/user3/user3-4-13-r6.dat,3,4,13,6
20190706/user3/user3-4-29-r2.dat,3,4,29,2
20190706/user3/user3-1-97-r2.dat,3,1,97,2
20190706/user3/user3-1-24-r4.dat,3,1,24,4
20190706/user3/user3-1-30-r4.dat,3,1,30,4
20190706/user3/user3-2-18-r1.dat,3,2,18,1
20190706/user3/user3-3-39-r5.dat,3,3,39,5
20190706/user3/user3-2-47-r6.dat,3,2,47,6
20190706/user3/user3-3-70-r1.dat,3,3,70,1
20190706/user3/user3-3-21-r4.dat,3,3,21,4
20190706/user3/user3-2-62-r4.dat,3,2,62,4
20190706/user3/user3-3-69-r5.dat,3,3,69,5
20190706/user3/user3-4-18-r5.dat,3,4,18,5
20190706/user3/user3-4-74-r6.dat,3,4,74,6
20190706/user3/user3-4-65-r1.dat,3,4,65,1
20190706/user3/user3-1-45-r5.dat,3,1,45,5
20190706/user3/user3-1-17-r2.dat,3,1,17,2
20190706/user3/user3-2-4-r1.dat,3,2,4,1
20190706/user3/user3-3-16-r2.dat,3,3,16,2
20190706/user3/user3-2-9-r3.dat,3,2,9,3
20190706/user3/user3-3-10-r1.dat,3,3,10,1
20190706/user3/user3-1-54-r2.dat,3,1,54,2
20190706/user3/user3-3-97-r4.dat,3,3,97,4
20190706/user3/user3-4-96-r2.dat,3,4,96,2
20190706/user3/user3-4-6-r5.dat,3,4,6,5
20190706/user3/user3-1-80-r5.dat,3,1,80,5
20190706/user3/user3-3-59-r1.dat,3,3,59,1
20190706/user3/user3-4-27-r3.dat,3,4,27,3
20190706/user3/user3-3-82-r3.dat,3,3,82,3
20190706/user3/user3-1-14-r3.dat,3,1,14,3
20190706/user3/user3-4-32-r1.dat,3,4,32,1
20190706/user3/user3-1-74-r1.dat,3,1,74,1
20190706/user3/user3-2-9-r1.dat,3,2,9,1
20190706/user3/user3-2-24-r1.dat,3,2,24,1
20190706/user3/user3-3-5-r5.dat,3,3,5,5
20190706/user3/user3-4-81-r5.dat,3,4,81,5
20190706/user3/user3-3-99-r3.dat,3,3,99,3
20190706/user3/user3-1-73-r4.dat,3,1,73,4
20190706/user3/user3-1-79-r4.dat,3,1,79,4
20190706/user3/user3-4-63-r3.dat,3,4,63,3
20190706/user3/user3-2-22-r6.dat,3,2,22,6
20190706/user3/user3-3-64-r5.dat,3,3,64,5
20190706/user3/user3-2-41-r6.dat,3,2,41,6
20190706/user3/user3-2-25-r6.dat,3,2,25,6
20190706/user3/user3-4-71-r4.dat,3,4,71,4
20190706/user3/user3-1-68-r5.dat,3,1,68,5
20190706/user3/user3-2-19-r4.dat,3,2,19,4
20190706/user3/user3-1-26-r1.dat,3,1,26,1
20190706/user3/user3-3-35-r5.dat,3,3,35,5
20190706/user3/user3-3-58-r5.dat,3,3,58,5
20190706/user3/user3-1-62-r1.dat,3,1,62,1
20190706/user3/user3-1-41-r1.dat,3,1,41,1
20190706/user3/user3-1-95-r2.dat,3,1,95,2
20190706/user3/user3-4-78-r5.dat,3,4,78,5
20190706/user3/user3-3-16-r3.dat,3,3,16,3
20190706/user3/user3-3-72-r3.dat,3,3,72,3
20190706/user3/user3-2-60-r1.dat,3,2,60,1
20190706/user3/user3-1-46-r6.dat,3,1,46,6
20190706/user3/user3-3-70-r6.dat,3,3,70,6
20190706/user3/user3-4-37-r6.dat,3,4,37,6
20190706/user3/user3-4-93-r1.dat,3,4,93,1
20190706/user3/user3-3-37-r6.dat,3,3,37,6
20190706/user3/user3-4-7-r4.dat,3,4,7,4
20190706/user3/user3-4-61-r6.dat,3,4,61,6
20190706/user3/user3-3-72-r6.dat,3,3,72,6
20190706/user3/user3-3-5-r3.dat,3,3,5,3
20190706/user3/user3-3-100-r5.dat,3,3,100,5
20190706/user3/user3-2-57-r2.dat,3,2,57,2
20190706/user3/user3-2-46-r5.dat,3,2,46,5
20190706/user3/user3-2-79-r4.dat,3,2,79,4
20190706/user3/user3-1-73-r2.dat,3,1,73,2
20190706/user3/user3-2-88-r1.dat,3,2,88,1
20190706/user3/user3-4-51-r2.dat,3,4,51,2
20190706/user3/user3-2-74-r5.dat,3,2,74,5
20190706/user3/user3-1-27-r6.dat,3,1,27,6
20190706/user3/user3-2-36-r1.dat,3,2,36,1
20190706/user3/user3-4-39-r6.dat,3,4,39,6
20190706/user3/user3-2-46-r1.dat,3,2,46,1
20190706/user3/user3-1-21-r1.dat,3,1,21,1
20190706/user3/user3-2-67-r2.dat,3,2,67,2
20190706/user3/user3-3-90-r5.dat,3,3,90,5
20190706/user3/user3-3-89-r2.dat,3,3,89,2
20190706/user3/user3-4-85-r1.dat,3,4,85,1
20190706/user3/user3-2-45-r2.dat,3,2,45,2
20190706/user3/user3-2-59-r2.dat,3,2,59,2
20190706/user3/user3-3-83-r5.dat,3,3,83,5
20190706/user3/user3-3-60-r5.dat,3,3,60,5
20190706/user3/user3-2-20-r2.dat,3,2,20,2
20190706/user3/user3-1-3-r3.dat,3,1,3,3
20190706/user3/user3-4-50-r1.dat,3,4,50,1
20190706/user3/user3-4-49-r4.dat,3,4,49,4
20190706/user3/user3-3-74-r4.dat,3,3,74,4
20190706/user3/user3-1-72-r6.dat,3,1,72,6
20190706/user3/user3-4-96-r3.dat,3,4,96,3
20190706/user3/user3-2-10-r3.dat,3,2,10,3
20190706/user3/user3-3-72-r2.dat,3,3,72,2
20190706/user3/user3-4-68-r5.dat,3,4,68,5
20190706/user3/user3-3-77-r6.dat,3,3,77,6
20190706/user3/user3-4-45-r6.dat,3,4,45,6
20190706/user3/user3-3-31-r4.dat,3,3,31,4
20190706/user3/user3-1-28-r3.dat,3,1,28,3
20190706/user3/user3-2-61-r4.dat,3,2,61,4
20190706/user3/user3-1-98-r5.dat,3,1,98,5
20190706/user3/user3-3-17-r5.dat,3,3,17,5
20190706/user3/user3-2-68-r5.dat,3,2,68,5
20190706/user3/user3-2-94-r4.dat,3,2,94,4
20190706/user3/user3-4-19-r3.dat,3,4,19,3
20190706/user3/user3-4-29-r4.dat,3,4,29,4
20190706/user3/user3-1-100-r2.dat,3,1,100,2
20190706/user3/user3-1-53-r5.dat,3,1,53,5
20190706/user3/user3-3-71-r4.dat,3,3,71,4
20190706/user3/user3-1-77-r5.dat,3,1,77,5
20190706/user3/user3-2-68-r4.dat,3,2,68,4
20190706/user3/user3-3-64-r3.dat,3,3,64,3
20190706/user3/user3-3-96-r2.dat,3,3,96,2
20190706/user3/user3-2-46-r2.dat,3,2,46,2
20190706/user3/user3-4-45-r3.dat,3,4,45,3
20190706/user3/user3-1-29-r6.dat,3,1,29,6
20190706/user3/user3-2-8-r5.dat,3,2,8,5
20190706/user3/user3-3-28-r1.dat,3,3,28,1
20190706/user3/user3-2-33-r1.dat,3,2,33,1
20190706/user3/user3-3-47-r5.dat,3,3,47,5
20190706/user3/user3-3-73-r2.dat,3,3,73,2
20190706/user3/user3-4-79-r5.dat,3,4,79,5
20190706/user3/user3-4-13-r5.dat,3,4,13,5
20190706/user3/user3-3-95-r3.dat,3,3,95,3
20190706/user3/user3-4-39-r4.dat,3,4,39,4
20190706/user3/user3-2-48-r2.dat,3,2,48,2
20190706/user3/user3-4-86-r3.dat,3,4,86,3
20190706/user3/user3-3-62-r5.dat,3,3,62,5
20190706/user3/user3-4-65-r4.dat,3,4,65,4
20190706/user3/user3-3-24-r1.dat,3,3,24,1
20190706/user3/user3-2-87-r4.dat,3,2,87,4
20190706/user3/user3-1-5-r4.dat,3,1,5,4
20190706/user3/user3-2-89-r5.dat,3,2,89,5
20190706/user3/user3-1-67-r6.dat,3,1,67,6
20190706/user3/user3-4-5-r5.dat,3,4,5,5
20190706/user3/user3-2-92-r6.dat,3,2,92,6
20190706/user3/user3-2-65-r2.dat,3,2,65,2
20190706/user3/user3-4-89-r5.dat,3,4,89,5
20190706/user3/user3-3-88-r1.dat,3,3,88,1
20190706/user3/user3-4-25-r5.dat,3,4,25,5
20190706/user3/user3-4-86-r1.dat,3,4,86,1
20190706/user3/user3-3-93-r6.dat,3,3,93,6
20190706/user3/user3-3-56-r2.dat,3,3,56,2
20190706/user3/user3-2-3-r6.dat,3,2,3,6
20190706/user3/user3-4-36-r1.dat,3,4,36,1
20190706/user3/user3-4-76-r5.dat,3,4,76,5
20190706/user3/user3-1-53-r6.dat,3,1,53,6
20190706/user3/user3-4-2-r1.dat,3,4,2,1
20190706/user3/user3-3-38-r3.dat,3,3,38,3
20190706/user3/user3-4-70-r5.dat,3,4,70,5
20190706/user3/user3-1-75-r6.dat,3,1,75,6
20190706/user3/user3-3-64-r1.dat,3,3,64,1
20190706/user3/user3-3-8-r3.dat,3,3,8,3
20190706/user3/user3-1-58-r2.dat,3,1,58,2
20190706/user3/user3-2-79-r1.dat,3,2,79,1
20190706/user3/user3-3-65-r3.dat,3,3,65,3
20190706/user3/user3-3-42-r5.dat,3,3,42,5
20190706/user3/user3-2-66-r4.dat,3,2,66,4
20190706/user3/user3-3-23-r5.dat,3,3,23,5
20190706/user3/user3-3-77-r2.dat,3,3,77,2
20190706/user3/user3-1-2-r2.dat,3,1,2,2
20190706/user3/user3-4-32-r3.dat,3,4,32,3
20190706/user3/user3-3-50-r1.dat,3,3,50,1
20190706/user3/user3-2-91-r5.dat,3,2,91,5
20190706/user3/user3-2-71-r6.dat,3,2,71,6
20190706/user3/user3-2-65-r6.dat,3,2,65,6
20190706/user3/user3-4-66-r3.dat,3,4,66,3
20190706/user3/user3-1-97-r5.dat,3,1,97,5
20190706/user3/user3-2-96-r6.dat,3,2,96,6
20190706/user3/user3-4-68-r3.dat,3,4,68,3
20190706/user3/user3-4-50-r3.dat,3,4,50,3
20190706/user3/user3-1-52-r3.dat,3,1,52,3
20190706/user3/user3-4-37-r2.dat,3,4,37,2
20190706/user3/user3-1-6-r1.dat,3,1,6,1
20190706/user3/user3-3-21-r1.dat,3,3,21,1
20190706/user3/user3-2-53-r1.dat,3,2,53,1
20190706/user3/user3-1-94-r3.dat,3,1,94,3
20190706/user3/user3-1-48-r4.dat,3,1,48,4
20190706/user3/user3-1-92-r4.dat,3,1,92,4
20190706/user3/user3-1-22-r4.dat,3,1,22,4
20190706/user3/user3-2-57-r3.dat,3,2,57,3
20190706/user3/user3-3-95-r1.dat,3,3,95,1
20190706/user3/user3-2-93-r5.dat,3,2,93,5
20190706/user3/user3-3-18-r6.dat,3,3,18,6
20190706/user3/user3-3-29-r2.dat,3,3,29,2
20190706/user3/user3-4-21-r5.dat,3,4,21,5
20190706/user3/user3-2-60-r6.dat,3,2,60,6
20190706/user3/user3-2-59-r3.dat,3,2,59,3
20190706/user3/user3-2-63-r2.dat,3,2,63,2
20190706/user3/user3-2-4-r4.dat,3,2,4,4
20190706/user3/user3-2-13-r3.dat,3,2,13,3
20190706/user3/user3-4-36-r3.dat,3,4,36,3
20190706/user3/user3-1-99-r3.dat,3,1,99,3
20190706/user3/user3-2-44-r3.dat,3,2,44,3
20190706/user3/user3-4-26-r1.dat,3,4,26,1
20190706/user3/user3-4-42-r3.dat,3,4,42,3
20190706/user3/user3-2-96-r2.dat,3,2,96,2
20190706/user3/user3-1-86-r4.dat,3,1,86,4
20190706/user3/user3-3-32-r4.dat,3,3,32,4
20190706/user3/user3-4-95-r3.dat,3,4,95,3
20190706/user3/user3-3-2-r1.dat,3,3,2,1
20190706/user3/user3-2-9-r4.dat,3,2,9,4
20190706/user3/user3-3-37-r1.dat,3,3,37,1
20190706/user3/user3-2-76-r1.dat,3,2,76,1
20190706/user3/user3-3-45-r1.dat,3,3,45,1
20190706/user3/user3-4-31-r1.dat,3,4,31,1
20190706/user3/user3-3-12-r1.dat,3,3,12,1
20190706/user3/user3-4-100-r2.dat,3,4,100,2
20190706/user3/user3-1-1-r4.dat,3,1,1,4
20190706/user3/user3-3-8-r6.dat,3,3,8,6
20190706/user3/user3-4-1-r6.dat,3,4,1,6
20190706/user3/user3-1-51-r1.dat,3,1,51,1
20190706/user3/user3-3-25-r5.dat,3,3,25,5
20190706/user3/user3-3-2-r6.dat,3,3,2,6
20190706/user3/user3-2-30-r6.dat,3,2,30,6
20190706/user3/user3-2-43-r4.dat,3,2,43,4
20190706/user3/user3-4-43-r2.dat,3,4,43,2
20190706/user3/user3-1-12-r4.dat,3,1,12,4
20190706/user3/user3-3-10-r2.dat,3,3,10,2
20190706/user3/user3-2-24-r3.dat,3,2,24,3
20190706/user3/user3-3-17-r4.dat,3,3,17,4
20190706/user3/user3-1-40-r5.dat,3,1,40,5
20190706/user3/user3-1-65-r3.dat,3,1,65,3
20190706/user3/user3-4-61-r2.dat,3,4,61,2
20190706/user3/user3-2-26-r2.dat,3,2,26,2
20190706/user3/user3-3-85-r1.dat,3,3,85,1
20190706/user3/user3-4-37-r5.dat,3,4,37,5
20190706/user3/user3-2-56-r6.dat,3,2,56,6
20190706/user3/user3-1-35-r6.dat,3,1,35,6
20190706/user3/user3-4-90-r1.dat,3,4,90,1
20190706/user3/user3-1-12-r5.dat,3,1,12,5
20190706/user3/user3-4-78-r2.dat,3,4,78,2
20190706/user3/user3-4-95-r6.dat,3,4,95,6
20190706/user3/user3-2-98-r1.dat,3,2,98,1
20190706/user3/user3-3-29-r1.dat,3,3,29,1
20190706/user3/user3-3-46-r4.dat,3,3,46,4
20190706/user3/user3-1-72-r5.dat,3,1,72,5
20190706/user3/user3-3-20-r1.dat,3,3,20,1
20190706/user3/user3-3-77-r1.dat,3,3,77,1
20190706/user3/user3-1-8-r1.dat,3,1,8,1
20190706/user3/user3-4-54-r2.dat,3,4,54,2
20190706/user3/user3-3-74-r6.dat,3,3,74,6
20190706/user3/user3-4-90-r6.dat,3,4,90,6
20190706/user3/user3-4-30-r5.dat,3,4,30,5
20190706/user3/user3-1-47-r5.dat,3,1,47,5
20190706/user3/user3-1-89-r2.dat,3,1,89,2
20190706/user3/user3-1-88-r4.dat,3,1,88,4
20190706/user3/user3-4-7-r2.dat,3,4,7,2
20190706/user3/user3-3-34-r2.dat,3,3,34,2
20190706/user3/user3-3-32-r1.dat,3,3,32,1
20190706/user3/user3-2-5-r3.dat,3,2,5,3
20190706/user3/user3-2-87-r1.dat,3,2,87,1
20190706/user3/user3-4-26-r2.dat,3,4,26,2
20190706/user3/user3-2-59-r6.dat,3,2,59,6
20190706/user3/user3-2-68-r1.dat,3,2,68,1
20190706/user3/user3-3-22-r4.dat,3,3,22,4
20190706/user3/user3-3-53-r1.dat,3,3,53,1
20190706/user3/user3-4-87-r6.dat,3,4,87,6
20190706/user3/user3-2-37-r6.dat,3,2,37,6
20190706/user3/user3-2-22-r4.dat,3,2,22,4
20190706/user3/user3-1-91-r2.dat,3,1,91,2
20190706/user3/user3-4-40-r2.dat,3,4,40,2
20190706/user3/user3-1-75-r4.dat,3,1,75,4
20190706/user3/user3-3-18-r5.dat,3,3,18,5
20190706/user3/user3-2-97-r5.dat,3,2,97,5
20190706/user3/user3-3-53-r2.dat,3,3,53,2
20190706/user3/user3-4-49-r1.dat,3,4,49,1
20190706/user3/user3-3-88-r2.dat,3,3,88,2
20190706/user3/user3-1-90-r4.dat,3,1,90,4
20190706/user3/user3-2-9-r6.dat,3,2,9,6
20190706/user3/user3-4-88-r6.dat,3,4,88,6
20190706/user3/user3-4-33-r6.dat,3,4,33,6
20190706/user3/user3-2-58-r5.dat,3,2,58,5
20190706/user3/user3-4-50-r5.dat,3,4,50,5
20190706/user3/user3-4-19-r5.dat,3,4,19,5
20190706/user3/user3-2-40-r1.dat,3,2,40,1
20190706/user3/user3-1-71-r5.dat,3,1,71,5
20190706/user3/user3-4-41-r1.dat,3,4,41,1
20190706/user3/user3-3-62-r1.dat,3,3,62,1
20190706/user3/user3-4-46-r3.dat,3,4,46,3
20190706/user3/user3-2-68-r3.dat,3,2,68,3
20190706/user3/user3-2-79-r5.dat,3,2,79,5
20190706/user3/user3-4-45-r4.dat,3,4,45,4
20190706/user3/user3-1-80-r6.dat,3,1,80,6
20190706/user3/user3-3-52-r1.dat,3,3,52,1
20190706/user3/user3-3-19-r1.dat,3,3,19,1
20190706/user3/user3-1-87-r6.dat,3,1,87,6
20190706/user3/user3-3-24-r2.dat,3,3,24,2
20190706/user3/user3-1-56-r2.dat,3,1,56,2
20190706/user3/user3-2-98-r5.dat,3,2,98,5
20190706/user3/user3-2-55-r2.dat,3,2,55,2
20190706/user3/user3-3-66-r3.dat,3,3,66,3
20190706/user3/user3-1-58-r1.dat,3,1,58,1
20190706/user3/user3-4-25-r2.dat,3,4,25,2
20190706/user3/user3-2-23-r2.dat,3,2,23,2
20190706/user3/user3-3-40-r2.dat,3,3,40,2
20190706/user3/user3-2-41-r2.dat,3,2,41,2
20190706/user3/user3-1-97-r1.dat,3,1,97,1
20190706/user3/user3-2-26-r3.dat,3,2,26,3
20190706/user3/user3-1-65-r4.dat,3,1,65,4
20190706/user3/user3-4-73-r2.dat,3,4,73,2
20190706/user3/user3-1-21-r6.dat,3,1,21,6
20190706/user3/user3-2-37-r1.dat,3,2,37,1
20190706/user3/user3-3-1-r2.dat,3,3,1,2
20190706/user3/user3-1-54-r5.dat,3,1,54,5
20190706/user3/user3-1-57-r6.dat,3,1,57,6
20190706/user3/user3-3-82-r1.dat,3,3,82,1
20190706/user3/user3-3-50-r5.dat,3,3,50,5
20190706/user3/user3-3-24-r3.dat,3,3,24,3
20190706/user3/user3-3-33-r1.dat,3,3,33,1
20190706/user3/user3-2-16-r5.dat,3,2,16,5
20190706/user3/user3-3-49-r4.dat,3,3,49,4
20190706/user3/user3-1-92-r2.dat,3,1,92,2
20190706/user3/user3-4-42-r5.dat,3,4,42,5
20190706/user3/user3-3-23-r6.dat,3,3,23,6
20190706/user3/user3-2-73-r5.dat,3,2,73,5
20190706/user3/user3-3-46-r6.dat,3,3,46,6
20190706/user3/user3-3-79-r4.dat,3,3,79,4
20190706/user3/user3-2-24-r6.dat,3,2,24,6
20190706/user3/user3-4-64-r6.dat,3,4,64,6
20190706/user3/user3-4-32-r4.dat,3,4,32,4
20190706/user3/user3-2-33-r2.dat,3,2,33,2
20190706/user3/user3-2-84-r1.dat,3,2,84,1
20190706/user3/user3-1-18-r6.dat,3,1,18,6
20190706/user3/user3-3-13-r4.dat,3,3,13,4
20190706/user3/user3-4-35-r3.dat,3,4,35,3
20190706/user3/user3-3-38-r5.dat,3,3,38,5
20190706/user3/user3-2-55-r5.dat,3,2,55,5
20190706/user3/user3-1-56-r6.dat,3,1,56,6
20190706/user3/user3-2-47-r5.dat,3,2,47,5
20190706/user3/user3-2-61-r2.dat,3,2,61,2
20190706/user3/user3-4-2-r2.dat,3,4,2,2
20190706/user3/user3-1-67-r3.dat,3,1,67,3
20190706/user3/user3-4-54-r3.dat,3,4,54,3
20190706/user3/user3-1-17-r3.dat,3,1,17,3
20190706/user3/user3-3-27-r1.dat,3,3,27,1
20190706/user3/user3-1-42-r3.dat,3,1,42,3
20190706/user3/user3-2-84-r2.dat,3,2,84,2
20190706/user3/user3-4-23-r6.dat,3,4,23,6
20190706/user3/user3-2-98-r4.dat,3,2,98,4
20190706/user3/user3-2-100-r1.dat,3,2,100,1
20190706/user3/user3-3-17-r1.dat,3,3,17,1
20190706/user3/user3-2-95-r1.dat,3,2,95,1
20190706/user3/user3-2-22-r3.dat,3,2,22,3
20190706/user3/user3-1-85-r1.dat,3,1,85,1
20190706/user3/user3-3-15-r6.dat,3,3,15,6
20190706/user3/user3-1-21-r3.dat,3,1,21,3
20190706/user3/user3-1-81-r4.dat,3,1,81,4
20190706/user3/user3-3-5-r2.dat,3,3,5,2
20190706/user3/user3-1-3-r1.dat,3,1,3,1
20190706/user3/user3-2-29-r5.dat,3,2,29,5
20190706/user3/user3-3-94-r3.dat,3,3,94,3
20190706/user3/user3-2-35-r4.dat,3,2,35,4
20190706/user3/user3-2-51-r3.dat,3,2,51,3
20190706/user3/user3-2-45-r3.dat,3,2,45,3
20190706/user3/user3-4-57-r2.dat,3,4,57,2
20190706/user3/user3-3-91-r2.dat,3,3,91,2
20190706/user3/user3-2-59-r1.dat,3,2,59,1
20190706/user3/user3-3-14-r4.dat,3,3,14,4
20190706/user3/user3-2-38-r6.dat,3,2,38,6
20190706/user3/user3-3-68-r2.dat,3,3,68,2
20190706/user3/user3-4-83-r2.dat,3,4,83,2
20190706/user3/user3-1-78-r6.dat,3,1,78,6
20190706/user3/user3-3-61-r2.dat,3,3,61,2
20190706/user3/user3-1-97-r3.dat,3,1,97,3
20190706/user3/user3-2-44-r5.dat,3,2,44,5
20190706/user3/user3-3-8-r1.dat,3,3,8,1
20190706/user3/user3-3-92-r1.dat,3,3,92,1
20190706/user3/user3-4-59-r1.dat,3,4,59,1
20190706/user3/user3-2-46-r4.dat,3,2,46,4
20190706/user3/user3-1-32-r1.dat,3,1,32,1
20190706/user3/user3-3-60-r6.dat,3,3,60,6
20190706/user3/user3-4-59-r6.dat,3,4,59,6
20190706/user3/user3-3-72-r5.dat,3,3,72,5
20190706/user3/user3-1-66-r3.dat,3,1,66,3
20190706/user3/user3-2-14-r4.dat,3,2,14,4
20190706/user3/user3-1-62-r3.dat,3,1,62,3
20190706/user3/user3-1-59-r6.dat,3,1,59,6
20190706/user3/user3-3-54-r2.dat,3,3,54,2
20190706/user3/user3-2-53-r5.dat,3,2,53,5
20190706/user3/user3-3-73-r1.dat,3,3,73,1
20190706/user3/user3-3-55-r1.dat,3,3,55,1
20190706/user3/user3-2-14-r2.dat,3,2,14,2
20190706/user3/user3-1-97-r4.dat,3,1,97,4
20190706/user3/user3-1-32-r2.dat,3,1,32,2
20190706/user3/user3-2-42-r1.dat,3,2,42,1
20190706/user3/user3-2-3-r1.dat,3,2,3,1
20190706/user3/user3-3-27-r2.dat,3,3,27,2
20190706/user3/user3-1-82-r4.dat,3,1,82,4
20190706/user3/user3-1-56-r4.dat,3,1,56,4
20190706/user3/user3-4-73-r6.dat,3,4,73,6
20190706/user3/user3-4-87-r3.dat,3,4,87,3
20190706/user3/user3-2-32-r4.dat,3,2,32,4
20190706/user3/user3-1-95-r3.dat,3,1,95,3
20190706/user3/user3-2-13-r2.dat,3,2,13,2
20190706/user3/user3-4-30-r3.dat,3,4,30,3
20190706/user3/user3-4-62-r3.dat,3,4,62,3
20190706/user3/user3-4-46-r5.dat,3,4,46,5
20190706/user3/user3-4-52-r2.dat,3,4,52,2
20190706/user3/user3-4-44-r4.dat,3,4,44,4
20190706/user3/user3-2-6-r2.dat,3,2,6,2
20190706/user3/user3-1-5-r1.dat,3,1,5,1
20190706/user3/user3-3-41-r1.dat,3,3,41,1
20190706/user3/user3-1-77-r6.dat,3,1,77,6
20190706/user3/user3-4-15-r2.dat,3,4,15,2
20190706/user3/user3-3-51-r3.dat,3,3,51,3
20190706/user3/user3-2-45-r5.dat,3,2,45,5
20190706/user3/user3-1-92-r1.dat,3,1,92,1
20190706/user3/user3-1-90-r3.dat,3,1,90,3
20190706/user3/user3-4-22-r6.dat,3,4,22,6
20190706/user3/user3-1-42-r6.dat,3,1,42,6
20190706/user3/user3-3-54-r3.dat,3,3,54,3
20190706/user3/user3-2-2-r6.dat,3,2,2,6
20190706/user3/user3-1-65-r2.dat,3,1,65,2
20190706/user3/user3-3-32-r3.dat,3,3,32,3
20190706/user3/user3-4-21-r1.dat,3,4,21,1
20190706/user3/user3-2-98-r3.dat,3,2,98,3
20190706/user3/user3-1-98-r2.dat,3,1,98,2
20190706/user3/user3-4-65-r6.dat,3,4,65,6
20190706/user3/user3-4-11-r4.dat,3,4,11,4
20190706/user3/user3-2-51-r6.dat,3,2,51,6
20190706/user3/user3-2-61-r5.dat,3,2,61,5
20190706/user3/user3-1-89-r5.dat,3,1,89,5
20190706/user3/user3-3-91-r1.dat,3,3,91,1
20190706/user3/user3-4-44-r2.dat,3,4,44,2
20190706/user3/user3-2-77-r6.dat,3,2,77,6
20190706/user3/user3-2-3-r2.dat,3,2,3,2
20190706/user3/user3-2-49-r4.dat,3,2,49,4
20190706/user3/user3-3-92-r3.dat,3,3,92,3
20190706/user3/user3-4-17-r6.dat,3,4,17,6
20190706/user3/user3-4-71-r6.dat,3,4,71,6
20190706/user3/user3-2-27-r2.dat,3,2,27,2
20190706/user3/user3-4-81-r4.dat,3,4,81,4
20190706/user3/user3-3-68-r1.dat,3,3,68,1
20190706/user3/user3-4-64-r3.dat,3,4,64,3
20190706/user3/user3-2-2-r2.dat,3,2,2,2
20190706/user3/user3-2-1-r4.dat,3,2,1,4
20190706/user3/user3-3-82-r6.dat,3,3,82,6
20190706/user3/user3-4-29-r1.dat,3,4,29,1
20190706/user3/user3-3-63-r1.dat,3,3,63,1
20190706/user3/user3-4-69-r3.dat,3,4,69,3
20190706/user3/user3-2-17-r1.dat,3,2,17,1
20190706/user3/user3-3-43-r5.dat,3,3,43,5
20190706/user3/user3-3-71-r3.dat,3,3,71,3
20190706/user3/user3-2-10-r1.dat,3,2,10,1
20190706/user3/user3-1-27-r5.dat,3,1,27,5
20190706/user3/user3-4-69-r6.dat,3,4,69,6
20190706/user3/user3-1-76-r2.dat,3,1,76,2
20190706/user3/user3-4-5-r1.dat,3,4,5,1
20190706/user3/user3-1-72-r1.dat,3,1,72,1
20190706/user3/user3-4-20-r2.dat,3,4,20,2
20190706/user3/user3-1-32-r3.dat,3,1,32,3
20190706/user3/user3-4-17-r4.dat,3,4,17,4
20190706/user3/user3-3-91-r4.dat,3,3,91,4
20190706/user3/user3-1-85-r2.dat,3,1,85,2
20190706/user3/user3-3-44-r6.dat,3,3,44,6
20190706/user3/user3-3-48-r1.dat,3,3,48,1
20190706/user3/user3-4-48-r5.dat,3,4,48,5
20190706/user3/user3-3-89-r6.dat,3,3,89,6
20190706/user3/user3-2-55-r3.dat,3,2,55,3
20190706/user3/user3-1-47-r2.dat,3,1,47,2
20190706/user3/user3-3-67-r1.dat,3,3,67,1
20190706/user3/user3-4-97-r1.dat,3,4,97,1
20190706/user3/user3-2-70-r4.dat,3,2,70,4
20190706/user3/user3-4-23-r1.dat,3,4,23,1
20190706/user3/user3-3-96-r4.dat,3,3,96,4
20190706/user3/user3-1-78-r4.dat,3,1,78,4
20190706/user3/user3-4-59-r2.dat,3,4,59,2
20190706/user3/user3-2-40-r5.dat,3,2,40,5
20190706/user3/user3-4-57-r5.dat,3,4,57,5
20190706/user3/user3-4-56-r6.dat,3,4,56,6
20190706/user3/user3-1-79-r3.dat,3,1,79,3
20190706/user3/user3-1-87-r2.dat,3,1,87,2
20190706/user3/user3-2-5-r1.dat,3,2,5,1
20190706/user3/user3-2-44-r1.dat,3,2,44,1
20190706/user3/user3-1-44-r5.dat,3,1,44,5
20190706/user3/user3-2-35-r1.dat,3,2,35,1
20190706/user3/user3-4-28-r2.dat,3,4,28,2
20190706/user3/user3-1-92-r5.dat,3,1,92,5
20190706/user3/user3-1-100-r6.dat,3,1,100,6
20190706/user3/user3-2-54-r2.dat,3,2,54,2
20190706/user3/user3-1-61-r6.dat,3,1,61,6
20190706/user3/user3-1-17-r5.dat,3,1,17,5
20190706/user3/user3-1-2-r3.dat,3,1,2,3
20190706/user3/user3-4-52-r6.dat,3,4,52,6
20190706/user3/user3-3-92-r6.dat,3,3,92,6
20190706/user3/user3-4-20-r1.dat,3,4,20,1
20190706/user3/user3-1-39-r4.dat,3,1,39,4
20190706/user3/user3-3-30-r1.dat,3,3,30,1
20190706/user3/user3-3-18-r3.dat,3,3,18,3
20190706/user3/user3-4-5-r4.dat,3,4,5,4
20190706/user3/user3-3-93-r5.dat,3,3,93,5
20190706/user3/user3-3-82-r4.dat,3,3,82,4
20190706/user3/user3-4-26-r5.dat,3,4,26,5
20190706/user3/user3-1-89-r4.dat,3,1,89,4
20190706/user3/user3-2-6-r3.dat,3,2,6,3
20190706/user3/user3-2-77-r5.dat,3,2,77,5
20190706/user3/user3-4-38-r4.dat,3,4,38,4
20190706/user3/user3-3-78-r2.dat,3,3,78,2
20190706/user3/user3-2-68-r2.dat,3,2,68,2
20190706/user3/user3-3-99-r6.dat,3,3,99,6
20190706/user3/user3-4-93-r6.dat,3,4,93,6
20190706/user3/user3-4-24-r2.dat,3,4,24,2
20190706/user3/user3-4-49-r6.dat,3,4,49,6
20190706/user3/user3-1-27-r4.dat,3,1,27,4
20190706/user3/user3-2-19-r1.dat,3,2,19,1
20190706/user3/user3-2-66-r6.dat,3,2,66,6
20190706/user3/user3-4-76-r6.dat,3,4,76,6
20190706/user3/user3-4-17-r5.dat,3,4,17,5
20190706/user3/user3-3-83-r2.dat,3,3,83,2
20190706/user3/user3-4-7-r6.dat,3,4,7,6
20190706/user3/user3-4-68-r6.dat,3,4,68,6
20190706/user3/user3-4-13-r4.dat,3,4,13,4
20190706/user3/user3-2-83-r6.dat,3,2,83,6
20190706/user3/user3-4-6-r1.dat,3,4,6,1
20190706/user3/user3-4-2-r5.dat,3,4,2,5
20190706/user3/user3-1-63-r3.dat,3,1,63,3
20190706/user3/user3-4-9-r5.dat,3,4,9,5
20190706/user3/user3-4-98-r1.dat,3,4,98,1
20190706/user3/user3-3-80-r6.dat,3,3,80,6
20190706/user3/user3-3-48-r4.dat,3,3,48,4
20190706/user3/user3-4-60-r4.dat,3,4,60,4
20190706/user3/user3-1-38-r3.dat,3,1,38,3
20190706/user3/user3-4-93-r5.dat,3,4,93,5
20190706/user3/user3-1-50-r4.dat,3,1,50,4
20190706/user3/user3-1-75-r1.dat,3,1,75,1
20190706/user3/user3-4-38-r6.dat,3,4,38,6
20190706/user3/user3-3-63-r5.dat,3,3,63,5
20190706/user3/user3-4-9-r2.dat,3,4,9,2
20190706/user3/user3-2-93-r6.dat,3,2,93,6
20190706/user3/user3-2-53-r3.dat,3,2,53,3
20190706/user3/user3-2-57-r4.dat,3,2,57,4
20190706/user3/user3-4-85-r6.dat,3,4,85,6
20190706/user3/user3-2-85-r2.dat,3,2,85,2
20190706/user3/user3-1-50-r3.dat,3,1,50,3
20190706/user3/user3-1-31-r4.dat,3,1,31,4
20190706/user3/user3-4-52-r1.dat,3,4,52,1
20190706/user3/user3-2-32-r5.dat,3,2,32,5
20190706/user3/user3-2-42-r3.dat,3,2,42,3
20190706/user3/user3-3-18-r4.dat,3,3,18,4
20190706/user3/user3-2-28-r5.dat,3,2,28,5
20190706/user3/user3-3-63-r3.dat,3,3,63,3
20190706/user3/user3-4-72-r3.dat,3,4,72,3
20190706/user3/user3-3-74-r2.dat,3,3,74,2
20190706/user3/user3-4-27-r2.dat,3,4,27,2
20190706/user3/user3-2-82-r2.dat,3,2,82,2
20190706/user3/user3-1-78-r2.dat,3,1,78,2
20190706/user3/user3-3-57-r5.dat,3,3,57,5
20190706/user3/user3-2-18-r2.dat,3,2,18,2
20190706/user3/user3-4-8-r4.dat,3,4,8,4
20190706/user3/user3-3-69-r3.dat,3,3,69,3
20190706/user3/user3-4-37-r3.dat,3,4,37,3
20190706/user3/user3-4-94-r5.dat,3,4,94,5
20190706/user3/user3-3-5-r4.dat,3,3,5,4
20190706/user3/user3-1-10-r6.dat,3,1,10,6
20190706/user3/user3-1-30-r6.dat,3,1,30,6
20190706/user3/user3-1-48-r2.dat,3,1,48,2
20190706/user3/user3-2-50-r1.dat,3,2,50,1
20190706/user3/user3-4-33-r5.dat,3,4,33,5
20190706/user3/user3-3-12-r2.dat,3,3,12,2
20190706/user3/user3-1-2-r1.dat,3,1,2,1
20190706/user3/user3-4-55-r3.dat,3,4,55,3
20190706/user3/user3-3-42-r2.dat,3,3,42,2
20190706/user3/user3-1-74-r6.dat,3,1,74,6
20190706/user3/user3-1-38-r5.dat,3,1,38,5
20190706/user3/user3-2-18-r4.dat,3,2,18,4
20190706/user3/user3-4-51-r1.dat,3,4,51,1
20190706/user3/user3-2-88-r6.dat,3,2,88,6
20190706/user3/user3-2-21-r2.dat,3,2,21,2
20190706/user3/user3-1-27-r2.dat,3,1,27,2
20190706/user3/user3-2-45-r4.dat,3,2,45,4
20190706/user3/user3-4-38-r3.dat,3,4,38,3
20190706/user3/user3-2-100-r4.dat,3,2,100,4
20190706/user3/user3-3-100-r6.dat,3,3,100,6
20190706/user3/user3-2-66-r1.dat,3,2,66,1
20190706/user3/user3-1-46-r3.dat,3,1,46,3
20190706/user3/user3-1-48-r3.dat,3,1,48,3
20190706/user3/user3-1-15-r4.dat,3,1,15,4
20190706/user3/user3-3-18-r2.dat,3,3,18,2
20190706/user3/user3-3-52-r4.dat,3,3,52,4
20190706/user3/user3-3-73-r4.dat,3,3,73,4
20190706/user3/user3-1-34-r1.dat,3,1,34,1
20190706/user3/user3-1-47-r6.dat,3,1,47,6
20190706/user3/user3-2-20-r3.dat,3,2,20,3
20190706/user3/user3-4-84-r4.dat,3,4,84,4
20190706/user3/user3-2-19-r5.dat,3,2,19,5
20190706/user3/user3-4-28-r3.dat,3,4,28,3
20190706/user3/user3-1-7-r4.dat,3,1,7,4
20190706/user3/user3-1-4-r2.dat,3,1,4,2
20190706/user3/user3-2-95-r3.dat,3,2,95,3
20190706/user3/user3-3-35-r4.dat,3,3,35,4
20190706/user3/user3-2-92-r4.dat,3,2,92,4
20190706/user3/user3-4-15-r5.dat,3,4,15,5
20190706/user3/user3-4-65-r5.dat,3,4,65,5
20190706/user3/user3-2-62-r5.dat,3,2,62,5
20190706/user3/user3-3-48-r2.dat,3,3,48,2
20190706/user3/user3-2-76-r5.dat,3,2,76,5
20190706/user3/user3-3-54-r5.dat,3,3,54,5
20190706/user3/user3-4-45-r5.dat,3,4,45,5
20190706/user3/user3-3-85-r4.dat,3,3,85,4
20190706/user3/user3-2-91-r4.dat,3,2,91,4
20190706/user3/user3-1-18-r1.dat,3,1,18,1
20190706/user3/user3-2-62-r3.dat,3,2,62,3
20190706/user3/user3-1-43-r3.dat,3,1,43,3
20190706/user3/user3-3-95-r2.dat,3,3,95,2
20190706/user3/user3-3-79-r5.dat,3,3,79,5
20190706/user3/user3-3-8-r4.dat,3,3,8,4
20190706/user3/user3-3-97-r1.dat,3,3,97,1
20190706/user3/user3-4-72-r2.dat,3,4,72,2
20190706/user3/user3-4-87-r4.dat,3,4,87,4
20190706/user3/user3-3-20-r5.dat,3,3,20,5
20190706/user3/user3-2-67-r5.dat,3,2,67,5
20190706/user3/user3-2-52-r2.dat,3,2,52,2
20190706/user3/user3-2-11-r2.dat,3,2,11,2
20190706/user3/user3-4-12-r4.dat,3,4,12,4
20190706/user3/user3-4-66-r6.dat,3,4,66,6
20190706/user3/user3-1-12-r6.dat,3,1,12,6
20190706/user3/user3-2-87-r6.dat,3,2,87,6
20190706/user3/user3-4-25-r4.dat,3,4,25,4
20190706/user3/user3-3-66-r2.dat,3,3,66,2
20190706/user3/user3-3-52-r6.dat,3,3,52,6
20190706/user3/user3-1-73-r1.dat,3,1,73,1
20190706/user3/user3-3-14-r1.dat,3,3,14,1
20190706/user3/user3-2-6-r5.dat,3,2,6,5
20190706/user3/user3-4-35-r1.dat,3,4,35,1
20190706/user3/user3-1-12-r2.dat,3,1,12,2
20190706/user3/user3-3-45-r4.dat,3,3,45,4
20190706/user3/user3-2-35-r2.dat,3,2,35,2
20190706/user3/user3-4-8-r2.dat,3,4,8,2
20190706/user3/user3-1-20-r5.dat,3,1,20,5
20190706/user3/user3-4-61-r4.dat,3,4,61,4
20190706/user3/user3-3-81-r6.dat,3,3,81,6
20190706/user3/user3-1-15-r5.dat,3,1,15,5
20190706/user3/user3-2-27-r5.dat,3,2,27,5
20190706/user3/user3-3-38-r6.dat,3,3,38,6
20190706/user3/user3-2-36-r5.dat,3,2,36,5
20190706/user3/user3-2-90-r3.dat,3,2,90,3
20190706/user3/user3-2-82-r1.dat,3,2,82,1
20190706/user3/user3-3-82-r2.dat,3,3,82,2
20190706/user3/user3-3-12-r4.dat,3,3,12,4
20190706/user3/user3-3-97-r3.dat,3,3,97,3
20190706/user3/user3-2-71-r3.dat,3,2,71,3
20190706/user3/user3-2-34-r4.dat,3,2,34,4
20190706/user3/user3-1-94-r2.dat,3,1,94,2
20190706/user3/user3-3-65-r6.dat,3,3,65,6
20190706/user3/user3-2-69-r1.dat,3,2,69,1
20190706/user3/user3-4-81-r2.dat,3,4,81,2
20190706/user3/user3-2-33-r5.dat,3,2,33,5
20190706/user3/user3-2-14-r1.dat,3,2,14,1
20190706/user3/user3-1-92-r3.dat,3,1,92,3
20190706/user3/user3-2-62-r1.dat,3,2,62,1
20190706/user3/user3-3-22-r2.dat,3,3,22,2
20190706/user3/user3-4-58-r4.dat,3,4,58,4
20190706/user3/user3-4-82-r1.dat,3,4,82,1
20190706/user3/user3-4-10-r1.dat,3,4,10,1
20190706/user3/user3-3-46-r3.dat,3,3,46,3
20190706/user3/user3-2-73-r3.dat,3,2,73,3
20190706/user3/user3-4-70-r3.dat,3,4,70,3
20190706/user3/user3-1-90-r5.dat,3,1,90,5
20190706/user3/user3-2-94-r1.dat,3,2,94,1
20190706/user3/user3-1-15-r1.dat,3,1,15,1
20190706/user3/user3-1-16-r6.dat,3,1,16,6
20190706/user3/user3-1-46-r2.dat,3,1,46,2
20190706/user3/user3-1-67-r5.dat,3,1,67,5
20190706/user3/user3-3-22-r3.dat,3,3,22,3
20190706/user3/user3-3-24-r5.dat,3,3,24,5
20190706/user3/user3-4-18-r3.dat,3,4,18,3
20190706/user3/user3-2-10-r6.dat,3,2,10,6
20190706/user3/user3-3-21-r5.dat,3,3,21,5
20190706/user3/user3-4-47-r1.dat,3,4,47,1
20190706/user3/user3-1-58-r6.dat,3,1,58,6
20190706/user3/user3-3-83-r3.dat,3,3,83,3
20190706/user3/user3-2-1-r1.dat,3,2,1,1
20190706/user3/user3-3-62-r3.dat,3,3,62,3
20190706/user3/user3-4-51-r6.dat,3,4,51,6
20190706/user3/user3-4-74-r3.dat,3,4,74,3
20190706/user3/user3-4-59-r5.dat,3,4,59,5
20190706/user3/user3-3-11-r1.dat,3,3,11,1
20190706/user3/user3-4-22-r5.dat,3,4,22,5
20190706/user3/user3-2-16-r2.dat,3,2,16,2
20190706/user3/user3-1-37-r5.dat,3,1,37,5
20190706/user3/user3-4-23-r2.dat,3,4,23,2
20190706/user3/user3-1-87-r1.dat,3,1,87,1
20190706/user3/user3-4-98-r6.dat,3,4,98,6
20190706/user3/user3-4-27-r4.dat,3,4,27,4
20190706/user3/user3-3-90-r3.dat,3,3,90,3
20190706/user3/user3-4-84-r1.dat,3,4,84,1
20190706/user3/user3-3-11-r2.dat,3,3,11,2
20190706/user3/user3-2-79-r6.dat,3,2,79,6
20190706/user3/user3-2-94-r3.dat,3,2,94,3
20190706/user3/user3-1-90-r1.dat,3,1,90,1
20190706/user3/user3-1-91-r4.dat,3,1,91,4
20190706/user3/user3-2-41-r3.dat,3,2,41,3
20190706/user3/user3-2-86-r1.dat,3,2,86,1
20190706/user3/user3-3-40-r4.dat,3,3,40,4
20190706/user3/user3-3-45-r3.dat,3,3,45,3
20190706/user3/user3-3-34-r3.dat,3,3,34,3
20190706/user3/user3-3-68-r6.dat,3,3,68,6
20190706/user3/user3-2-92-r5.dat,3,2,92,5
20190706/user3/user3-1-60-r6.dat,3,1,60,6
20190706/user3/user3-3-80-r5.dat,3,3,80,5
20190706/user3/user3-1-85-r5.dat,3,1,85,5
20190706/user3/user3-4-80-r5.dat,3,4,80,5
20190706/user3/user3-2-70-r6.dat,3,2,70,6
20190706/user3/user3-1-57-r2.dat,3,1,57,2
20190706/user3/user3-3-26-r1.dat,3,3,26,1
20190706/user3/user3-4-66-r1.dat,3,4,66,1
20190706/user3/user3-2-39-r4.dat,3,2,39,4
20190706/user3/user3-4-18-r1.dat,3,4,18,1
20190706/user3/user3-4-26-r4.dat,3,4,26,4
20190706/user3/user3-2-59-r5.dat,3,2,59,5
20190706/user3/user3-4-25-r3.dat,3,4,25,3
20190706/user3/user3-4-62-r1.dat,3,4,62,1
20190706/user3/user3-3-76-r5.dat,3,3,76,5
20190706/user3/user3-1-45-r4.dat,3,1,45,4
20190706/user3/user3-4-84-r3.dat,3,4,84,3
20190706/user3/user3-3-60-r1.dat,3,3,60,1
20190706/user3/user3-2-90-r2.dat,3,2,90,2
20190706/user3/user3-4-16-r1.dat,3,4,16,1
20190706/user3/user3-4-10-r4.dat,3,4,10,4
20190706/user3/user3-1-41-r4.dat,3,1,41,4
20190706/user3/user3-3-8-r5.dat,3,3,8,5
20190706/user3/user3-1-19-r6.dat,3,1,19,6
20190706/user3/user3-1-68-r1.dat,3,1,68,1
20190706/user3/user3-1-35-r3.dat,3,1,35,3
20190706/user3/user3-4-6-r2.dat,3,4,6,2
20190706/user3/user3-3-1-r6.dat,3,3,1,6
20190706/user3/user3-3-40-r3.dat,3,3,40,3
20190706/user3/user3-2-34-r2.dat,3,2,34,2
20190706/user3/user3-2-75-r2.dat,3,2,75,2
20190706/user3/user3-4-21-r6.dat,3,4,21,6
20190706/user3/user3-3-37-r2.dat,3,3,37,2
20190706/user3/user3-1-99-r4.dat,3,1,99,4
20190706/user3/user3-4-43-r5.dat,3,4,43,5
20190706/user3/user3-2-78-r6.dat,3,2,78,6
20190706/user3/user3-3-7-r1.dat,3,3,7,1
20190706/user3/user3-4-2-r3.dat,3,4,2,3
20190706/user3/user3-4-94-r4.dat,3,4,94,4
20190706/user3/user3-4-77-r2.dat,3,4,77,2
20190706/user3/user3-4-92-r1.dat,3,4,92,1
20190706/user3/user3-4-87-r5.dat,3,4,87,5
20190706/user3/user3-4-58-r6.dat,3,4,58,6
20190706/user3/user3-1-22-r1.dat,3,1,22,1
20190706/user3/user3-4-18-r2.dat,3,4,18,2
20190706/user3/user3-4-80-r4.dat,3,4,80,4
20190706/user3/user3-2-53-r6.dat,3,2,53,6
20190706/user3/user3-3-37-r4.dat,3,3,37,4
20190706/user3/user3-3-90-r1.dat,3,3,90,1
20190706/user3/user3-3-23-r2.dat,3,3,23,2
20190706/user3/user3-4-44-r5.dat,3,4,44,5
20190706/user3/user3-3-23-r4.dat,3,3,23,4
20190706/user3/user3-3-73-r5.dat,3,3,73,5
20190706/user3/user3-1-86-r3.dat,3,1,86,3
20190706/user3/user3-4-62-r4.dat,3,4,62,4
20190706/user3/user3-2-28-r6.dat,3,2,28,6
20190706/user3/user3-3-4-r5.dat,3,3,4,5
20190706/user3/user3-2-15-r6.dat,3,2,15,6
20190706/user3/user3-2-32-r2.dat,3,2,32,2
20190706/user3/user3-2-38-r1.dat,3,2,38,1
20190706/user3/user3-1-75-r5.dat,3,1,75,5
20190706/user3/user3-4-58-r1.dat,3,4,58,1
20190706/user3/user3-4-56-r3.dat,3,4,56,3
20190706/user3/user3-2-75-r4.dat,3,2,75,4
20190706/user3/user3-2-46-r3.dat,3,2,46,3
20190706/user3/user3-4-2-r6.dat,3,4,2,6
20190706/user3/user3-1-20-r4.dat,3,1,20,4
20190706/user3/user3-4-66-r2.dat,3,4,66,2
20190706/user3/user3-4-100-r4.dat,3,4,100,4
20190706/user3/user3-3-93-r4.dat,3,3,93,4
20190706/user3/user3-3-6-r6.dat,3,3,6,6
20190706/user3/user3-3-54-r4.dat,3,3,54,4
20190706/user3/user3-4-93-r3.dat,3,4,93,3
20190706/user3/user3-4-64-r5.dat,3,4,64,5
20190706/user3/user3-3-43-r1.dat,3,3,43,1
20190706/user3/user3-1-70-r3.dat,3,1,70,3
20190706/user3/user3-1-39-r5.dat,3,1,39,5
20190706/user3/user3-1-81-r6.dat,3,1,81,6
20190706/user3/user3-1-88-r1.dat,3,1,88,1
20190706/user3/user3-3-47-r6.dat,3,3,47,6
20190706/user3/user3-4-67-r3.dat,3,4,67,3
20190706/user3/user3-3-53-r6.dat,3,3,53,6
20190706/user3/user3-1-53-r3.dat,3,1,53,3
20190706/user3/user3-1-73-r3.dat,3,1,73,3
20190706/user3/user3-1-61-r4.dat,3,1,61,4
20190706/user3/user3-2-31-r3.dat,3,2,31,3
20190706/user3/user3-4-57-r4.dat,3,4,57,4
20190706/user3/user3-1-63-r6.dat,3,1,63,6
20190706/user3/user3-4-16-r5.dat,3,4,16,5
20190706/user3/user3-2-76-r3.dat,3,2,76,3
20190706/user3/user3-2-92-r2.dat,3,2,92,2
20190706/user3/user3-1-31-r5.dat,3,1,31,5
20190706/user3/user3-3-13-r6.dat,3,3,13,6
20190706/user3/user3-3-29-r5.dat,3,3,29,5
20190706/user3/user3-4-99-r3.dat,3,4,99,3
20190706/user3/user3-4-36-r5.dat,3,4,36,5
20190706/user3/user3-3-20-r4.dat,3,3,20,4
20190706/user3/user3-3-44-r1.dat,3,3,44,1
20190706/user3/user3-4-100-r3.dat,3,4,100,3
20190706/user3/user3-2-40-r3.dat,3,2,40,3
20190706/user3/user3-3-69-r2.dat,3,3,69,2
20190706/user3/user3-1-77-r1.dat,3,1,77,1
20190706/user3/user3-4-39-r3.dat,3,4,39,3
20190706/user3/user3-1-47-r4.dat,3,1,47,4
20190706/user3/user3-1-17-r4.dat,3,1,17,4
20190706/user3/user3-2-61-r3.dat,3,2,61,3
20190706/user3/user3-2-87-r3.dat,3,2,87,3
20190706/user3/user3-3-3-r3.dat,3,3,3,3
20190706/user3/user3-2-73-r4.dat,3,2,73,4
20190706/user3/user3-4-33-r1.dat,3,4,33,1
20190706/user3/user3-1-44-r6.dat,3,1,44,6
20190706/user3/user3-1-35-r2.dat,3,1,35,2
20190706/user3/user3-3-25-r6.dat,3,3,25,6
20190706/user3/user3-4-13-r2.dat,3,4,13,2
20190706/user3/user3-3-55-r3.dat,3,3,55,3
20190706/user3/user3-3-47-r1.dat,3,3,47,1
20190706/user3/user3-4-7-r1.dat,3,4,7,1
20190706/user3/user3-4-94-r6.dat,3,4,94,6
20190706/user3/user3-3-6-r4.dat,3,3,6,4
20190706/user3/user3-1-91-r6.dat,3,1,91,6
20190706/user3/user3-1-44-r1.dat,3,1,44,1
20190706/user3/user3-1-10-r1.dat,3,1,10,1
20190706/user3/user3-2-52-r3.dat,3,2,52,3
20190706/user3/user3-4-25-r6.dat,3,4,25,6
20190706/user3/user3-3-78-r6.dat,3,3,78,6
20190706/user3/user3-2-73-r1.dat,3,2,73,1
20190706/user3/user3-4-78-r3.dat,3,4,78,3
20190706/user3/user3-2-23-r5.dat,3,2,23,5
20190706/user3/user3-4-92-r6.dat,3,4,92,6
20190706/user3/user3-2-81-r2.dat,3,2,81,2
20190706/user3/user3-2-92-r1.dat,3,2,92,1
20190706/user3/user3-2-10-r2.dat,3,2,10,2
20190706/user3/user3-1-69-r6.dat,3,1,69,6
20190706/user3/user3-2-42-r4.dat,3,2,42,4
20190706/user3/user3-2-81-r4.dat,3,2,81,4
20190706/user3/user3-4-76-r3.dat,3,4,76,3
20190706/user3/user3-4-16-r6.dat,3,4,16,6
20190706/user3/user3-4-47-r6.dat,3,4,47,6
20190706/user3/user3-1-53-r2.dat,3,1,53,2
20190706/user3/user3-2-91-r6.dat,3,2,91,6
20190706/user3/user3-4-77-r6.dat,3,4,77,6
20190706/user3/user3-2-7-r2.dat,3,2,7,2
20190706/user3/user3-1-48-r6.dat,3,1,48,6
20190706/user3/user3-2-16-r3.dat,3,2,16,3
20190706/user3/user3-4-54-r4.dat,3,4,54,4
20190706/user3/user3-2-5-r4.dat,3,2,5,4
20190706/user3/user3-3-95-r4.dat,3,3,95,4
20190706/user3/user3-3-22-r1.dat,3,3,22,1
20190706/user3/user3-2-43-r3.dat,3,2,43,3
20190706/user3/user3-1-30-r5.dat,3,1,30,5
20190706/user3/user3-2-54-r5.dat,3,2,54,5
20190706/user3/user3-4-14-r1.dat,3,4,14,1
20190706/user3/user3-4-29-r5.dat,3,4,29,5
20190706/user3/user3-3-9-r2.dat,3,3,9,2
20190706/user3/user3-4-31-r2.dat,3,4,31,2
20190706/user3/user3-2-93-r1.dat,3,2,93,1
20190706/user3/user3-1-85-r4.dat,3,1,85,4
20190706/user3/user3-2-12-r3.dat,3,2,12,3
20190706/user3/user3-4-100-r1.dat,3,4,100,1
20190706/user3/user3-3-73-r3.dat,3,3,73,3
20190706/user3/user3-3-100-r4.dat,3,3,100,4
20190706/user3/user3-1-56-r3.dat,3,1,56,3
20190706/user3/user3-4-3-r1.dat,3,4,3,1
20190706/user3/user3-2-20-r4.dat,3,2,20,4
20190706/user3/user3-2-85-r3.dat,3,2,85,3
20190706/user3/user3-2-38-r5.dat,3,2,38,5
20190706/user3/user3-3-9-r5.dat,3,3,9,5
20190706/user3/user3-4-5-r6.dat,3,4,5,6
20190706/user3/user3-1-77-r4.dat,3,1,77,4
20190706/user3/user3-2-76-r4.dat,3,2,76,4
20190706/user3/user3-3-75-r3.dat,3,3,75,3
20190706/user3/user3-2-12-r4.dat,3,2,12,4
20190706/user3/user3-2-64-r6.dat,3,2,64,6
20190706/user3/user3-3-98-r3.dat,3,3,98,3
20190706/user3/user3-1-26-r2.dat,3,1,26,2
20190706/user3/user3-2-1-r3.dat,3,2,1,3
20190706/user3/user3-3-28-r3.dat,3,3,28,3
20190706/user3/user3-3-63-r4.dat,3,3,63,4
20190706/user3/user3-1-2-r5.dat,3,1,2,5
20190706/user3/user3-3-42-r6.dat,3,3,42,6
20190706/user3/user3-1-37-r3.dat,3,1,37,3
20190706/user3/user3-2-54-r1.dat,3,2,54,1
20190706/user3/user3-4-65-r3.dat,3,4,65,3
20190706/user3/user3-4-11-r1.dat,3,4,11,1
20190706/user3/user3-4-95-r5.dat,3,4,95,5
20190706/user3/user3-4-47-r5.dat,3,4,47,5
20190706/user3/user3-4-50-r2.dat,3,4,50,2
20190706/user3/user3-3-36-r6.dat,3,3,36,6
20190706/user3/user3-2-13-r6.dat,3,2,13,6
20190706/user3/user3-1-26-r6.dat,3,1,26,6
20190706/user3/user3-4-60-r3.dat,3,4,60,3
20190706/user3/user3-3-52-r2.dat,3,3,52,2
20190706/user3/user3-2-30-r4.dat,3,2,30,4
20190706/user3/user3-1-23-r3.dat,3,1,23,3
20190706/user3/user3-2-50-r6.dat,3,2,50,6
20190706/user3/user3-4-8-r3.dat,3,4,8,3
20190706/user3/user3-2-97-r1.dat,3,2,97,1
20190706/user3/user3-2-58-r1.dat,3,2,58,1
20190706/user3/user3-4-79-r4.dat,3,4,79,4
20190706/user3/user3-2-88-r2.dat,3,2,88,2
20190706/user3/user3-3-67-r2.dat,3,3,67,2
20190706/user3/user3-2-100-r6.dat,3,2,100,6
20190706/user3/user3-3-68-r3.dat,3,3,68,3
20190706/user3/user3-4-70-r1.dat,3,4,70,1
20190706/user3/user3-1-1-r2.dat,3,1,1,2
20190706/user3/user3-3-14-r2.dat,3,3,14,2
20190706/user3/user3-2-29-r1.dat,3,2,29,1
20190706/user3/user3-1-71-r4.dat,3,1,71,4
20190706/user3/user3-1-1-r6.dat,3,1,1,6
20190706/user3/user3-2-51-r1.dat,3,2,51,1
20190706/user3/user3-1-44-r3.dat,3,1,44,3
20190706/user3/user3-2-48-r1.dat,3,2,48,1
20190706/user3/user3-1-70-r6.dat,3,1,70,6
20190706/user3/user3-3-31-r3.dat,3,3,31,3
20190706/user3/user3-3-87-r4.dat,3,3,87,4
20190706/user3/user3-2-28-r3.dat,3,2,28,3
20190706/user3/user3-1-93-r2.dat,3,1,93,2
20190706/user3/user3-4-70-r2.dat,3,4,70,2
20190706/user3/user3-3-19-r4.dat,3,3,19,4
20190706/user3/user3-4-96-r4.dat,3,4,96,4
20190706/user3/user3-4-19-r6.dat,3,4,19,6
20190706/user3/user3-2-27-r6.dat,3,2,27,6
20190706/user3/user3-3-64-r4.dat,3,3,64,4
20190706/user3/user3-4-48-r1.dat,3,4,48,1
20190706/user3/user3-3-93-r3.dat,3,3,93,3
20190706/user3/user3-2-23-r1.dat,3,2,23,1
20190706/user3/user3-2-99-r4.dat,3,2,99,4
20190706/user3/user3-2-31-r4.dat,3,2,31,4
20190706/user3/user3-1-23-r5.dat,3,1,23,5
20190706/user3/user3-1-98-r4.dat,3,1,98,4
20190706/user3/user3-3-78-r3.dat,3,3,78,3
20190706/user3/user3-1-64-r6.dat,3,1,64,6
20190706/user3/user3-1-87-r4.dat,3,1,87,4
20190706/user3/user3-4-88-r2.dat,3,4,88,2
20190706/user3/user3-2-60-r5.dat,3,2,60,5
20190706/user3/user3-3-21-r2.dat,3,3,21,2
20190706/user3/user3-4-44-r6.dat,3,4,44,6
20190706/user3/user3-4-11-r2.dat,3,4,11,2
20190706/user3/user3-4-88-r4.dat,3,4,88,4
20190706/user3/user3-1-55-r1.dat,3,1,55,1
20190706/user3/user3-4-17-r1.dat,3,4,17,1
20190706/user3/user3-1-3-r6.dat,3,1,3,6
20190706/user3/user3-3-26-r5.dat,3,3,26,5
20190706/user3/user3-1-6-r3.dat,3,1,6,3
20190706/user3/user3-1-3-r4.dat,3,1,3,4
20190706/user3/user3-1-57-r3.dat,3,1,57,3
20190706/user3/user3-2-31-r5.dat,3,2,31,5
20190706/user3/user3-4-73-r4.dat,3,4,73,4
20190706/user3/user3-1-61-r3.dat,3,1,61,3
20190706/user3/user3-2-3-r5.dat,3,2,3,5
20190706/user3/user3-2-30-r2.dat,3,2,30,2
20190706/user3/user3-2-67-r4.dat,3,2,67,4
20190706/user3/user3-1-79-r6.dat,3,1,79,6
20190706/user3/user3-4-34-r4.dat,3,4,34,4
20190706/user3/user3-4-3-r3.dat,3,4,3,3
20190706/user3/user3-3-42-r4.dat,3,3,42,4
20190706/user3/user3-3-11-r5.dat,3,3,11,5
20190706/user3/user3-3-36-r1.dat,3,3,36,1
20190706/user3/user3-2-36-r4.dat,3,2,36,4
20190706/user3/user3-1-68-r2.dat,3,1,68,2
20190706/user3/user3-3-65-r1.dat,3,3,65,1
20190706/user3/user3-1-89-r3.dat,3,1,89,3
20190706/user3/user3-1-4-r6.dat,3,1,4,6
20190706/user3/user3-3-67-r5.dat,3,3,67,5
20190706/user3/user3-4-24-r6.dat,3,4,24,6
20190706/user3/user3-4-26-r3.dat,3,4,26,3
20190706/user3/user3-4-12-r2.dat,3,4,12,2
20190706/user3/user3-4-28-r5.dat,3,4,28,5
20190706/user3/user3-3-9-r6.dat,3,3,9,6
20190706/user3/user3-3-58-r6.dat,3,3,58,6
20190706/user3/user3-3-25-r3.dat,3,3,25,3
20190706/user3/user3-2-23-r3.dat,3,2,23,3
20190706/user3/user3-4-74-r4.dat,3,4,74,4
20190706/user3/user3-3-31-r5.dat,3,3,31,5
20190706/user3/user3-2-41-r1.dat,3,2,41,1
20190706/user3/user3-1-58-r3.dat,3,1,58,3
20190706/user3/user3-2-64-r4.dat,3,2,64,4
20190706/user3/user3-3-4-r6.dat,3,3,4,6
20190706/user3/user3-4-61-r3.dat,3,4,61,3
20190706/user3/user3-3-54-r6.dat,3,3,54,6
20190706/user3/user3-3-33-r6.dat,3,3,33,6
20190706/user3/user3-4-29-r3.dat,3,4,29,3
20190706/user3/user3-4-8-r1.dat,3,4,8,1
20190706/user3/user3-1-65-r5.dat,3,1,65,5
20190706/user3/user3-4-73-r3.dat,3,4,73,3
20190706/user3/user3-4-56-r5.dat,3,4,56,5
20190706/user3/user3-4-21-r4.dat,3,4,21,4
20190706/user3/user3-4-69-r5.dat,3,4,69,5
20190706/user3/user3-3-97-r5.dat,3,3,97,5
20190706/user3/user3-4-98-r4.dat,3,4,98,4
20190706/user3/user3-2-54-r6.dat,3,2,54,6
20190706/user3/user3-3-90-r2.dat,3,3,90,2
20190706/user3/user3-2-66-r3.dat,3,2,66,3
20190706/user3/user3-1-27-r3.dat,3,1,27,3
20190706/user3/user3-4-25-r1.dat,3,4,25,1
20190706/user3/user3-3-7-r2.dat,3,3,7,2
20190706/user3/user3-4-9-r3.dat,3,4,9,3
20190706/user3/user3-2-72-r5.dat,3,2,72,5
20190706/user3/user3-1-7-r1.dat,3,1,7,1
20190706/user3/user3-1-40-r4.dat,3,1,40,4
20190706/user3/user3-4-57-r1.dat,3,4,57,1
20190706/user3/user3-3-15-r3.dat,3,3,15,3
20190706/user3/user3-4-81-r1.dat,3,4,81,1
20190706/user3/user3-1-21-r5.dat,3,1,21,5
20190706/user3/user3-1-58-r5.dat,3,1,58,5
20190706/user3/user3-1-14-r4.dat,3,1,14,4
20190706/user3/user3-1-99-r5.dat,3,1,99,5
20190706/user3/user3-4-14-r2.dat,3,4,14,2
20190706/user3/user3-1-69-r5.dat,3,1,69,5
20190706/user3/user3-1-11-r5.dat,3,1,11,5
20190706/user3/user3-3-86-r4.dat,3,3,86,4
20190706/user3/user3-4-53-r1.dat,3,4,53,1
20190706/user3/user3-2-75-r5.dat,3,2,75,5
20190706/user3/user3-3-28-r6.dat,3,3,28,6
20190706/user3/user3-1-38-r4.dat,3,1,38,4
20190706/user3/user3-2-79-r2.dat,3,2,79,2
20190706/user3/user3-4-83-r4.dat,3,4,83,4
20190706/user3/user3-2-3-r4.dat,3,2,3,4
20190706/user3/user3-4-95-r1.dat,3,4,95,1
20190706/user3/user3-2-89-r4.dat,3,2,89,4
20190706/user3/user3-2-78-r3.dat,3,2,78,3
20190706/user3/user3-1-80-r4.dat,3,1,80,4
20190706/user3/user3-4-96-r6.dat,3,4,96,6
20190706/user3/user3-1-82-r6.dat,3,1,82,6
20190706/user3/user3-2-60-r2.dat,3,2,60,2
20190706/user3/user3-3-8-r2.dat,3,3,8,2
20190706/user3/user3-4-73-r5.dat,3,4,73,5
20190706/user3/user3-3-94-r2.dat,3,3,94,2
20190706/user3/user3-2-36-r6.dat,3,2,36,6
20190706/user3/user3-4-92-r4.dat,3,4,92,4
20190706/user3/user3-4-30-r6.dat,3,4,30,6
20190706/user3/user3-3-62-r6.dat,3,3,62,6
20190706/user3/user3-2-25-r4.dat,3,2,25,4
20190706/user3/user3-1-38-r6.dat,3,1,38,6
20190706/user3/user3-1-66-r4.dat,3,1,66,4
20190706/user3/user3-3-9-r1.dat,3,3,9,1
20190706/user3/user3-4-45-r1.dat,3,4,45,1
20190706/user3/user3-1-10-r3.dat,3,1,10,3
20190706/user3/user3-1-25-r3.dat,3,1,25,3
20190706/user3/user3-4-91-r5.dat,3,4,91,5
20190706/user3/user3-2-2-r5.dat,3,2,2,5
20190706/user3/user3-3-16-r6.dat,3,3,16,6
20190706/user3/user3-1-20-r1.dat,3,1,20,1
20190706/user3/user3-3-92-r2.dat,3,3,92,2
20190706/user3/user3-1-96-r3.dat,3,1,96,3
20190706/user3/user3-2-27-r1.dat,3,2,27,1
20190706/user3/user3-1-82-r2.dat,3,1,82,2
20190706/user3/user3-2-48-r6.dat,3,2,48,6
20190706/user3/user3-3-25-r1.dat,3,3,25,1
20190706/user3/user3-3-55-r6.dat,3,3,55,6
20190706/user3/user3-1-80-r1.dat,3,1,80,1
20190706/user3/user3-2-96-r5.dat,3,2,96,5
20190706/user3/user3-4-11-r3.dat,3,4,11,3
20190706/user3/user3-3-5-r6.dat,3,3,5,6
20190706/user3/user3-2-64-r5.dat,3,2,64,5
20190706/user3/user3-2-71-r5.dat,3,2,71,5
20190706/user3/user3-4-79-r6.dat,3,4,79,6
20190706/user3/user3-1-25-r5.dat,3,1,25,5
20190706/user3/user3-2-23-r4.dat,3,2,23,4
20190706/user3/user3-3-49-r1.dat,3,3,49,1
20190706/user3/user3-3-49-r6.dat,3,3,49,6
20190706/user3/user3-2-24-r2.dat,3,2,24,2
20190706/user3/user3-3-45-r6.dat,3,3,45,6
20190706/user3/user3-1-16-r2.dat,3,1,16,2
20190706/user3/user3-2-75-r6.dat,3,2,75,6
20190706/user3/user3-1-52-r4.dat,3,1,52,4
20190706/user3/user3-1-50-r6.dat,3,1,50,6
20190706/user3/user3-3-39-r6.dat,3,3,39,6
20190706/user3/user3-2-45-r1.dat,3,2,45,1
20190706/user3/user3-3-36-r4.dat,3,3,36,4
20190706/user3/user3-3-83-r6.dat,3,3,83,6
20190706/user3/user3-4-12-r5.dat,3,4,12,5
20190706/user3/user3-1-67-r2.dat,3,1,67,2
20190706/user3/user3-3-74-r3.dat,3,3,74,3
20190706/user3/user3-1-28-r6.dat,3,1,28,6
20190706/user3/user3-4-58-r5.dat,3,4,58,5
20190706/user3/user3-3-35-r3.dat,3,3,35,3
20190706/user3/user3-3-78-r1.dat,3,3,78,1
20190706/user3/user3-1-60-r3.dat,3,1,60,3
20190706/user3/user3-1-47-r3.dat,3,1,47,3
20190706/user3/user3-4-92-r5.dat,3,4,92,5
20190706/user3/user3-1-59-r3.dat,3,1,59,3
20190706/user3/user3-4-85-r2.dat,3,4,85,2
20190706/user3/user3-2-70-r1.dat,3,2,70,1
20190706/user3/user3-1-30-r3.dat,3,1,30,3
20190706/user3/user3-1-87-r3.dat,3,1,87,3
20190706/user3/user3-4-97-r5.dat,3,4,97,5
20190706/user3/user3-2-70-r5.dat,3,2,70,5
20190706/user3/user3-4-99-r2.dat,3,4,99,2
20190706/user3/user3-1-40-r2.dat,3,1,40,2
20190706/user3/user3-2-19-r2.dat,3,2,19,2
20190706/user3/user3-3-60-r2.dat,3,3,60,2
20190706/user3/user3-1-95-r4.dat,3,1,95,4
20190706/user3/user3-1-83-r1.dat,3,1,83,1
20190706/user3/user3-3-30-r4.dat,3,3,30,4
20190706/user3/user3-3-32-r5.dat,3,3,32,5
20190706/user3/user3-3-99-r4.dat,3,3,99,4
20190706/user3/user3-4-64-r2.dat,3,4,64,2
20190706/user3/user3-3-70-r2.dat,3,3,70,2
20190706/user3/user3-3-61-r4.dat,3,3,61,4
20190706/user3/user3-2-17-r5.dat,3,2,17,5
20190706/user3/user3-1-13-r1.dat,3,1,13,1
20190706/user3/user3-2-88-r3.dat,3,2,88,3
20190706/user3/user3-1-82-r5.dat,3,1,82,5
20190706/user3/user3-3-31-r6.dat,3,3,31,6
20190706/user3/user3-2-25-r3.dat,3,2,25,3
20190706/user3/user3-4-44-r3.dat,3,4,44,3
20190706/user3/user3-1-9-r5.dat,3,1,9,5
20190706/user3/user3-4-90-r2.dat,3,4,90,2
20190706/user3/user3-4-91-r6.dat,3,4,91,6
20190706/user3/user3-3-85-r2.dat,3,3,85,2
20190706/user3/user3-4-83-r6.dat,3,4,83,6
20190706/user3/user3-3-98-r6.dat,3,3,98,6
20190706/user3/user3-4-72-r4.dat,3,4,72,4
20190706/user3/user3-3-26-r6.dat,3,3,26,6
20190706/user3/user3-4-42-r2.dat,3,4,42,2
20190706/user3/user3-2-80-r2.dat,3,2,80,2
20190706/user3/user3-4-53-r6.dat,3,4,53,6
20190706/user3/user3-3-74-r5.dat,3,3,74,5
20190706/user3/user3-1-85-r3.dat,3,1,85,3
20190706/user3/user3-4-47-r4.dat,3,4,47,4
20190706/user3/user3-4-24-r4.dat,3,4,24,4
20190706/user3/user3-1-66-r1.dat,3,1,66,1
20190706/user3/user3-1-19-r5.dat,3,1,19,5
20190706/user3/user3-2-86-r2.dat,3,2,86,2
20190706/user3/user3-1-54-r4.dat,3,1,54,4
20190706/user3/user3-1-100-r3.dat,3,1,100,3
20190706/user3/user3-3-50-r3.dat,3,3,50,3
20190706/user3/user3-1-66-r5.dat,3,1,66,5
20190706/user3/user3-1-11-r6.dat,3,1,11,6
20190706/user3/user3-1-60-r1.dat,3,1,60,1
20190706/user3/user3-3-33-r3.dat,3,3,33,3
20190706/user3/user3-3-30-r5.dat,3,3,30,5
20190706/user3/user3-2-94-r5.dat,3,2,94,5
20190706/user3/user3-2-83-r3.dat,3,2,83,3
20190706/user3/user3-2-20-r6.dat,3,2,20,6
20190706/user3/user3-1-32-r4.dat,3,1,32,4
20190706/user3/user3-4-62-r2.dat,3,4,62,2
20190706/user3/user3-4-20-r3.dat,3,4,20,3
20190706/user3/user3-1-78-r1.dat,3,1,78,1
20190706/user3/user3-1-8-r3.dat,3,1,8,3
20190706/user3/user3-2-82-r3.dat,3,2,82,3
20190706/user3/user3-4-34-r5.dat,3,4,34,5
20190706/user3/user3-4-30-r2.dat,3,4,30,2
20190706/user3/user3-4-54-r1.dat,3,4,54,1
20190706/user3/user3-3-29-r3.dat,3,3,29,3
20190706/user3/user3-4-82-r6.dat,3,4,82,6
20190706/user3/user3-3-6-r3.dat,3,3,6,3
20190706/user3/user3-1-73-r5.dat,3,1,73,5
20190706/user3/user3-3-26-r3.dat,3,3,26,3
20190706/user3/user3-3-77-r4.dat,3,3,77,4
20190706/user3/user3-1-24-r5.dat,3,1,24,5
20190706/user3/user3-1-57-r4.dat,3,1,57,4
20190706/user3/user3-1-21-r4.dat,3,1,21,4
20190706/user3/user3-3-48-r6.dat,3,3,48,6
20190706/user3/user3-2-7-r6.dat,3,2,7,6
20190706/user3/user3-1-59-r5.dat,3,1,59,5
20190706/user3/user3-1-63-r2.dat,3,1,63,2
20190706/user3/user3-2-8-r3.dat,3,2,8,3
20190706/user3/user3-4-52-r3.dat,3,4,52,3
20190706/user3/user3-2-15-r4.dat,3,2,15,4
20190706/user3/user3-1-33-r2.dat,3,1,33,2
20190706/user3/user3-3-77-r3.dat,3,3,77,3
20190706/user3/user3-1-30-r2.dat,3,1,30,2
20190706/user3/user3-1-43-r6.dat,3,1,43,6
20190706/user3/user3-2-85-r6.dat,3,2,85,6
20190706/user3/user3-3-76-r4.dat,3,3,76,4
20190706/user3/user3-3-87-r6.dat,3,3,87,6
20190706/user3/user3-1-12-r3.dat,3,1,12,3
20190706/user3/user3-2-24-r5.dat,3,2,24,5
20190706/user3/user3-3-29-r4.dat,3,3,29,4
20190706/user3/user3-2-25-r5.dat,3,2,25,5
20190706/user3/user3-1-86-r1.dat,3,1,86,1
20190706/user3/user3-1-70-r4.dat,3,1,70,4
20190706/user3/user3-3-50-r2.dat,3,3,50,2
20190706/user3/user3-2-77-r4.dat,3,2,77,4
20190706/user3/user3-4-84-r6.dat,3,4,84,6
20190706/user3/user3-1-62-r2.dat,3,1,62,2
20190706/user3/user3-1-36-r3.dat,3,1,36,3
20190706/user3/user3-3-13-r1.dat,3,3,13,1
20190706/user3/user3-3-51-r6.dat,3,3,51,6
20190706/user3/user3-1-88-r3.dat,3,1,88,3
20190706/user3/user3-3-82-r5.dat,3,3,82,5
20190706/user3/user3-2-97-r3.dat,3,2,97,3
20190706/user3/user3-4-65-r2.dat,3,4,65,2
20190706/user3/user3-4-13-r1.dat,3,4,13,1
20190706/user3/user3-3-51-r2.dat,3,3,51,2
20190706/user3/user3-1-93-r1.dat,3,1,93,1
20190706/user3/user3-1-42-r4.dat,3,1,42,4
20190706/user3/user3-3-59-r6.dat,3,3,59,6
20190706/user3/user3-1-68-r3.dat,3,1,68,3
20190706/user3/user3-3-91-r5.dat,3,3,91,5
20190706/user3/user3-2-47-r2.dat,3,2,47,2
20190706/user3/user3-2-63-r5.dat,3,2,63,5
20190706/user3/user3-1-48-r1.dat,3,1,48,1
20190706/user3/user3-3-17-r2.dat,3,3,17,2
20190706/user3/user3-1-18-r2.dat,3,1,18,2
20190706/user3/user3-3-39-r4.dat,3,3,39,4
20190706/user3/user3-2-16-r6.dat,3,2,16,6
20190706/user3/user3-4-11-r5.dat,3,4,11,5
20190706/user3/user3-2-78-r2.dat,3,2,78,2
20190706/user3/user3-4-67-r2.dat,3,4,67,2
20190706/user3/user3-2-67-r6.dat,3,2,67,6
20190706/user3/user3-3-59-r5.dat,3,3,59,5
20190706/user3/user3-4-24-r3.dat,3,4,24,3
20190706/user3/user3-4-80-r3.dat,3,4,80,3
20190706/user3/user3-1-69-r4.dat,3,1,69,4
20190706/user3/user3-1-97-r6.dat,3,1,97,6
20190706/user3/user3-1-59-r1.dat,3,1,59,1
20190706/user3/user3-4-91-r3.dat,3,4,91,3
20190706/user3/user3-1-24-r6.dat,3,1,24,6
20190706/user3/user3-3-28-r2.dat,3,3,28,2
20190706/user3/user3-2-69-r3.dat,3,2,69,3
20190706/user3/user3-3-4-r1.dat,3,3,4,1
20190706/user3/user3-2-86-r3.dat,3,2,86,3
20190706/user3/user3-1-98-r1.dat,3,1,98,1
20190706/user3/user3-3-13-r3.dat,3,3,13,3
20190706/user3/user3-4-57-r6.dat,3,4,57,6
20190706/user3/user3-1-14-r1.dat,3,1,14,1
20190706/user3/user3-1-64-r4.dat,3,1,64,4
20190706/user3/user3-1-34-r4.dat,3,1,34,4
20190706/user3/user3-1-9-r4.dat,3,1,9,4
20190706/user3/user3-1-75-r2.dat,3,1,75,2
20190706/user3/user3-4-94-r2.dat,3,4,94,2
20190706/user3/user3-2-74-r3.dat,3,2,74,3
20190706/user3/user3-2-53-r4.dat,3,2,53,4
20190706/user3/user3-3-7-r3.dat,3,3,7,3
20190706/user3/user3-3-61-r6.dat,3,3,61,6
20190706/user3/user3-2-30-r3.dat,3,2,30,3
20190706/user3/user3-4-53-r3.dat,3,4,53,3
20190706/user3/user3-2-75-r1.dat,3,2,75,1
20190706/user3/user3-1-12-r1.dat,3,1,12,1
20190706/user3/user3-1-4-r5.dat,3,1,4,5
20190706/user3/user3-3-69-r6.dat,3,3,69,6
20190706/user3/user3-1-10-r2.dat,3,1,10,2
20190706/user3/user3-4-3-r5.dat,3,4,3,5
20190706/user3/user3-4-6-r4.dat,3,4,6,4
20190706/user3/user3-2-4-r2.dat,3,2,4,2
20190706/user3/user3-2-14-r5.dat,3,2,14,5
20190706/user3/user3-4-12-r3.dat,3,4,12,3
20190706/user3/user3-1-91-r3.dat,3,1,91,3
20190706/user3/user3-2-27-r4.dat,3,2,27,4
20190706/user3/user3-2-60-r4.dat,3,2,60,4
20190706/user3/user3-4-49-r5.dat,3,4,49,5
20190706/user3/user3-3-69-r4.dat,3,3,69,4
20190706/user3/user3-2-91-r3.dat,3,2,91,3
20190706/user3/user3-2-47-r4.dat,3,2,47,4
20190706/user3/user3-3-86-r2.dat,3,3,86,2
20190706/user3/user3-2-17-r6.dat,3,2,17,6
20190706/user3/user3-2-45-r6.dat,3,2,45,6
20190706/user3/user3-2-15-r2.dat,3,2,15,2
20190706/user3/user3-4-2-r4.dat,3,4,2,4
20190706/user3/user3-1-83-r5.dat,3,1,83,5
20190706/user3/user3-3-83-r4.dat,3,3,83,4
20190706/user3/user3-4-17-r2.dat,3,4,17,2
20190706/user3/user3-1-70-r1.dat,3,1,70,1
20190706/user3/user3-4-20-r4.dat,3,4,20,4
20190706/user3/user3-2-41-r4.dat,3,2,41,4
20190706/user3/user3-2-29-r3.dat,3,2,29,3
20190706/user3/user3-3-67-r6.dat,3,3,67,6
20190706/user3/user3-1-100-r4.dat,3,1,100,4
20190706/user3/user3-4-35-r2.dat,3,4,35,2
20190706/user3/user3-4-59-r3.dat,3,4,59,3
20190706/user3/user3-3-2-r5.dat,3,3,2,5
20190706/user3/user3-1-9-r2.dat,3,1,9,2
20190706/user3/user3-4-89-r2.dat,3,4,89,2
20190706/user3/user3-1-40-r6.dat,3,1,40,6
20190706/user3/user3-3-55-r2.dat,3,3,55,2
20190706/user3/user3-4-82-r5.dat,3,4,82,5
20190706/user3/user3-2-32-r1.dat,3,2,32,1
20190706/user3/user3-1-84-r6.dat,3,1,84,6
20190706/user3/user3-3-80-r3.dat,3,3,80,3
20190706/user3/user3-1-20-r3.dat,3,1,20,3
20190706/user3/user3-2-40-r4.dat,3,2,40,4
20190706/user3/user3-2-7-r5.dat,3,2,7,5
20190706/user3/user3-4-53-r2.dat,3,4,53,2
20190706/user3/user3-2-65-r5.dat,3,2,65,5
20190706/user3/user3-4-91-r1.dat,3,4,91,1
20190706/user3/user3-1-52-r6.dat,3,1,52,6
20190706/user3/user3-1-31-r3.dat,3,1,31,3
20190706/user3/user3-1-61-r1.dat,3,1,61,1
20190706/user3/user3-1-71-r1.dat,3,1,71,1
20190706/user3/user3-2-85-r1.dat,3,2,85,1
20190706/user3/user3-4-69-r4.dat,3,4,69,4
20190706/user3/user3-2-54-r3.dat,3,2,54,3
20190706/user3/user3-2-18-r3.dat,3,2,18,3
20190706/user3/user3-4-93-r4.dat,3,4,93,4
20190706/user3/user3-4-91-r2.dat,3,4,91,2
20190706/user3/user3-4-15-r1.dat,3,4,15,1
20190706/user3/user3-1-49-r5.dat,3,1,49,5
20190706/user3/user3-1-39-r1.dat,3,1,39,1
20190706/user3/user3-4-24-r5.dat,3,4,24,5
20190706/user3/user3-4-97-r6.dat,3,4,97,6
20190706/user3/user3-4-78-r1.dat,3,4,78,1
20190706/user3/user3-3-6-r5.dat,3,3,6,5
20190706/user3/user3-3-42-r1.dat,3,3,42,1
20190706/user3/user3-4-42-r6.dat,3,4,42,6
20190706/user3/user3-4-38-r5.dat,3,4,38,5
20190706/user3/user3-3-23-r3.dat,3,3,23,3
20190706/user3/user3-4-64-r4.dat,3,4,64,4
20190706/user3/user3-3-81-r1.dat,3,3,81,1
20190706/user3/user3-2-83-r1.dat,3,2,83,1
20190706/user3/user3-2-96-r3.dat,3,2,96,3
20190706/user3/user3-2-61-r6.dat,3,2,61,6
20190706/user3/user3-4-22-r3.dat,3,4,22,3
20190706/user3/user3-1-88-r5.dat,3,1,88,5
20190706/user3/user3-2-99-r2.dat,3,2,99,2
20190706/user3/user3-4-12-r6.dat,3,4,12,6
20190706/user3/user3-4-80-r2.dat,3,4,80,2
20190706/user3/user3-2-57-r5.dat,3,2,57,5
20190706/user3/user3-3-92-r4.dat,3,3,92,4
20190706/user3/user3-4-10-r6.dat,3,4,10,6
20190706/user3/user3-1-37-r4.dat,3,1,37,4
20190706/user3/user3-3-24-r6.dat,3,3,24,6
20190706/user3/user3-2-98-r2.dat,3,2,98,2
20190706/user3/user3-4-57-r3.dat,3,4,57,3
20190706/user3/user3-2-30-r1.dat,3,2,30,1
20190706/user3/user3-2-35-r5.dat,3,2,35,5
20190706/user3/user3-1-40-r1.dat,3,1,40,1
20190706/user3/user3-4-86-r4.dat,3,4,86,4
20190706/user3/user3-1-63-r5.dat,3,1,63,5
20190706/user3/user3-3-83-r1.dat,3,3,83,1
20190706/user3/user3-1-22-r5.dat,3,1,22,5
20190706/user3/user3-2-11-r5.dat,3,2,11,5
20190706/user3/user3-4-39-r2.dat,3,4,39,2
20190706/user3/user3-3-20-r2.dat,3,3,20,2
20190706/user3/user3-2-39-r6.dat,3,2,39,6
20190706/user3/user3-4-37-r4.dat,3,4,37,4
20190706/user3/user3-3-25-r2.dat,3,3,25,2
20190706/user3/user3-4-32-r6.dat,3,4,32,6
20190706/user3/user3-3-93-r2.dat,3,3,93,2
20190706/user3/user3-1-76-r3.dat,3,1,76,3
20190706/user3/user3-1-44-r2.dat,3,1,44,2
20190706/user3/user3-2-95-r6.dat,3,2,95,6
20190706/user3/user3-3-72-r1.dat,3,3,72,1
20190706/user3/user3-1-64-r3.dat,3,1,64,3
20190706/user3/user3-2-39-r2.dat,3,2,39,2
20190706/user3/user3-3-3-r4.dat,3,3,3,4
20190706/user3/user3-3-19-r5.dat,3,3,19,5
20190706/user3/user3-1-45-r3.dat,3,1,45,3
20190706/user3/user3-4-1-r1.dat,3,4,1,1
20190706/user3/user3-1-83-r6.dat,3,1,83,6
20190706/user3/user3-2-42-r6.dat,3,2,42,6
20190706/user3/user3-1-26-r4.dat,3,1,26,4
20190706/user3/user3-1-81-r3.dat,3,1,81,3
20190706/user3/user3-4-20-r6.dat,3,4,20,6
20190706/user3/user3-3-57-r2.dat,3,3,57,2
20190706/user3/user3-1-24-r3.dat,3,1,24,3
20190706/user3/user3-3-85-r5.dat,3,3,85,5
20190706/user3/user3-4-40-r3.dat,3,4,40,3
20190706/user3/user3-4-61-r1.dat,3,4,61,1
20190706/user3/user3-3-90-r6.dat,3,3,90,6
20190706/user3/user3-4-54-r6.dat,3,4,54,6
20190706/user3/user3-3-15-r4.dat,3,3,15,4
20190706/user3/user3-3-12-r6.dat,3,3,12,6
20190706/user3/user3-4-24-r1.dat,3,4,24,1
20190706/user3/user3-2-42-r5.dat,3,2,42,5
20190706/user3/user3-4-63-r2.dat,3,4,63,2
20190706/user3/user3-2-84-r4.dat,3,2,84,4
20190706/user3/user3-1-23-r4.dat,3,1,23,4
20190706/user3/user3-3-2-r2.dat,3,3,2,2
20190706/user3/user3-3-30-r6.dat,3,3,30,6
20190706/user3/user3-2-10-r5.dat,3,2,10,5
20190706/user3/user3-4-55-r2.dat,3,4,55,2
20190706/user3/user3-4-77-r3.dat,3,4,77,3
20190706/user3/user3-2-67-r3.dat,3,2,67,3
20190706/user3/user3-3-5-r1.dat,3,3,5,1
20190706/user3/user3-4-62-r6.dat,3,4,62,6
20190706/user3/user3-3-13-r5.dat,3,3,13,5
20190706/user3/user3-4-12-r1.dat,3,4,12,1
20190706/user3/user3-3-66-r5.dat,3,3,66,5
20190706/user3/user3-3-2-r4.dat,3,3,2,4
20190706/user3/user3-3-51-r1.dat,3,3,51,1
20190706/user3/user3-2-11-r4.dat,3,2,11,4
20190706/user3/user3-4-1-r3.dat,3,4,1,3
20190706/user3/user3-1-31-r1.dat,3,1,31,1
20190706/user3/user3-2-65-r3.dat,3,2,65,3
20190706/user3/user3-3-88-r5.dat,3,3,88,5
20190706/user3/user3-4-48-r2.dat,3,4,48,2
20190706/user3/user3-4-31-r5.dat,3,4,31,5
20190706/user3/user3-4-75-r2.dat,3,4,75,2
20190706/user3/user3-3-47-r3.dat,3,3,47,3
20190706/user3/user3-1-91-r5.dat,3,1,91,5
20190706/user3/user3-1-61-r5.dat,3,1,61,5
20190706/user3/user3-4-83-r5.dat,3,4,83,5
20190706/user3/user3-1-88-r2.dat,3,1,88,2
20190706/user3/user3-1-40-r3.dat,3,1,40,3
20190706/user3/user3-4-43-r3.dat,3,4,43,3
20190706/user3/user3-2-77-r1.dat,3,2,77,1
20190706/user3/user3-3-66-r4.dat,3,3,66,4
20190706/user3/user3-1-9-r6.dat,3,1,9,6
20190706/user3/user3-2-72-r3.dat,3,2,72,3
20190706/user3/user3-2-97-r6.dat,3,2,97,6
20190706/user3/user3-1-76-r6.dat,3,1,76,6
20190706/user3/user3-3-58-r4.dat,3,3,58,4
20190706/user3/user3-4-60-r2.dat,3,4,60,2
20190706/user3/user3-4-88-r1.dat,3,4,88,1
20190706/user3/user3-3-100-r3.dat,3,3,100,3
20190706/user3/user3-4-82-r2.dat,3,4,82,2
20190706/user3/user3-4-76-r4.dat,3,4,76,4
20190706/user3/user3-2-96-r1.dat,3,2,96,1
20190706/user3/user3-3-41-r2.dat,3,3,41,2
20190706/user3/user3-3-39-r3.dat,3,3,39,3
20190706/user3/user3-4-58-r2.dat,3,4,58,2
20190706/user3/user3-4-81-r6.dat,3,4,81,6
20190706/user3/user3-3-21-r3.dat,3,3,21,3
20190706/user3/user3-4-86-r2.dat,3,4,86,2
20190706/user3/user3-1-3-r2.dat,3,1,3,2
20190706/user3/user3-3-31-r2.dat,3,3,31,2
20190706/user3/user3-2-29-r4.dat,3,2,29,4
20190706/user3/user3-1-99-r6.dat,3,1,99,6
20190706/user3/user3-3-96-r1.dat,3,3,96,1
20190706/user3/user3-4-90-r3.dat,3,4,90,3
20190706/user3/user3-2-74-r4.dat,3,2,74,4
20190706/user3/user3-4-53-r4.dat,3,4,53,4
20190706/user3/user3-1-6-r5.dat,3,1,6,5
20190706/user3/user3-1-61-r2.dat,3,1,61,2
20190706/user3/user3-4-88-r5.dat,3,4,88,5
20190706/user3/user3-3-81-r5.dat,3,3,81,5
20190706/user3/user3-4-1-r5.dat,3,4,1,5
20190706/user3/user3-2-24-r4.dat,3,2,24,4
20190706/user3/user3-4-19-r2.dat,3,4,19,2
20190706/user3/user3-1-25-r1.dat,3,1,25,1
20190706/user3/user3-3-49-r3.dat,3,3,49,3
20190706/user3/user3-4-85-r4.dat,3,4,85,4
20190706/user3/user3-4-99-r6.dat,3,4,99,6
20190706/user3/user3-1-33-r6.dat,3,1,33,6
20190706/user3/user3-2-46-r6.dat,3,2,46,6
20190706/user3/user3-3-48-r3.dat,3,3,48,3
20190706/user3/user3-1-16-r1.dat,3,1,16,1
20190706/user3/user3-1-32-r5.dat,3,1,32,5
20190706/user3/user3-3-71-r2.dat,3,3,71,2
20190706/user3/user3-3-76-r6.dat,3,3,76,6
20190706/user3/user3-3-15-r1.dat,3,3,15,1
20190706/user3/user3-2-66-r5.dat,3,2,66,5
20190706/user3/user3-3-61-r1.dat,3,3,61,1
20190706/user3/user3-2-23-r6.dat,3,2,23,6
20190706/user3/user3-4-66-r4.dat,3,4,66,4
20190706/user3/user3-1-11-r3.dat,3,1,11,3
20190706/user3/user3-3-71-r6.dat,3,3,71,6
20190706/user3/user3-3-84-r2.dat,3,3,84,2
20190706/user3/user3-4-10-r5.dat,3,4,10,5
20190706/user3/user3-2-37-r2.dat,3,2,37,2
20190706/user3/user3-2-30-r5.dat,3,2,30,5
20190706/user3/user3-2-81-r1.dat,3,2,81,1
20190706/user3/user3-4-22-r2.dat,3,4,22,2
20190706/user3/user3-2-86-r4.dat,3,2,86,4
20190706/user3/user3-1-68-r6.dat,3,1,68,6
20190706/user3/user3-3-15-r5.dat,3,3,15,5
20190706/user3/user3-4-72-r5.dat,3,4,72,5
20190706/user3/user3-3-59-r2.dat,3,3,59,2
20190706/user3/user3-4-89-r3.dat,3,4,89,3
20190706/user3/user3-3-38-r1.dat,3,3,38,1
20190706/user3/user3-4-3-r4.dat,3,4,3,4
20190706/user3/user3-1-9-r1.dat,3,1,9,1
20190706/user3/user3-2-80-r5.dat,3,2,80,5
20190706/user3/user3-1-92-r6.dat,3,1,92,6
20190706/user3/user3-2-1-r5.dat,3,2,1,5
20190706/user3/user3-1-53-r1.dat,3,1,53,1
20190706/user3/user3-1-93-r5.dat,3,1,93,5
20190706/user3/user3-3-41-r5.dat,3,3,41,5
20190706/user3/user3-1-29-r1.dat,3,1,29,1
20190706/user3/user3-2-64-r3.dat,3,2,64,3
20190706/user3/user3-2-86-r5.dat,3,2,86,5
20190706/user3/user3-2-90-r1.dat,3,2,90,1
20190706/user3/user3-3-31-r1.dat,3,3,31,1
20190706/user3/user3-1-14-r2.dat,3,1,14,2
20190706/user3/user3-4-89-r6.dat,3,4,89,6
20190706/user3/user3-3-57-r3.dat,3,3,57,3
20190706/user3/user3-3-3-r2.dat,3,3,3,2
20190706/user3/user3-2-77-r2.dat,3,2,77,2
20190706/user3/user3-3-63-r2.dat,3,3,63,2
20190706/user3/user3-2-2-r4.dat,3,2,2,4
20190706/user3/user3-1-99-r1.dat,3,1,99,1
20190706/user3/user3-2-75-r3.dat,3,2,75,3
20190706/user3/user3-2-72-r6.dat,3,2,72,6
20190706/user3/user3-2-16-r4.dat,3,2,16,4
20190706/user3/user3-2-82-r6.dat,3,2,82,6
20190706/user3/user3-1-49-r2.dat,3,1,49,2
20190706/user3/user3-1-80-r2.dat,3,1,80,2
20190706/user3/user3-4-42-r1.dat,3,4,42,1
20190706/user3/user3-2-4-r3.dat,3,2,4,3
20190706/user3/user3-3-70-r5.dat,3,3,70,5
20190706/user3/user3-3-41-r3.dat,3,3,41,3
20190706/user3/user3-2-12-r6.dat,3,2,12,6
20190706/user3/user3-1-93-r6.dat,3,1,93,6
20190706/user3/user3-2-81-r6.dat,3,2,81,6
20190706/user3/user3-4-75-r1.dat,3,4,75,1
20190706/user3/user3-4-85-r3.dat,3,4,85,3
20190706/user3/user3-4-41-r4.dat,3,4,41,4
20190706/user3/user3-2-8-r6.dat,3,2,8,6
20190706/user3/user3-4-19-r1.dat,3,4,19,1
20190706/user3/user3-4-58-r3.dat,3,4,58,3
20190706/user3/user3-3-94-r1.dat,3,3,94,1
20190706/user3/user3-2-15-r5.dat,3,2,15,5
20190706/user3/user3-4-19-r4.dat,3,4,19,4
20190706/user3/user3-1-79-r5.dat,3,1,79,5
20190706/user3/user3-3-38-r2.dat,3,3,38,2
20190706/user3/user3-2-49-r3.dat,3,2,49,3
20190706/user3/user3-3-34-r4.dat,3,3,34,4
20190706/user3/user3-1-37-r6.dat,3,1,37,6
20190706/user3/user3-3-3-r6.dat,3,3,3,6
20190706/user3/user3-1-26-r3.dat,3,1,26,3
20190706/user3/user3-1-77-r2.dat,3,1,77,2
20190706/user3/user3-3-44-r4.dat,3,3,44,4
20190706/user3/user3-1-82-r1.dat,3,1,82,1
20190706/user3/user3-3-64-r6.dat,3,3,64,6
20190706/user3/user3-3-29-r6.dat,3,3,29,6
20190706/user3/user3-4-16-r3.dat,3,4,16,3
20190706/user3/user3-4-46-r2.dat,3,4,46,2
20190706/user3/user3-3-86-r6.dat,3,3,86,6
20190706/user3/user3-1-90-r6.dat,3,1,90,6
20190706/user3/user3-1-78-r3.dat,3,1,78,3
20190706/user3/user3-1-34-r3.dat,3,1,34,3
20190706/user3/user3-3-40-r1.dat,3,3,40,1
20190706/user3/user3-2-90-r5.dat,3,2,90,5
20190706/user3/user3-3-66-r1.dat,3,3,66,1
20190706/user3/user3-2-22-r2.dat,3,2,22,2
20190706/user3/user3-2-49-r1.dat,3,2,49,1
20190706/user3/user3-3-34-r1.dat,3,3,34,1
20190706/user3/user3-2-76-r2.dat,3,2,76,2
20190706/user3/user3-2-72-r1.dat,3,2,72,1
20190706/user3/user3-1-55-r6.dat,3,1,55,6
20190706/user3/user3-2-17-r2.dat,3,2,17,2
20190706/user3/user3-3-49-r2.dat,3,3,49,2
20190706/user3/user3-3-46-r1.dat,3,3,46,1
20190706/user3/user3-3-88-r6.dat,3,3,88,6
20190706/user3/user3-1-42-r1.dat,3,1,42,1
20190706/user3/user3-1-36-r2.dat,3,1,36,2
20190706/user3/user3-4-100-r5.dat,3,4,100,5
20190706/user3/user3-1-14-r5.dat,3,1,14,5
20190706/user3/user3-1-100-r1.dat,3,1,100,1
20190706/user3/user3-4-47-r3.dat,3,4,47,3
20190706/user3/user3-1-34-r6.dat,3,1,34,6
20190706/user3/user3-3-52-r5.dat,3,3,52,5
20190706/user3/user3-1-7-r5.dat,3,1,7,5
20190706/user3/user3-1-81-r5.dat,3,1,81,5
20190706/user3/user3-2-21-r3.dat,3,2,21,3
20190706/user3/user3-2-50-r3.dat,3,2,50,3
20190706/user3/user3-1-91-r1.dat,3,1,91,1
20190706/user3/user3-3-91-r3.dat,3,3,91,3
20190706/user3/user3-1-56-r5.dat,3,1,56,5
20190706/user3/user3-4-68-r2.dat,3,4,68,2
20190706/user3/user3-1-74-r3.dat,3,1,74,3
20190706/user3/user3-2-56-r1.dat,3,2,56,1
20190706/user3/user3-2-65-r4.dat,3,2,65,4
20190706/user3/user3-1-35-r4.dat,3,1,35,4
20190706/user3/user3-2-26-r6.dat,3,2,26,6
20190706/user3/user3-2-74-r1.dat,3,2,74,1
20190706/user3/user3-1-59-r4.dat,3,1,59,4
20190706/user3/user3-3-53-r5.dat,3,3,53,5
20190706/user3/user3-3-80-r2.dat,3,3,80,2
20190706/user3/user3-4-64-r1.dat,3,4,64,1
20190706/user3/user3-2-62-r2.dat,3,2,62,2
20190706/user3/user3-1-57-r5.dat,3,1,57,5
20190706/user3/user3-1-76-r4.dat,3,1,76,4
20190706/user3/user3-2-14-r6.dat,3,2,14,6
20190706/user3/user3-4-53-r5.dat,3,4,53,5
20190706/user3/user3-2-33-r6.dat,3,2,33,6
20190706/user3/user3-1-14-r6.dat,3,1,14,6
20190706/user3/user3-3-75-r6.dat,3,3,75,6
20190706/user3/user3-1-28-r2.dat,3,1,28,2
20190706/user3/user3-4-48-r6.dat,3,4,48,6
20190706/user3/user3-4-86-r6.dat,3,4,86,6
20190706/user3/user3-4-41-r6.dat,3,4,41,6
20190706/user3/user3-1-5-r5.dat,3,1,5,5
20190706/user3/user3-4-4-r6.dat,3,4,4,6
20190706/user3/user3-2-44-r6.dat,3,2,44,6
20190706/user3/user3-4-83-r1.dat,3,4,83,1
20190706/user3/user3-1-8-r2.dat,3,1,8,2
20190706/user3/user3-2-99-r1.dat,3,2,99,1
20190706/user3/user3-2-90-r6.dat,3,2,90,6
20190706/user3/user3-1-71-r6.dat,3,1,71,6
20190706/user3/user3-4-39-r5.dat,3,4,39,5
20190706/user3/user3-2-31-r1.dat,3,2,31,1
20190706/user3/user3-4-74-r2.dat,3,4,74,2
20190706/user3/user3-1-55-r3.dat,3,1,55,3
20190706/user3/user3-2-42-r2.dat,3,2,42,2
20190706/user3/user3-1-83-r2.dat,3,1,83,2
20190706/user3/user3-3-43-r2.dat,3,3,43,2
20190706/user3/user3-3-62-r4.dat,3,3,62,4
20190706/user3/user3-4-49-r3.dat,3,4,49,3
20190706/user3/user3-1-62-r6.dat,3,1,62,6
20190706/user3/user3-3-1-r5.dat,3,3,1,5
20190706/user3/user3-2-1-r6.dat,3,2,1,6
20190706/user3/user3-2-47-r1.dat,3,2,47,1
20190706/user3/user3-2-91-r1.dat,3,2,91,1
20190706/user3/user3-1-94-r6.dat,3,1,94,6
20190706/user3/user3-3-3-r1.dat,3,3,3,1
20190706/user3/user3-1-39-r2.dat,3,1,39,2
20190706/user3/user3-4-20-r5.dat,3,4,20,5
20190706/user3/user3-3-34-r6.dat,3,3,34,6
20190706/user3/user3-2-40-r2.dat,3,2,40,2
20190706/user3/user3-3-60-r4.dat,3,3,60,4
20190706/user3/user3-3-84-r1.dat,3,3,84,1
20190706/user3/user3-2-72-r2.dat,3,2,72,2
20190706/user3/user3-2-27-r3.dat,3,2,27,3
20190706/user3/user3-2-79-r3.dat,3,2,79,3
20190706/user3/user3-3-26-r4.dat,3,3,26,4
20190706/user3/user3-2-100-r5.dat,3,2,100,5
20190706/user3/user3-4-98-r2.dat,3,4,98,2
20190706/user3/user3-2-36-r2.dat,3,2,36,2
20190706/user3/user3-1-22-r6.dat,3,1,22,6
20190706/user3/user3-4-67-r5.dat,3,4,67,5
20190706/user3/user3-2-16-r1.dat,3,2,16,1
20190706/user3/user3-1-84-r1.dat,3,1,84,1
20190706/user3/user3-4-14-r3.dat,3,4,14,3
20190706/user3/user3-2-15-r3.dat,3,2,15,3
20190706/user3/user3-2-80-r3.dat,3,2,80,3
20190706/user3/user3-4-9-r4.dat,3,4,9,4
20190706/user3/user3-1-63-r4.dat,3,1,63,4
20190706/user3/user3-1-5-r2.dat,3,1,5,2
20190706/user3/user3-2-6-r4.dat,3,2,6,4
20190706/user3/user3-1-94-r4.dat,3,1,94,4
20190706/user3/user3-3-98-r2.dat,3,3,98,2
20190706/user3/user3-1-33-r4.dat,3,1,33,4
20190706/user3/user3-1-54-r1.dat,3,1,54,1
20190706/user3/user3-2-59-r4.dat,3,2,59,4
20190706/user3/user3-4-23-r3.dat,3,4,23,3
20190706/user3/user3-2-35-r6.dat,3,2,35,6
20190706/user3/user3-2-6-r1.dat,3,2,6,1
20190706/user3/user3-4-9-r6.dat,3,4,9,6
20190706/user3/user3-4-73-r1.dat,3,4,73,1
20190706/user3/user3-4-28-r4.dat,3,4,28,4
20190706/user3/user3-1-22-r3.dat,3,1,22,3
20190706/user3/user3-3-86-r1.dat,3,3,86,1
20190706/user3/user3-2-43-r6.dat,3,2,43,6
20190706/user3/user3-2-74-r2.dat,3,2,74,2
20190706/user3/user3-1-23-r1.dat,3,1,23,1
20190706/user3/user3-2-21-r4.dat,3,2,21,4
20190706/user3/user3-1-41-r6.dat,3,1,41,6
20190706/user3/user3-2-72-r4.dat,3,2,72,4
20190706/user3/user3-3-89-r3.dat,3,3,89,3
20190706/user3/user3-1-20-r6.dat,3,1,20,6
20190706/user3/user3-2-61-r1.dat,3,2,61,1
20190706/user3/user3-1-80-r3.dat,3,1,80,3
20190706/user3/user3-2-34-r6.dat,3,2,34,6
20190706/user3/user3-3-47-r2.dat,3,3,47,2
20190706/user3/user3-1-5-r3.dat,3,1,5,3
20190706/user3/user3-1-58-r4.dat,3,1,58,4
20190706/user3/user3-3-85-r6.dat,3,3,85,6
20190706/user3/user3-2-36-r3.dat,3,2,36,3
20190706/user3/user3-3-45-r5.dat,3,3,45,5
20190706/user3/user3-2-21-r6.dat,3,2,21,6
20190706/user3/user3-2-15-r1.dat,3,2,15,1
20190706/user3/user3-3-38-r4.dat,3,3,38,4
20190706/user3/user3-4-40-r6.dat,3,4,40,6
20190706/user3/user3-1-4-r4.dat,3,1,4,4
20190706/user3/user3-1-2-r6.dat,3,1,2,6
20190706/user3/user3-2-11-r3.dat,3,2,11,3
20190706/user3/user3-3-98-r4.dat,3,3,98,4
20190706/user3/user3-1-84-r3.dat,3,1,84,3
20190706/user3/user3-2-70-r2.dat,3,2,70,2
20190706/user3/user3-4-47-r2.dat,3,4,47,2
20190706/user3/user3-3-97-r6.dat,3,3,97,6
20190706/user3/user3-1-57-r1.dat,3,1,57,1
20190706/user3/user3-2-18-r6.dat,3,2,18,6
20190706/user3/user3-3-88-r3.dat,3,3,88,3
20190706/user3/user3-1-62-r5.dat,3,1,62,5
20190706/user3/user3-1-8-r5.dat,3,1,8,5
20190706/user3/user3-4-91-r4.dat,3,4,91,4
20190706/user3/user3-4-79-r1.dat,3,4,79,1
20190706/user3/user3-1-15-r3.dat,3,1,15,3
20190706/user3/user3-1-10-r5.dat,3,1,10,5
20190706/user3/user3-2-81-r3.dat,3,2,81,3
20190706/user3/user3-3-35-r2.dat,3,3,35,2
20190706/user3/user3-3-76-r3.dat,3,3,76,3
20190706/user3/user3-2-56-r4.dat,3,2,56,4
20190706/user3/user3-2-93-r4.dat,3,2,93,4
20190706/user3/user3-3-44-r3.dat,3,3,44,3
20190706/user3/user3-4-35-r6.dat,3,4,35,6
20190706/user3/user3-3-100-r2.dat,3,3,100,2
20190706/user3/user3-1-72-r3.dat,3,1,72,3
20190706/user3/user3-4-97-r3.dat,3,4,97,3
20190706/user3/user3-3-15-r2.dat,3,3,15,2
20190706/user3/user3-3-34-r5.dat,3,3,34,5
20190706/user3/user3-2-39-r1.dat,3,2,39,1
20190706/user3/user3-3-79-r1.dat,3,3,79,1
20190706/user3/user3-1-100-r5.dat,3,1,100,5
20190706/user3/user3-3-58-r1.dat,3,3,58,1
20190706/user3/user3-1-74-r4.dat,3,1,74,4
20190706/user3/user3-3-88-r4.dat,3,3,88,4
20190706/user3/user3-2-80-r4.dat,3,2,80,4
20190706/user3/user3-1-34-r2.dat,3,1,34,2
20190706/user3/user3-2-94-r2.dat,3,2,94,2
20190706/user3/user3-4-63-r1.dat,3,4,63,1
20190706/user3/user3-1-95-r1.dat,3,1,95,1
20190706/user3/user3-3-91-r6.dat,3,3,91,6
20190706/user3/user3-1-19-r4.dat,3,1,19,4
20190706/user3/user3-4-23-r4.dat,3,4,23,4
20190706/user3/user3-4-48-r3.dat,3,4,48,3
20190706/user3/user3-1-4-r3.dat,3,1,4,3
20190706/user3/user3-1-52-r1.dat,3,1,52,1
20190706/user3/user3-4-75-r4.dat,3,4,75,4
20190706/user3/user3-2-62-r6.dat,3,2,62,6
20190706/user3/user3-2-54-r4.dat,3,2,54,4
20190706/user3/user3-2-26-r5.dat,3,2,26,5
20190706/user3/user3-3-41-r6.dat,3,3,41,6
20190706/user3/user3-2-83-r5.dat,3,2,83,5
20190706/user3/user3-1-98-r3.dat,3,1,98,3
20190706/user3/user3-1-28-r1.dat,3,1,28,1
20190706/user3/user3-2-56-r3.dat,3,2,56,3
20190706/user3/user3-3-42-r3.dat,3,3,42,3
20190706/user3/user3-4-4-r3.dat,3,4,4,3
20190706/user3/user3-4-77-r4.dat,3,4,77,4
20190706/user3/user3-2-44-r4.dat,3,2,44,4
20190706/user3/user3-4-77-r5.dat,3,4,77,5
20190706/user3/user3-4-79-r2.dat,3,4,79,2
20190706/user3/user3-4-56-r2.dat,3,4,56,2
20190706/user3/user3-1-42-r2.dat,3,1,42,2
20190706/user3/user3-4-38-r2.dat,3,4,38,2
20190706/user3/user3-3-10-r3.dat,3,3,10,3
20190706/user3/user3-1-31-r6.dat,3,1,31,6
20190706/user3/user3-3-64-r2.dat,3,3,64,2
20190706/user3/user3-1-23-r2.dat,3,1,23,2
20190706/user3/user3-2-20-r5.dat,3,2,20,5
20190706/user3/user3-3-57-r4.dat,3,3,57,4
20190706/user3/user3-3-4-r2.dat,3,3,4,2
20190706/user3/user3-2-93-r3.dat,3,2,93,3
20190706/user3/user3-1-62-r4.dat,3,1,62,4
20190706/user3/user3-2-53-r2.dat,3,2,53,2
20190706/user3/user3-4-46-r4.dat,3,4,46,4
20190706/user3/user3-4-76-r2.dat,3,4,76,2
20190706/user3/user3-3-56-r3.dat,3,3,56,3
20190706/user3/user3-1-46-r5.dat,3,1,46,5
20190706/user3/user3-4-17-r3.dat,3,4,17,3
20190706/user3/user3-4-56-r4.dat,3,4,56,4
20190706/user3/user3-1-16-r3.dat,3,1,16,3
20190706/user3/user3-1-64-r5.dat,3,1,64,5
20190706/user3/user3-1-76-r5.dat,3,1,76,5
20190706/user3/user3-2-18-r5.dat,3,2,18,5
20190706/user3/user3-1-45-r2.dat,3,1,45,2
20190706/user3/user3-2-37-r4.dat,3,2,37,4
20190706/user3/user3-1-81-r1.dat,3,1,81,1
20190706/user3/user3-1-54-r3.dat,3,1,54,3
20190706/user3/user3-3-54-r1.dat,3,3,54,1
20190706/user3/user3-3-89-r5.dat,3,3,89,5
20190706/user3/user3-2-94-r6.dat,3,2,94,6
20190706/user3/user3-2-60-r3.dat,3,2,60,3
20190706/user3/user3-4-6-r3.dat,3,4,6,3
20190706/user3/user3-1-69-r3.dat,3,1,69,3
20190706/user3/user3-4-14-r5.dat,3,4,14,5
20190706/user3/user3-2-29-r6.dat,3,2,29,6
20190706/user3/user3-2-41-r5.dat,3,2,41,5
20190706/user3/user3-2-76-r6.dat,3,2,76,6
20190706/user3/user3-1-51-r3.dat,3,1,51,3
20190706/user3/user3-3-26-r2.dat,3,3,26,2
20190706/user3/user3-1-43-r5.dat,3,1,43,5
20190706/user3/user3-4-4-r4.dat,3,4,4,4
20190706/user3/user3-3-6-r1.dat,3,3,6,1
20190706/user3/user3-2-95-r4.dat,3,2,95,4
20190706/user3/user3-3-67-r3.dat,3,3,67,3
20190706/user3/user3-2-58-r3.dat,3,2,58,3
20190706/user3/user3-1-1-r5.dat,3,1,1,5
20190706/user3/user3-1-84-r4.dat,3,1,84,4
20190706/user3/user3-3-81-r3.dat,3,3,81,3
20190706/user3/user3-1-47-r1.dat,3,1,47,1
20190706/user3/user3-1-6-r4.dat,3,1,6,4
20190706/user3/user3-1-3-r5.dat,3,1,3,5
20190706/user3/user3-4-75-r3.dat,3,4,75,3
20190706/user3/user3-3-30-r3.dat,3,3,30,3
20190706/user3/user3-1-15-r6.dat,3,1,15,6
20190706/user3/user3-4-29-r6.dat,3,4,29,6
20190706/user3/user3-3-28-r4.dat,3,3,28,4
20190706/user3/user3-4-16-r4.dat,3,4,16,4
20190706/user3/user3-4-31-r3.dat,3,4,31,3
20190706/user3/user3-4-41-r2.dat,3,4,41,2
20190706/user3/user3-1-90-r2.dat,3,1,90,2
20190706/user3/user3-4-10-r3.dat,3,4,10,3
20190706/user3/user3-4-43-r4.dat,3,4,43,4
20190706/user3/user3-1-85-r6.dat,3,1,85,6
20190706/user3/user3-3-33-r2.dat,3,3,33,2
20190706/user3/user3-2-90-r4.dat,3,2,90,4
20190706/user3/user3-4-55-r1.dat,3,4,55,1
20190706/user3/user3-4-88-r3.dat,3,4,88,3
20190706/user3/user3-1-18-r4.dat,3,1,18,4
20190706/user3/user3-1-2-r4.dat,3,1,2,4
20190706/user3/user3-4-60-r6.dat,3,4,60,6
20190706/user3/user3-4-67-r4.dat,3,4,67,4
20190706/user3/user3-2-95-r2.dat,3,2,95,2
20190706/user3/user3-1-51-r4.dat,3,1,51,4
20190706/user3/user3-2-91-r2.dat,3,2,91,2
20190706/user3/user3-1-20-r2.dat,3,1,20,2
20190706/user3/user3-2-28-r1.dat,3,2,28,1
20190706/user3/user3-4-45-r2.dat,3,4,45,2
20190706/user3/user3-1-96-r4.dat,3,1,96,4
20190706/user3/user3-2-97-r4.dat,3,2,97,4
20190706/user3/user3-3-84-r3.dat,3,3,84,3
20190706/user3/user3-3-77-r5.dat,3,3,77,5
20190706/user3/user3-1-38-r2.dat,3,1,38,2
20190706/user3/user3-1-35-r1.dat,3,1,35,1
20190706/user3/user3-2-64-r1.dat,3,2,64,1
20190706/user3/user3-1-66-r6.dat,3,1,66,6
20190706/user3/user3-1-30-r1.dat,3,1,30,1
20190706/user3/user3-2-57-r1.dat,3,2,57,1
20190706/user3/user3-3-68-r4.dat,3,3,68,4
20190706/user3/user3-3-99-r5.dat,3,3,99,5
20190706/user3/user3-3-37-r3.dat,3,3,37,3
20190706/user3/user3-1-13-r3.dat,3,1,13,3
20190706/user3/user3-1-1-r3.dat,3,1,1,3
20190706/user3/user3-4-22-r4.dat,3,4,22,4
20190706/user3/user3-3-20-r3.dat,3,3,20,3
20190706/user3/user3-3-14-r3.dat,3,3,14,3
20190706/user3/user3-3-40-r5.dat,3,3,40,5
20190706/user3/user3-4-50-r6.dat,3,4,50,6
20190706/user3/user3-4-34-r3.dat,3,4,34,3
20190706/user3/user3-3-35-r1.dat,3,3,35,1
20190706/user3/user3-4-100-r6.dat,3,4,100,6
20190706/user3/user3-1-29-r2.dat,3,1,29,2
20190706/user3/user3-1-23-r6.dat,3,1,23,6
20190706/user3/user3-3-81-r4.dat,3,3,81,4
20190706/user3/user3-1-36-r5.dat,3,1,36,5
20190706/user3/user3-2-1-r2.dat,3,2,1,2
20190706/user3/user3-2-37-r5.dat,3,2,37,5
20190706/user3/user3-4-13-r3.dat,3,4,13,3
20190706/user3/user3-2-51-r2.dat,3,2,51,2
20190706/user3/user3-1-96-r2.dat,3,1,96,2
20190706/user3/user3-2-11-r1.dat,3,2,11,1
20190706/user3/user3-2-86-r6.dat,3,2,86,6
20190706/user3/user3-4-44-r1.dat,3,4,44,1
20190706/user3/user3-2-78-r4.dat,3,2,78,4
20190706/user3/user3-2-49-r6.dat,3,2,49,6
20190706/user3/user3-2-2-r3.dat,3,2,2,3
20190706/user3/user3-3-41-r4.dat,3,3,41,4
20190706/user3/user3-2-12-r5.dat,3,2,12,5
20190706/user3/user3-3-84-r5.dat,3,3,84,5
20190706/user3/user3-2-40-r6.dat,3,2,40,6
20190706/user3/user3-4-54-r5.dat,3,4,54,5
20190706/user3/user3-1-89-r6.dat,3,1,89,6
20190706/user3/user3-1-55-r2.dat,3,1,55,2
20190706/user3/user3-4-18-r4.dat,3,4,18,4
20190706/user3/user3-3-27-r6.dat,3,3,27,6
20190706/user3/user3-3-27-r5.dat,3,3,27,5
20190706/user3/user3-3-19-r3.dat,3,3,19,3
20190706/user3/user3-3-84-r6.dat,3,3,84,6
20190706/user3/user3-3-90-r4.dat,3,3,90,4
20190706/user3/user3-3-71-r5.dat,3,3,71,5
20190706/user3/user3-3-50-r6.dat,3,3,50,6
20190706/user3/user3-3-66-r6.dat,3,3,66,6
20190706/user3/user3-1-83-r4.dat,3,1,83,4
20190706/user3/user3-3-80-r1.dat,3,3,80,1
20190706/user3/user3-3-78-r5.dat,3,3,78,5
20190706/user3/user3-1-63-r1.dat,3,1,63,1
20190706/user3/user3-2-13-r4.dat,3,2,13,4
20190706/user3/user3-1-29-r5.dat,3,1,29,5
20190706/user3/user3-1-21-r2.dat,3,1,21,2
20190706/user3/user3-2-4-r6.dat,3,2,4,6
20190706/user3/user3-1-15-r2.dat,3,1,15,2
20190706/user3/user3-3-87-r5.dat,3,3,87,5
20190706/user3/user3-1-96-r5.dat,3,1,96,5
20190706/user3/user3-3-94-r4.dat,3,3,94,4
20190706/user3/user3-3-73-r6.dat,3,3,73,6
20190706/user3/user3-3-71-r1.dat,3,3,71,1
20190706/user3/user3-3-76-r1.dat,3,3,76,1
20190706/user3/user3-1-46-r1.dat,3,1,46,1
20190706/user3/user3-3-37-r5.dat,3,3,37,5
20190706/user3/user3-4-74-r1.dat,3,4,74,1
20190706/user3/user3-3-61-r3.dat,3,3,61,3
20190706/user3/user3-2-74-r6.dat,3,2,74,6
20190706/user3/user3-2-69-r6.dat,3,2,69,6
20190706/user3/user3-1-41-r2.dat,3,1,41,2
20190706/user3/user3-1-73-r6.dat,3,1,73,6
20190706/user3/user3-4-85-r5.dat,3,4,85,5
20190706/user3/user3-1-11-r4.dat,3,1,11,4
20190706/user3/user3-3-25-r4.dat,3,3,25,4
20190706/user3/user3-4-4-r2.dat,3,4,4,2
20190706/user3/user3-4-70-r6.dat,3,4,70,6
20190706/user3/user3-3-65-r2.dat,3,3,65,2
20190706/user3/user3-4-63-r6.dat,3,4,63,6
20190706/user3/user3-4-98-r5.dat,3,4,98,5
20190706/user3/user3-2-17-r3.dat,3,2,17,3
20190706/user3/user3-4-41-r3.dat,3,4,41,3
20190706/user3/user3-2-52-r1.dat,3,2,52,1
20190706/user3/user3-3-1-r4.dat,3,3,1,4
20190706/user3/user3-3-27-r4.dat,3,3,27,4
20190706/user3/user3-2-69-r5.dat,3,2,69,5
20190706/user3/user3-3-95-r5.dat,3,3,95,5
20190706/user3/user3-1-66-r2.dat,3,1,66,2
20190706/user3/user3-1-13-r5.dat,3,1,13,5
20190706/user3/user3-2-69-r2.dat,3,2,69,2
20190706/user3/user3-1-36-r6.dat,3,1,36,6
20190706/user3/user3-1-13-r6.dat,3,1,13,6
20190706/user3/user3-1-51-r6.dat,3,1,51,6
20190706/user3/user3-1-79-r2.dat,3,1,79,2
20190706/user3/user3-1-84-r5.dat,3,1,84,5
20190706/user3/user3-3-51-r4.dat,3,3,51,4
20190706/user3/user3-3-75-r5.dat,3,3,75,5
20190706/user3/user3-2-7-r3.dat,3,2,7,3
20190706/user3/user3-1-32-r6.dat,3,1,32,6
20190706/user3/user3-2-88-r4.dat,3,2,88,4
20190706/user3/user3-3-79-r6.dat,3,3,79,6
20190706/user3/user3-3-87-r1.dat,3,3,87,1
20190706/user3/user3-1-34-r5.dat,3,1,34,5
20190706/user3/user3-1-6-r2.dat,3,1,6,2
20190706/user3/user3-1-69-r1.dat,3,1,69,1
20190706/user3/user3-2-21-r5.dat,3,2,21,5
20190706/user3/user3-1-53-r4.dat,3,1,53,4
20190706/user3/user3-1-37-r1.dat,3,1,37,1
20190706/user3/user3-1-48-r5.dat,3,1,48,5
20190706/user3/user3-2-50-r2.dat,3,2,50,2
20190706/user3/user3-3-7-r4.dat,3,3,7,4
20190706/user3/user3-4-74-r5.dat,3,4,74,5
20190706/user3/user3-1-39-r3.dat,3,1,39,3
20190706/user3/user3-1-55-r4.dat,3,1,55,4
20190706/user3/user3-3-9-r3.dat,3,3,9,3
20190706/user3/user3-2-87-r2.dat,3,2,87,2
20190706/user3/user3-4-21-r2.dat,3,4,21,2
20190706/user3/user3-3-79-r3.dat,3,3,79,3
20190706/user3/user3-2-29-r2.dat,3,2,29,2
20190706/user3/user3-4-67-r1.dat,3,4,67,1
20190706/user3/user3-2-50-r4.dat,3,2,50,4
20190706/user3/user3-4-27-r6.dat,3,4,27,6
20190706/user3/user3-2-26-r4.dat,3,2,26,4
20190706/user3/user3-1-4-r1.dat,3,1,4,1
20190706/user3/user3-2-56-r5.dat,3,2,56,5
20190706/user3/user3-3-44-r5.dat,3,3,44,5
20190706/user3/user3-2-78-r5.dat,3,2,78,5
20190706/user3/user3-3-51-r5.dat,3,3,51,5
20190706/user3/user3-2-22-r1.dat,3,2,22,1
20190706/user3/user3-4-3-r6.dat,3,4,3,6
20190706/user3/user3-4-32-r5.dat,3,4,32,5
20190706/user3/user3-3-92-r5.dat,3,3,92,5
20190706/user3/user3-1-95-r6.dat,3,1,95,6
20190706/user3/user3-2-17-r4.dat,3,2,17,4
20190706/user3/user3-2-52-r4.dat,3,2,52,4
20190706/user3/user3-3-27-r3.dat,3,3,27,3
20190706/user3/user3-2-34-r3.dat,3,2,34,3
20190706/user3/user3-3-35-r6.dat,3,3,35,6
20190706/user3/user3-1-67-r4.dat,3,1,67,4
20190706/user3/user3-3-48-r5.dat,3,3,48,5
20190706/user3/user3-3-11-r3.dat,3,3,11,3
20190706/user3/user3-2-52-r5.dat,3,2,52,5
20190706/user3/user3-2-34-r5.dat,3,2,34,5
20190706/user3/user3-1-50-r5.dat,3,1,50,5
20190706/user3/user3-2-31-r6.dat,3,2,31,6
20190706/user3/user3-3-57-r1.dat,3,3,57,1
20190706/user3/user3-3-39-r2.dat,3,3,39,2
20190706/user3/user3-2-38-r2.dat,3,2,38,2
20190706/user3/user3-3-58-r3.dat,3,3,58,3
20190706/user3/user3-1-50-r2.dat,3,1,50,2
20190706/user3/user3-3-1-r3.dat,3,3,1,3
20190706/user3/user3-2-88-r5.dat,3,2,88,5
20190706/user3/user3-2-26-r1.dat,3,2,26,1
20190706/user3/user3-3-40-r6.dat,3,3,40,6
20190706/user3/user3-4-81-r3.dat,3,4,81,3
20190706/user3/user3-4-5-r3.dat,3,4,5,3
20190706/user3/user3-1-60-r2.dat,3,1,60,2
20190706/user3/user3-3-57-r6.dat,3,3,57,6
20190706/user3/user3-1-33-r3.dat,3,1,33,3
20190706/user3/user3-4-27-r1.dat,3,4,27,1
20190706/user3/user3-1-44-r4.dat,3,1,44,4
20190706/user3/user3-3-80-r4.dat,3,3,80,4
20190706/user3/user3-3-3-r5.dat,3,3,3,5
20190706/user3/user3-3-59-r4.dat,3,3,59,4
20190706/user3/user3-3-61-r5.dat,3,3,61,5
20190706/user3/user3-3-87-r2.dat,3,3,87,2
20190706/user3/user3-2-3-r3.dat,3,2,3,3
20190706/user3/user3-1-7-r2.dat,3,1,7,2
20190706/user3/user3-2-82-r4.dat,3,2,82,4
20190706/user3/user3-1-28-r5.dat,3,1,28,5
20190706/user3/user3-2-2-r1.dat,3,2,2,1
20190706/user3/user3-3-11-r4.dat,3,3,11,4
20190706/user3/user3-3-56-r6.dat,3,3,56,6
20190706/user3/user3-2-43-r2.dat,3,2,43,2
20190706/user3/user3-1-18-r5.dat,3,1,18,5
20190706/user3/user3-4-3-r2.dat,3,4,3,2
20190706/user3/user3-4-26-r6.dat,3,4,26,6
20190706/user3/user3-4-46-r6.dat,3,4,46,6
20190706/user3/user3-3-46-r5.dat,3,3,46,5
20190706/user3/user3-3-19-r2.dat,3,3,19,2
20190706/user3/user3-2-84-r5.dat,3,2,84,5
20190706/user3/user3-1-28-r4.dat,3,1,28,4
20190706/user3/user3-1-24-r1.dat,3,1,24,1
20190706/user3/user3-2-89-r6.dat,3,2,89,6
20190706/user3/user3-1-94-r1.dat,3,1,94,1
20190706/user3/user3-4-42-r4.dat,3,4,42,4
20190706/user3/user3-4-11-r6.dat,3,4,11,6
20190706/user3/user3-2-38-r3.dat,3,2,38,3
20190706/user3/user3-4-21-r3.dat,3,4,21,3
20190706/user3/user3-4-93-r2.dat,3,4,93,2
20190706/user3/user3-4-90-r5.dat,3,4,90,5
20190706/user3/user3-3-19-r6.dat,3,3,19,6
20190706/user3/user3-2-99-r5.dat,3,2,99,5
20190706/user3/user3-1-67-r1.dat,3,1,67,1
20190706/user3/user3-2-39-r3.dat,3,2,39,3
20190706/user3/user3-4-48-r4.dat,3,4,48,4
20190706/user3/user3-3-10-r5.dat,3,3,10,5
20190706/user3/user3-4-79-r3.dat,3,4,79,3
20190706/user3/user3-3-93-r1.dat,3,3,93,1
20190706/user3/user3-2-12-r2.dat,3,2,12,2
20190706/user3/user3-3-30-r2.dat,3,3,30,2
20190706/user3/user3-1-74-r5.dat,3,1,74,5
20190706/user3/user3-4-40-r5.dat,3,4,40,5
20190706/user3/user3-2-100-r2.dat,3,2,100,2
20190706/user3/user3-3-74-r1.dat,3,3,74,1
20190706/user3/user3-1-82-r3.dat,3,1,82,3
20190706/user3/user3-4-60-r1.dat,3,4,60,1
20190706/user3/user3-1-70-r2.dat,3,1,70,2
20190706/user3/user3-1-7-r6.dat,3,1,7,6
20190706/user3/user3-1-31-r2.dat,3,1,31,2
20190706/user3/user3-1-49-r3.dat,3,1,49,3
20190706/user3/user3-1-35-r5.dat,3,1,35,5
20190706/user3/user3-1-18-r3.dat,3,1,18,3
20190706/user3/user3-4-15-r3.dat,3,4,15,3
20190706/user3/user3-4-89-r4.dat,3,4,89,4
20190706/user3/user3-1-86-r6.dat,3,1,86,6
20190706/user3/user3-3-99-r2.dat,3,3,99,2
20190706/user3/user3-1-72-r2.dat,3,1,72,2
20190706/user3/user3-3-70-r3.dat,3,3,70,3
20190706/user3/user3-3-7-r5.dat,3,3,7,5
20190706/user3/user3-1-46-r4.dat,3,1,46,4
20190706/user3/user3-3-1-r1.dat,3,3,1,1
20190706/user3/user3-3-23-r1.dat,3,3,23,1
20190706/user3/user3-4-28-r1.dat,3,4,28,1
20190706/user3/user3-3-46-r2.dat,3,3,46,2
20190706/user3/user3-2-58-r6.dat,3,2,58,6
20190706/user3/user3-1-6-r6.dat,3,1,6,6
20190706/user3/user3-4-36-r4.dat,3,4,36,4
20190706/user3/user3-2-33-r4.dat,3,2,33,4
20190706/user3/user3-3-89-r4.dat,3,3,89,4
20190706/user3/user3-4-35-r4.dat,3,4,35,4
20190706/user3/user3-4-14-r6.dat,3,4,14,6
20190706/user3/user3-2-81-r5.dat,3,2,81,5
20190706/user3/user3-1-9-r3.dat,3,1,9,3
20190706/user3/user3-1-52-r2.dat,3,1,52,2
20190706/user3/user3-2-8-r1.dat,3,2,8,1
20190706/user3/user3-2-44-r2.dat,3,2,44,2
20190706/user3/user3-1-16-r5.dat,3,1,16,5
20190706/user3/user3-2-49-r5.dat,3,2,49,5
20190706/user3/user3-1-51-r5.dat,3,1,51,5
20190706/user3/user3-4-33-r4.dat,3,4,33,4
20190706/user3/user3-3-94-r6.dat,3,3,94,6
20190706/user3/user3-2-71-r4.dat,3,2,71,4
20190706/user3/user3-3-56-r1.dat,3,3,56,1
20190706/user3/user3-3-96-r5.dat,3,3,96,5
20190706/user3/user3-3-36-r3.dat,3,3,36,3
20190706/user3/user3-1-88-r6.dat,3,1,88,6
20190706/user3/user3-1-84-r2.dat,3,1,84,2
20190706/user3/user3-4-70-r4.dat,3,4,70,4
20190706/user3/user3-3-28-r5.dat,3,3,28,5
20190706/user3/user3-4-61-r5.dat,3,4,61,5
20190706/user3/user3-3-14-r5.dat,3,3,14,5
20190706/user3/user3-3-44-r2.dat,3,3,44,2
20190706/user3/user3-3-97-r2.dat,3,3,97,2
20190706/user3/user3-2-35-r3.dat,3,2,35,3
20190706/user3/user3-2-57-r6.dat,3,2,57,6
20190706/user3/user3-1-69-r2.dat,3,1,69,2
20190706/user3/user3-3-16-r1.dat,3,3,16,1
20190706/user3/user3-3-43-r3.dat,3,3,43,3
20190706/user3/user3-4-14-r4.dat,3,4,14,4
20190706/user3/user3-4-28-r6.dat,3,4,28,6
20190706/user3/user3-1-5-r6.dat,3,1,5,6
20190706/user3/user3-3-70-r4.dat,3,3,70,4
20190706/user3/user3-2-14-r3.dat,3,2,14,3
20190706/user3/user3-2-11-r6.dat,3,2,11,6
20190706/user3/user3-4-84-r2.dat,3,4,84,2
20190706/user3/user3-3-4-r3.dat,3,3,4,3
20190706/user3/user3-4-95-r2.dat,3,4,95,2
20190706/user3/user3-4-36-r6.dat,3,4,36,6
20190706/user3/user3-1-25-r4.dat,3,1,25,4
20190706/user3/user3-2-99-r3.dat,3,2,99,3
20190706/user3/user3-2-80-r6.dat,3,2,80,6
20190706/user3/user3-1-13-r2.dat,3,1,13,2
20190706/user3/user3-3-39-r1.dat,3,3,39,1
20190706/user3/user3-2-71-r2.dat,3,2,71,2
20190706/user3/user3-2-12-r1.dat,3,2,12,1
20190706/user3/user3-4-23-r5.dat,3,4,23,5
20190706/user3/user3-4-52-r5.dat,3,4,52,5
20190706/user3/user3-4-76-r1.dat,3,4,76,1
20190706/user3/user3-2-82-r5.dat,3,2,82,5
20190706/user3/user3-4-78-r4.dat,3,4,78,4
20190706/user3/user3-3-17-r6.dat,3,3,17,6
20190706/user3/user3-3-100-r1.dat,3,3,100,1
20190706/user3/user3-1-83-r3.dat,3,1,83,3
20190706/user3/user3-1-33-r5.dat,3,1,33,5
20190706/user3/user3-4-4-r5.dat,3,4,4,5
20190706/user3/user3-3-99-r1.dat,3,3,99,1
20190706/user3/user3-4-68-r1.dat,3,4,68,1
20190706/user3/user3-4-69-r2.dat,3,4,69,2
20190706/user3/user3-4-5-r2.dat,3,4,5,2
20190706/user3/user3-2-63-r6.dat,3,2,63,6
20190706/user3/user3-2-7-r1.dat,3,2,7,1
20190706/user3/user3-4-89-r1.dat,3,4,89,1
20190706/user3/user3-4-80-r1.dat,3,4,80,1
20190706/user3/user3-4-40-r1.dat,3,4,40,1
20190706/user3/user3-3-21-r6.dat,3,3,21,6
20190706/user3/user3-3-94-r5.dat,3,3,94,5
20190706/user3/user3-4-66-r5.dat,3,4,66,5
20190706/user3/user3-4-32-r2.dat,3,4,32,2
20190706/user3/user3-4-92-r3.dat,3,4,92,3
20190706/user3/user3-1-96-r1.dat,3,1,96,1
20190706/user3/user3-1-49-r6.dat,3,1,49,6
20190706/user3/user3-3-96-r6.dat,3,3,96,6
20190706/user3/user3-4-40-r4.dat,3,4,40,4
20190706/user3/user3-4-87-r1.dat,3,4,87,1
20190706/user3/user3-3-85-r3.dat,3,3,85,3
20190706/user3/user3-1-51-r2.dat,3,1,51,2
20190706/user3/user3-4-82-r3.dat,3,4,82,3
20190706/user3/user3-4-55-r6.dat,3,4,55,6
20190706/user3/user3-2-32-r3.dat,3,2,32,3
20190706/user3/user3-1-43-r1.dat,3,1,43,1
20190706/user3/user3-4-16-r2.dat,3,4,16,2
20190706/user3/user3-3-13-r2.dat,3,3,13,2
20190706/user3/user3-2-9-r5.dat,3,2,9,5
20190706/user3/user3-3-86-r5.dat,3,3,86,5
20190706/user3/user3-1-10-r4.dat,3,1,10,4
20190706/user3/user3-2-33-r3.dat,3,2,33,3
20190706/user3/user3-4-82-r4.dat,3,4,82,4
20190706/user3/user3-2-20-r1.dat,3,2,20,1
20190706/user3/user3-1-50-r1.dat,3,1,50,1
20190706/user3/user3-3-67-r4.dat,3,3,67,4
20190706/user3/user3-1-26-r5.dat,3,1,26,5
20190706/user3/user3-2-4-r5.dat,3,2,4,5
20190706/user3/user3-3-96-r3.dat,3,3,96,3
20190706/user3/user3-2-32-r6.dat,3,2,32,6
20190706/user3/user3-2-50-r5.dat,3,2,50,5
20190706/user3/user3-4-22-r1.dat,3,4,22,1
20190706/user3/user3-4-62-r5.dat,3,4,62,5
20190706/user3/user3-4-1-r4.dat,3,4,1,4
20190706/user3/user3-1-41-r5.dat,3,1,41,5
20190706/user3/user3-4-75-r5.dat,3,4,75,5
20190706/user3/user3-1-60-r4.dat,3,1,60,4
20190706/user3/user3-3-18-r1.dat,3,3,18,1
20190706/user3/user3-2-99-r6.dat,3,2,99,6
20190706/user3/user3-2-5-r2.dat,3,2,5,2
20190706/user3/user3-1-54-r6.dat,3,1,54,6
20190706/user3/user3-4-37-r1.dat,3,4,37,1
20190706/user3/user3-3-95-r6.dat,3,3,95,6
20190706/user3/user3-3-9-r4.dat,3,3,9,4
20190706/user3/user3-3-22-r5.dat,3,3,22,5
20190706/user3/user3-1-79-r1.dat,3,1,79,1
20190706/user3/user3-4-94-r3.dat,3,4,94,3
20190706/user3/user3-2-65-r1.dat,3,2,65,1
20190706/user3/user3-2-48-r3.dat,3,2,48,3
20190706/user3/user3-3-81-r2.dat,3,3,81,2
20190706/user3/user3-2-51-r5.dat,3,2,51,5
20190706/user3/user3-1-55-r5.dat,3,1,55,5
20190706/user3/user3-1-56-r1.dat,3,1,56,1
20190706/user3/user3-4-1-r2.dat,3,4,1,2
20190706/user3/user3-1-86-r2.dat,3,1,86,2
20190706/user3/user3-4-71-r5.dat,3,4,71,5
20190706/user3/user3-2-10-r4.dat,3,2,10,4
20190706/user3/user3-4-51-r4.dat,3,4,51,4
20190706/user3/user3-1-38-r1.dat,3,1,38,1
20190706/user3/user3-3-65-r4.dat,3,3,65,4
20190706/user3/user3-1-77-r3.dat,3,1,77,3
20190706/user3/user3-1-45-r1.dat,3,1,45,1
20190706/user3/user3-4-8-r6.dat,3,4,8,6
20190706/user3/user3-2-5-r6.dat,3,2,5,6
20190706/user3/user3-1-25-r6.dat,3,1,25,6
20190706/user3/user3-4-63-r4.dat,3,4,63,4
20190706/user3/user3-3-55-r4.dat,3,3,55,4
20190706/user3/user3-3-53-r4.dat,3,3,53,4
20190706/user3/user3-1-36-r4.dat,3,1,36,4
20190706/user3/user3-1-72-r4.dat,3,1,72,4
20190706/user3/user3-2-89-r2.dat,3,2,89,2
20190706/user3/user3-4-8-r5.dat,3,4,8,5
20190706/user3/user3-4-34-r1.dat,3,4,34,1
20190706/user3/user3-2-85-r5.dat,3,2,85,5
20190706/user3/user3-2-43-r5.dat,3,2,43,5
20190706/user3/user3-2-31-r2.dat,3,2,31,2
20190706/user3/user3-1-86-r5.dat,3,1,86,5
20190706/user3/user3-3-59-r3.dat,3,3,59,3
20190706/user3/user3-4-97-r2.dat,3,4,97,2
20190706/user3/user3-1-8-r6.dat,3,1,8,6
20190706/user3/user3-4-78-r6.dat,3,4,78,6
20190706/user3/user3-2-5-r5.dat,3,2,5,5
20190706/user3/user3-3-78-r4.dat,3,3,78,4
20190706/user3/user3-4-7-r3.dat,3,4,7,3
20190706/user3/user3-3-36-r5.dat,3,3,36,5
20190706/user3/user3-2-28-r4.dat,3,2,28,4
20190706/user3/user3-2-48-r5.dat,3,2,48,5
20190706/user3/user3-4-71-r1.dat,3,4,71,1
20190706/user3/user3-2-63-r3.dat,3,2,63,3
20190706/user3/user3-4-77-r1.dat,3,4,77,1
20190706/user3/user3-1-49-r4.dat,3,1,49,4
20190706/user3/user3-2-83-r2.dat,3,2,83,2
20190706/user3/user3-3-89-r1.dat,3,3,89,1
20190706/user3/user3-2-13-r5.dat,3,2,13,5
20190706/user3/user3-1-24-r2.dat,3,1,24,2
20190706/user3/user3-1-17-r6.dat,3,1,17,6
20190706/user3/user3-2-7-r4.dat,3,2,7,4
20190706/user3/user3-4-15-r6.dat,3,4,15,6
20190706/user3/user3-1-75-r3.dat,3,1,75,3
20190706/user3/user3-2-34-r1.dat,3,2,34,1
20190706/user3/user3-4-18-r6.dat,3,4,18,6
20190706/user3/user3-4-46-r1.dat,3,4,46,1
20190706/user3/user3-1-41-r3.dat,3,1,41,3
20190706/user3/user3-2-77-r3.dat,3,2,77,3
20190706/user3/user3-1-52-r5.dat,3,1,52,5
20190706/user3/user3-4-52-r4.dat,3,4,52,4
20190706/user3/user3-2-93-r2.dat,3,2,93,2
20190706/user3/user3-3-84-r4.dat,3,3,84,4
20190706/user3/user3-2-58-r4.dat,3,2,58,4
20190706/user3/user3-2-92-r3.dat,3,2,92,3
20190706/user3/user3-1-65-r6.dat,3,1,65,6
20190706/user3/user3-2-56-r2.dat,3,2,56,2
20190706/user3/user3-1-68-r4.dat,3,1,68,4
20190706/user3/user3-1-22-r2.dat,3,1,22,2
20190706/user3/user3-1-13-r4.dat,3,1,13,4
20190706/user3/user3-1-43-r4.dat,3,1,43,4
20190706/user3/user3-2-38-r4.dat,3,2,38,4
20190706/user3/user3-4-87-r2.dat,3,4,87,2
20190706/user3/user3-1-74-r2.dat,3,1,74,2
20190706/user3/user3-4-71-r2.dat,3,4,71,2
20190706/user3/user3-4-51-r5.dat,3,4,51,5
20190706/user3/user3-1-11-r2.dat,3,1,11,2
20190706/user3/user3-3-10-r4.dat,3,3,10,4
20190706/user3/user3-3-68-r5.dat,3,3,68,5
20190706/user3/user3-2-37-r3.dat,3,2,37,3
20190706/user3/user3-2-67-r1.dat,3,2,67,1
20190706/user3/user3-3-58-r2.dat,3,3,58,2
20190706/user3/user3-4-96-r1.dat,3,4,96,1
20190706/user3/user3-4-63-r5.dat,3,4,63,5
20190706/user3/user3-3-56-r4.dat,3,3,56,4
20190706/user3/user3-1-17-r1.dat,3,1,17,1
20190706/user3/user3-3-72-r4.dat,3,3,72,4
20190706/user3/user3-3-11-r6.dat,3,3,11,6
20190706/user3/user3-2-85-r4.dat,3,2,85,4
20190706/user3/user3-4-71-r3.dat,3,4,71,3
20190706/user3/user3-4-56-r1.dat,3,4,56,1
20190706/user3/user3-2-43-r1.dat,3,2,43,1
20190706/user3/user3-4-49-r2.dat,3,4,49,2
20190706/user3/user3-2-13-r1.dat,3,2,13,1
20190706/user3/user3-4-94-r1.dat,3,4,94,1
20190706/user3/user3-3-55-r5.dat,3,3,55,5
20190706/user3/user3-1-87-r5.dat,3,1,87,5
20190706/user3/user3-1-49-r1.dat,3,1,49,1
20190706/user3/user3-4-30-r1.dat,3,4,30,1
20190706/user3/user3-1-71-r3.dat,3,1,71,3
20190706/user3/user3-1-65-r1.dat,3,1,65,1
20190706/user3/user3-3-32-r6.dat,3,3,32,6
20190706/user3/user3-4-4-r1.dat,3,4,4,1
20190706/user3/user3-1-71-r2.dat,3,1,71,2
20190706/user3/user3-2-63-r1.dat,3,2,63,1
20190706/user3/user3-1-76-r1.dat,3,1,76,1
20190706/user3/user3-4-95-r4.dat,3,4,95,4
20190706/user3/user3-3-24-r4.dat,3,3,24,4
20190706/user3/user3-2-55-r1.dat,3,2,55,1
20190706/user3/user3-3-63-r6.dat,3,3,63,6
20190706/user3/user3-2-22-r5.dat,3,2,22,5
20190706/user3/user3-1-1-r1.dat,3,1,1,1
20190706/user3/user3-3-75-r1.dat,3,3,75,1
20190706/user3/user3-1-59-r2.dat,3,1,59,2
20190706/user3/user3-2-19-r6.dat,3,2,19,6
20190706/user3/user3-4-72-r6.dat,3,4,72,6
20190706/user3/user3-2-6-r6.dat,3,2,6,6
20190706/user3/user3-2-47-r3.dat,3,2,47,3
20190706/user3/user3-3-75-r4.dat,3,3,75,4
20190706/user3/user3-1-94-r5.dat,3,1,94,5
20190706/user3/user3-3-43-r4.dat,3,3,43,4
20190706/user3/user3-1-99-r2.dat,3,1,99,2
20190706/user3/user3-3-49-r5.dat,3,3,49,5
20190706/user3/user3-2-25-r2.dat,3,2,25,2
20190706/user3/user3-3-12-r3.dat,3,3,12,3
20190706/user3/user3-3-6-r2.dat,3,3,6,2
20190706/user3/user3-2-48-r4.dat,3,2,48,4
20190706/user3/user3-1-19-r3.dat,3,1,19,3
20190706/user3/user3-4-55-r4.dat,3,4,55,4
20190706/user3/user3-2-68-r6.dat,3,2,68,6
20190706/user3/user3-3-56-r5.dat,3,3,56,5
20190706/user3/user3-2-25-r1.dat,3,2,25,1
20190706/user3/user3-3-60-r3.dat,3,3,60,3
20190706/user3/user3-4-15-r4.dat,3,4,15,4
20190706/user3/user3-2-51-r4.dat,3,2,51,4
20190706/user3/user3-1-81-r2.dat,3,1,81,2
20190706/user3/user3-4-86-r5.dat,3,4,86,5
20190706/user3/user3-4-51-r3.dat,3,4,51,3
20190706/user3/user3-3-98-r5.dat,3,3,98,5
20190706/user3/user3-2-69-r4.dat,3,2,69,4
20190706/user3/user3-3-65-r5.dat,3,3,65,5
20190706/user3/user3-2-98-r6.dat,3,2,98,6
20190706/user3/user3-4-7-r5.dat,3,4,7,5
20190706/user3/user3-3-20-r6.dat,3,3,20,6
20190706/user3/user3-4-39-r1.dat,3,4,39,1
20190706/user3/user3-3-33-r5.dat,3,3,33,5
20190706/user3/user3-1-11-r1.dat,3,1,11,1
20190706/user3/user3-3-7-r6.dat,3,3,7,6
20190706/user3/user3-2-95-r5.dat,3,2,95,5
20190706/user3/user3-1-70-r5.dat,3,1,70,5
20190706/user3/user3-4-99-r4.dat,3,4,99,4
20190706/user3/user3-1-43-r2.dat,3,1,43,2
20190706/user3/user3-2-66-r2.dat,3,2,66,2
20190706/user3/user3-1-36-r1.dat,3,1,36,1
20190706/user3/user3-4-34-r2.dat,3,4,34,2
20190706/user3/user3-4-43-r6.dat,3,4,43,6
20190706/user3/user3-4-6-r6.dat,3,4,6,6
20190706/user3/user3-1-16-r4.dat,3,1,16,4
20190706/user3/user3-4-83-r3.dat,3,4,83,3
20190706/user3/user3-2-73-r2.dat,3,2,73,2
20190706/user3/user3-1-27-r1.dat,3,1,27,1
20190706/user3/user3-4-90-r4.dat,3,4,90,4
20190706/user3/user3-4-69-r1.dat,3,4,69,1
20190706/user3/user3-3-10-r6.dat,3,3,10,6
20190706/user3/user3-4-10-r2.dat,3,4,10,2
20190706/user3/user3-2-87-r5.dat,3,2,87,5
20190706/user3/user3-2-84-r3.dat,3,2,84,3
20190706/user3/user3-1-29-r3.dat,3,1,29,3
20190706/user3/user3-2-70-r3.dat,3,2,70,3
20190706/user3/user3-4-99-r1.dat,3,4,99,1
20190706/user3/user3-1-25-r2.dat,3,1,25,2
20190706/user3/user3-2-49-r2.dat,3,2,49,2
20190706/user3/user3-4-31-r4.dat,3,4,31,4
20190706/user3/user3-2-64-r2.dat,3,2,64,2
20190706/user3/user3-1-78-r5.dat,3,1,78,5
20190706/user3/user3-3-53-r3.dat,3,3,53,3
20190706/user3/user3-3-86-r3.dat,3,3,86,3
20190706/user3/user3-1-89-r1.dat,3,1,89,1
20190706/user3/user3-4-60-r5.dat,3,4,60,5
20190706/user3/user3-4-34-r6.dat,3,4,34,6
20190706/user3/user3-3-50-r4.dat,3,3,50,4
20190706/user3/user3-3-16-r4.dat,3,3,16,4
20190706/user3/user3-4-67-r6.dat,3,4,67,6
20190706/user3/user3-1-98-r6.dat,3,1,98,6
20190706/user3/user3-2-28-r2.dat,3,2,28,2
20190706/user3/user3-2-58-r2.dat,3,2,58,2
20190706/user3/user3-4-41-r5.dat,3,4,41,5
20190706/user3/user3-1-93-r4.dat,3,1,93,4
20190706/user3/user3-3-62-r2.dat,3,3,62,2
20190706/user3/user3-1-95-r5.dat,3,1,95,5
20190706/user3/user3-2-52-r6.dat,3,2,52,6
20190706/user3/user3-4-33-r3.dat,3,4,33,3
20190706/user3/user3-4-36-r2.dat,3,4,36,2
20190706/user3/user3-3-17-r3.dat,3,3,17,3
20190627/user1/user1-3-28-r2.dat,1,3,28,2
20190627/user1/user1-3-5-r2.dat,1,3,5,2
20190627/user1/user1-1-22-r5.dat,1,1,22,5
20190627/user1/user1-1-14-r6.dat,1,1,14,6
20190627/user1/user1-3-69-r3.dat,1,3,69,3
20190627/user1/user1-2-4-r5.dat,1,2,4,5
20190627/user1/user1-3-92-r1.dat,1,3,92,1
20190627/user1/user1-1-14-r5.dat,1,1,14,5
20190627/user1/user1-3-66-r5.dat,1,3,66,5
20190627/user1/user1-1-31-r3.dat,1,1,31,3
20190627/user1/user1-4-47-r6.dat,1,4,47,6
20190627/user1/user1-1-14-r2.dat,1,1,14,2
20190627/user1/user1-1-55-r3.dat,1,1,55,3
20190627/user1/user1-2-33-r1.dat,1,2,33,1
20190627/user1/user1-4-20-r3.dat,1,4,20,3
20190627/user1/user1-1-23-r3.dat,1,1,23,3
20190627/user1/user1-4-60-r3.dat,1,4,60,3
20190627/user1/user1-1-16-r3.dat,1,1,16,3
20190627/user1/user1-2-8-r5.dat,1,2,8,5
20190627/user1/user1-4-3-r1.dat,1,4,3,1
20190627/user1/user1-4-64-r1.dat,1,4,64,1
20190627/user1/user1-1-62-r1.dat,1,1,62,1
20190627/user1/user1-2-22-r6.dat,1,2,22,6
20190627/user1/user1-4-4-r1.dat,1,4,4,1
20190627/user1/user1-4-37-r5.dat,1,4,37,5
20190627/user1/user1-2-9-r2.dat,1,2,9,2
20190627/user1/user1-4-81-r6.dat,1,4,81,6
20190627/user1/user1-1-35-r2.dat,1,1,35,2
20190627/user1/user1-1-82-r5.dat,1,1,82,5
20190627/user1/user1-1-21-r2.dat,1,1,21,2
20190627/user1/user1-4-8-r6.dat,1,4,8,6
20190627/user1/user1-3-50-r3.dat,1,3,50,3
20190627/user1/user1-3-1-r4.dat,1,3,1,4
20190627/user1/user1-2-29-r5.dat,1,2,29,5
20190627/user1/user1-3-83-r5.dat,1,3,83,5
20190627/user1/user1-1-31-r1.dat,1,1,31,1
20190627/user1/user1-3-49-r6.dat,1,3,49,6
20190627/user1/user1-4-26-r1.dat,1,4,26,1
20190627/user1/user1-2-49-r3.dat,1,2,49,3
20190627/user1/user1-2-8-r1.dat,1,2,8,1
20190627/user1/user1-3-70-r2.dat,1,3,70,2
20190627/user1/user1-2-60-r6.dat,1,2,60,6
20190627/user1/user1-1-53-r6.dat,1,1,53,6
20190627/user1/user1-2-1-r1.dat,1,2,1,1
20190627/user1/user1-1-39-r1.dat,1,1,39,1
20190627/user1/user1-1-89-r5.dat,1,1,89,5
20190627/user1/user1-1-83-r2.dat,1,1,83,2
20190627/user1/user1-3-45-r1.dat,1,3,45,1
20190627/user1/user1-2-75-r5.dat,1,2,75,5
20190627/user1/user1-4-36-r3.dat,1,4,36,3
20190627/user1/user1-3-97-r1.dat,1,3,97,1
20190627/user1/user1-1-65-r2.dat,1,1,65,2
20190627/user1/user1-4-23-r6.dat,1,4,23,6
20190627/user1/user1-3-75-r2.dat,1,3,75,2
20190627/user1/user1-1-85-r1.dat,1,1,85,1
20190627/user1/user1-2-72-r2.dat,1,2,72,2
20190627/user1/user1-2-33-r5.dat,1,2,33,5
20190627/user1/user1-4-58-r2.dat,1,4,58,2
20190627/user1/user1-3-53-r1.dat,1,3,53,1
20190627/user1/user1-4-27-r6.dat,1,4,27,6
20190627/user1/user1-3-93-r4.dat,1,3,93,4
20190627/user1/user1-1-11-r4.dat,1,1,11,4
20190627/user1/user1-1-62-r2.dat,1,1,62,2
20190627/user1/user1-4-44-r5.dat,1,4,44,5
20190627/user1/user1-3-35-r6.dat,1,3,35,6
20190627/user1/user1-1-87-r1.dat,1,1,87,1
20190627/user1/user1-1-66-r6.dat,1,1,66,6
20190627/user1/user1-1-78-r3.dat,1,1,78,3
20190627/user1/user1-4-14-r3.dat,1,4,14,3
20190627/user1/user1-3-22-r3.dat,1,3,22,3
20190627/user1/user1-1-56-r2.dat,1,1,56,2
20190627/user1/user1-3-78-r1.dat,1,3,78,1
20190627/user1/user1-2-42-r5.dat,1,2,42,5
20190627/user1/user1-3-49-r4.dat,1,3,49,4
20190627/user1/user1-1-24-r3.dat,1,1,24,3
20190627/user1/user1-2-4-r6.dat,1,2,4,6
20190627/user1/user1-3-88-r5.dat,1,3,88,5
20190627/user1/user1-4-65-r6.dat,1,4,65,6
20190627/user1/user1-4-34-r6.dat,1,4,34,6
20190627/user1/user1-3-7-r1.dat,1,3,7,1
20190627/user1/user1-2-53-r6.dat,1,2,53,6
20190627/user1/user1-1-48-r2.dat,1,1,48,2
20190627/user1/user1-2-6-r5.dat,1,2,6,5
20190627/user1/user1-2-90-r5.dat,1,2,90,5
20190627/user1/user1-4-78-r6.dat,1,4,78,6
20190627/user1/user1-2-68-r1.dat,1,2,68,1
20190627/user1/user1-2-35-r2.dat,1,2,35,2
20190627/user1/user1-2-88-r6.dat,1,2,88,6
20190627/user1/user1-2-51-r3.dat,1,2,51,3
20190627/user1/user1-4-10-r3.dat,1,4,10,3
20190627/user1/user1-2-75-r4.dat,1,2,75,4
20190627/user1/user1-3-6-r5.dat,1,3,6,5
20190627/user1/user1-3-85-r1.dat,1,3,85,1
20190627/user1/user1-1-17-r3.dat,1,1,17,3
20190627/user1/user1-1-63-r2.dat,1,1,63,2
20190627/user1/user1-1-7-r1.dat,1,1,7,1
20190627/user1/user1-2-7-r6.dat,1,2,7,6
20190627/user1/user1-1-6-r6.dat,1,1,6,6
20190627/user1/user1-1-9-r3.dat,1,1,9,3
20190627/user1/user1-1-55-r5.dat,1,1,55,5
20190627/user1/user1-2-81-r4.dat,1,2,81,4
20190627/user1/user1-4-24-r4.dat,1,4,24,4
20190627/user1/user1-1-4-r3.dat,1,1,4,3
20190627/user1/user1-4-28-r6.dat,1,4,28,6
20190627/user1/user1-2-44-r4.dat,1,2,44,4
20190627/user1/user1-3-60-r4.dat,1,3,60,4
20190627/user1/user1-2-55-r3.dat,1,2,55,3
20190627/user1/user1-3-12-r1.dat,1,3,12,1
20190627/user1/user1-1-67-r6.dat,1,1,67,6
20190627/user1/user1-4-38-r1.dat,1,4,38,1
20190627/user1/user1-2-45-r1.dat,1,2,45,1
20190627/user1/user1-4-40-r5.dat,1,4,40,5
20190627/user1/user1-1-16-r4.dat,1,1,16,4
20190627/user1/user1-3-62-r6.dat,1,3,62,6
20190627/user1/user1-1-41-r2.dat,1,1,41,2
20190627/user1/user1-4-96-r5.dat,1,4,96,5
20190627/user1/user1-1-8-r3.dat,1,1,8,3
20190627/user1/user1-3-30-r5.dat,1,3,30,5
20190627/user1/user1-2-12-r3.dat,1,2,12,3
20190627/user1/user1-1-61-r1.dat,1,1,61,1
20190627/user1/user1-4-39-r1.dat,1,4,39,1
20190627/user1/user1-2-52-r4.dat,1,2,52,4
20190627/user1/user1-2-71-r3.dat,1,2,71,3
20190627/user1/user1-4-70-r6.dat,1,4,70,6
20190627/user1/user1-3-1-r2.dat,1,3,1,2
20190627/user1/user1-1-79-r3.dat,1,1,79,3
20190627/user1/user1-2-1-r3.dat,1,2,1,3
20190627/user1/user1-3-54-r5.dat,1,3,54,5
20190627/user1/user1-2-94-r4.dat,1,2,94,4
20190627/user1/user1-3-58-r5.dat,1,3,58,5
20190627/user1/user1-2-98-r6.dat,1,2,98,6
20190627/user1/user1-2-69-r6.dat,1,2,69,6
20190627/user1/user1-1-41-r6.dat,1,1,41,6
20190627/user1/user1-4-87-r1.dat,1,4,87,1
20190627/user1/user1-1-53-r4.dat,1,1,53,4
20190627/user1/user1-4-9-r3.dat,1,4,9,3
20190627/user1/user1-2-40-r5.dat,1,2,40,5
20190627/user1/user1-1-53-r3.dat,1,1,53,3
20190627/user1/user1-2-26-r1.dat,1,2,26,1
20190627/user1/user1-3-91-r6.dat,1,3,91,6
20190627/user1/user1-4-14-r5.dat,1,4,14,5
20190627/user1/user1-4-11-r1.dat,1,4,11,1
20190627/user1/user1-2-44-r2.dat,1,2,44,2
20190627/user1/user1-2-70-r4.dat,1,2,70,4
20190627/user1/user1-3-17-r3.dat,1,3,17,3
20190627/user1/user1-1-93-r6.dat,1,1,93,6
20190627/user1/user1-2-95-r4.dat,1,2,95,4
20190627/user1/user1-4-6-r2.dat,1,4,6,2
20190627/user1/user1-1-44-r2.dat,1,1,44,2
20190627/user1/user1-3-87-r5.dat,1,3,87,5
20190627/user1/user1-1-29-r3.dat,1,1,29,3
20190627/user1/user1-1-95-r6.dat,1,1,95,6
20190627/user1/user1-4-76-r1.dat,1,4,76,1
20190627/user1/user1-2-30-r3.dat,1,2,30,3
20190627/user1/user1-2-50-r4.dat,1,2,50,4
20190627/user1/user1-3-7-r2.dat,1,3,7,2
20190627/user1/user1-2-17-r2.dat,1,2,17,2
20190627/user1/user1-2-74-r2.dat,1,2,74,2
20190627/user1/user1-4-59-r3.dat,1,4,59,3
20190627/user1/user1-1-45-r6.dat,1,1,45,6
20190627/user1/user1-4-51-r2.dat,1,4,51,2
20190627/user1/user1-1-61-r3.dat,1,1,61,3
20190627/user1/user1-4-39-r5.dat,1,4,39,5
20190627/user1/user1-1-34-r5.dat,1,1,34,5
20190627/user1/user1-2-90-r4.dat,1,2,90,4
20190627/user1/user1-3-71-r5.dat,1,3,71,5
20190627/user1/user1-3-40-r1.dat,1,3,40,1
20190627/user1/user1-4-25-r1.dat,1,4,25,1
20190627/user1/user1-4-9-r4.dat,1,4,9,4
20190627/user1/user1-1-75-r1.dat,1,1,75,1
20190627/user1/user1-1-28-r2.dat,1,1,28,2
20190627/user1/user1-3-50-r2.dat,1,3,50,2
20190627/user1/user1-3-36-r3.dat,1,3,36,3
20190627/user1/user1-4-73-r3.dat,1,4,73,3
20190627/user1/user1-3-52-r6.dat,1,3,52,6
20190627/user1/user1-1-26-r6.dat,1,1,26,6
20190627/user1/user1-2-65-r3.dat,1,2,65,3
20190627/user1/user1-2-97-r5.dat,1,2,97,5
20190627/user1/user1-4-7-r3.dat,1,4,7,3
20190627/user1/user1-3-90-r3.dat,1,3,90,3
20190627/user1/user1-4-30-r2.dat,1,4,30,2
20190627/user1/user1-2-39-r6.dat,1,2,39,6
20190627/user1/user1-4-29-r5.dat,1,4,29,5
20190627/user1/user1-1-1-r4.dat,1,1,1,4
20190627/user1/user1-1-2-r5.dat,1,1,2,5
20190627/user1/user1-1-16-r1.dat,1,1,16,1
20190627/user1/user1-1-15-r5.dat,1,1,15,5
20190627/user1/user1-4-97-r5.dat,1,4,97,5
20190627/user1/user1-3-70-r3.dat,1,3,70,3
20190627/user1/user1-4-48-r6.dat,1,4,48,6
20190627/user1/user1-2-44-r3.dat,1,2,44,3
20190627/user1/user1-3-52-r3.dat,1,3,52,3
20190627/user1/user1-4-99-r6.dat,1,4,99,6
20190627/user1/user1-1-29-r2.dat,1,1,29,2
20190627/user1/user1-3-21-r5.dat,1,3,21,5
20190627/user1/user1-2-9-r4.dat,1,2,9,4
20190627/user1/user1-1-82-r3.dat,1,1,82,3
20190627/user1/user1-3-19-r1.dat,1,3,19,1
20190627/user1/user1-2-33-r3.dat,1,2,33,3
20190627/user1/user1-3-11-r4.dat,1,3,11,4
20190627/user1/user1-1-88-r5.dat,1,1,88,5
20190627/user1/user1-1-69-r4.dat,1,1,69,4
20190627/user1/user1-2-30-r4.dat,1,2,30,4
20190627/user1/user1-3-61-r4.dat,1,3,61,4
20190627/user1/user1-1-3-r1.dat,1,1,3,1
20190627/user1/user1-3-58-r2.dat,1,3,58,2
20190627/user1/user1-2-51-r4.dat,1,2,51,4
20190627/user1/user1-3-79-r5.dat,1,3,79,5
20190627/user1/user1-2-19-r5.dat,1,2,19,5
20190627/user1/user1-3-75-r3.dat,1,3,75,3
20190627/user1/user1-3-2-r4.dat,1,3,2,4
20190627/user1/user1-2-10-r3.dat,1,2,10,3
20190627/user1/user1-3-50-r5.dat,1,3,50,5
20190627/user1/user1-3-24-r2.dat,1,3,24,2
20190627/user1/user1-1-67-r5.dat,1,1,67,5
20190627/user1/user1-1-21-r1.dat,1,1,21,1
20190627/user1/user1-4-21-r1.dat,1,4,21,1
20190627/user1/user1-4-33-r2.dat,1,4,33,2
20190627/user1/user1-1-84-r2.dat,1,1,84,2
20190627/user1/user1-4-59-r1.dat,1,4,59,1
20190627/user1/user1-4-86-r4.dat,1,4,86,4
20190627/user1/user1-3-15-r2.dat,1,3,15,2
20190627/user1/user1-2-54-r5.dat,1,2,54,5
20190627/user1/user1-2-6-r6.dat,1,2,6,6
20190627/user1/user1-3-50-r6.dat,1,3,50,6
20190627/user1/user1-3-31-r1.dat,1,3,31,1
20190627/user1/user1-4-6-r5.dat,1,4,6,5
20190627/user1/user1-2-95-r5.dat,1,2,95,5
20190627/user1/user1-4-71-r5.dat,1,4,71,5
20190627/user1/user1-2-32-r6.dat,1,2,32,6
20190627/user1/user1-4-11-r6.dat,1,4,11,6
20190627/user1/user1-2-85-r3.dat,1,2,85,3
20190627/user1/user1-4-36-r5.dat,1,4,36,5
20190627/user1/user1-1-12-r5.dat,1,1,12,5
20190627/user1/user1-2-67-r4.dat,1,2,67,4
20190627/user1/user1-4-71-r4.dat,1,4,71,4
20190627/user1/user1-2-49-r5.dat,1,2,49,5
20190627/user1/user1-4-80-r3.dat,1,4,80,3
20190627/user1/user1-2-55-r4.dat,1,2,55,4
20190627/user1/user1-1-19-r3.dat,1,1,19,3
20190627/user1/user1-4-39-r4.dat,1,4,39,4
20190627/user1/user1-1-33-r2.dat,1,1,33,2
20190627/user1/user1-1-42-r5.dat,1,1,42,5
20190627/user1/user1-3-48-r1.dat,1,3,48,1
20190627/user1/user1-4-1-r3.dat,1,4,1,3
20190627/user1/user1-3-15-r3.dat,1,3,15,3
20190627/user1/user1-4-81-r2.dat,1,4,81,2
20190627/user1/user1-2-66-r2.dat,1,2,66,2
20190627/user1/user1-2-10-r6.dat,1,2,10,6
20190627/user1/user1-1-71-r5.dat,1,1,71,5
20190627/user1/user1-4-1-r6.dat,1,4,1,6
20190627/user1/user1-1-22-r6.dat,1,1,22,6
20190627/user1/user1-2-88-r4.dat,1,2,88,4
20190627/user1/user1-2-25-r6.dat,1,2,25,6
20190627/user1/user1-2-7-r2.dat,1,2,7,2
20190627/user1/user1-4-15-r5.dat,1,4,15,5
20190627/user1/user1-4-90-r2.dat,1,4,90,2
20190627/user1/user1-4-12-r1.dat,1,4,12,1
20190627/user1/user1-4-17-r4.dat,1,4,17,4
20190627/user1/user1-4-39-r6.dat,1,4,39,6
20190627/user1/user1-1-86-r3.dat,1,1,86,3
20190627/user1/user1-2-35-r5.dat,1,2,35,5
20190627/user1/user1-2-2-r1.dat,1,2,2,1
20190627/user1/user1-4-97-r2.dat,1,4,97,2
20190627/user1/user1-1-74-r5.dat,1,1,74,5
20190627/user1/user1-2-27-r2.dat,1,2,27,2
20190627/user1/user1-2-59-r3.dat,1,2,59,3
20190627/user1/user1-1-68-r5.dat,1,1,68,5
20190627/user1/user1-1-91-r6.dat,1,1,91,6
20190627/user1/user1-2-15-r4.dat,1,2,15,4
20190627/user1/user1-1-86-r5.dat,1,1,86,5
20190627/user1/user1-4-4-r3.dat,1,4,4,3
20190627/user1/user1-4-86-r2.dat,1,4,86,2
20190627/user1/user1-3-22-r2.dat,1,3,22,2
20190627/user1/user1-2-31-r1.dat,1,2,31,1
20190627/user1/user1-4-29-r1.dat,1,4,29,1
20190627/user1/user1-2-8-r3.dat,1,2,8,3
20190627/user1/user1-4-6-r4.dat,1,4,6,4
20190627/user1/user1-1-92-r2.dat,1,1,92,2
20190627/user1/user1-3-50-r4.dat,1,3,50,4
20190627/user1/user1-4-16-r3.dat,1,4,16,3
20190627/user1/user1-3-34-r6.dat,1,3,34,6
20190627/user1/user1-4-45-r4.dat,1,4,45,4
20190627/user1/user1-1-60-r6.dat,1,1,60,6
20190627/user1/user1-1-85-r5.dat,1,1,85,5
20190627/user1/user1-3-44-r4.dat,1,3,44,4
20190627/user1/user1-1-31-r5.dat,1,1,31,5
20190627/user1/user1-1-9-r6.dat,1,1,9,6
20190627/user1/user1-3-36-r5.dat,1,3,36,5
20190627/user1/user1-3-62-r2.dat,1,3,62,2
20190627/user1/user1-4-90-r6.dat,1,4,90,6
20190627/user1/user1-4-98-r6.dat,1,4,98,6
20190627/user1/user1-1-1-r6.dat,1,1,1,6
20190627/user1/user1-3-48-r6.dat,1,3,48,6
20190627/user1/user1-4-30-r4.dat,1,4,30,4
20190627/user1/user1-2-71-r1.dat,1,2,71,1
20190627/user1/user1-2-56-r5.dat,1,2,56,5
20190627/user1/user1-1-51-r3.dat,1,1,51,3
20190627/user1/user1-3-6-r4.dat,1,3,6,4
20190627/user1/user1-4-88-r3.dat,1,4,88,3
20190627/user1/user1-2-23-r5.dat,1,2,23,5
20190627/user1/user1-4-71-r6.dat,1,4,71,6
20190627/user1/user1-3-2-r3.dat,1,3,2,3
20190627/user1/user1-4-58-r5.dat,1,4,58,5
20190627/user1/user1-1-57-r1.dat,1,1,57,1
20190627/user1/user1-2-12-r1.dat,1,2,12,1
20190627/user1/user1-4-17-r3.dat,1,4,17,3
20190627/user1/user1-3-41-r3.dat,1,3,41,3
20190627/user1/user1-1-24-r5.dat,1,1,24,5
20190627/user1/user1-1-94-r4.dat,1,1,94,4
20190627/user1/user1-1-96-r3.dat,1,1,96,3
20190627/user1/user1-2-97-r6.dat,1,2,97,6
20190627/user1/user1-2-26-r3.dat,1,2,26,3
20190627/user1/user1-2-15-r6.dat,1,2,15,6
20190627/user1/user1-3-35-r4.dat,1,3,35,4
20190627/user1/user1-2-48-r4.dat,1,2,48,4
20190627/user1/user1-4-92-r2.dat,1,4,92,2
20190627/user1/user1-3-38-r1.dat,1,3,38,1
20190627/user1/user1-2-66-r3.dat,1,2,66,3
20190627/user1/user1-4-98-r2.dat,1,4,98,2
20190627/user1/user1-4-75-r3.dat,1,4,75,3
20190627/user1/user1-4-46-r6.dat,1,4,46,6
20190627/user1/user1-1-17-r4.dat,1,1,17,4
20190627/user1/user1-2-64-r4.dat,1,2,64,4
20190627/user1/user1-2-80-r4.dat,1,2,80,4
20190627/user1/user1-3-89-r1.dat,1,3,89,1
20190627/user1/user1-2-20-r5.dat,1,2,20,5
20190627/user1/user1-2-14-r5.dat,1,2,14,5
20190627/user1/user1-3-25-r5.dat,1,3,25,5
20190627/user1/user1-3-20-r6.dat,1,3,20,6
20190627/user1/user1-3-43-r1.dat,1,3,43,1
20190627/user1/user1-1-81-r5.dat,1,1,81,5
20190627/user1/user1-4-85-r4.dat,1,4,85,4
20190627/user1/user1-3-52-r1.dat,1,3,52,1
20190627/user1/user1-1-91-r1.dat,1,1,91,1
20190627/user1/user1-2-24-r2.dat,1,2,24,2
20190627/user1/user1-3-22-r6.dat,1,3,22,6
20190627/user1/user1-1-80-r4.dat,1,1,80,4
20190627/user1/user1-4-77-r5.dat,1,4,77,5
20190627/user1/user1-4-84-r6.dat,1,4,84,6
20190627/user1/user1-1-90-r6.dat,1,1,90,6
20190627/user1/user1-2-25-r5.dat,1,2,25,5
20190627/user1/user1-2-51-r1.dat,1,2,51,1
20190627/user1/user1-2-18-r6.dat,1,2,18,6
20190627/user1/user1-4-98-r4.dat,1,4,98,4
20190627/user1/user1-2-15-r3.dat,1,2,15,3
20190627/user1/user1-4-67-r1.dat,1,4,67,1
20190627/user1/user1-1-88-r4.dat,1,1,88,4
20190627/user1/user1-1-42-r1.dat,1,1,42,1
20190627/user1/user1-1-78-r6.dat,1,1,78,6
20190627/user1/user1-4-13-r5.dat,1,4,13,5
20190627/user1/user1-3-10-r5.dat,1,3,10,5
20190627/user1/user1-3-98-r4.dat,1,3,98,4
20190627/user1/user1-4-67-r4.dat,1,4,67,4
20190627/user1/user1-3-41-r5.dat,1,3,41,5
20190627/user1/user1-3-82-r2.dat,1,3,82,2
20190627/user1/user1-3-64-r3.dat,1,3,64,3
20190627/user1/user1-2-48-r5.dat,1,2,48,5
20190627/user1/user1-2-100-r2.dat,1,2,100,2
20190627/user1/user1-2-61-r1.dat,1,2,61,1
20190627/user1/user1-2-1-r5.dat,1,2,1,5
20190627/user1/user1-2-47-r6.dat,1,2,47,6
20190627/user1/user1-1-41-r1.dat,1,1,41,1
20190627/user1/user1-3-56-r3.dat,1,3,56,3
20190627/user1/user1-2-34-r3.dat,1,2,34,3
20190627/user1/user1-3-77-r3.dat,1,3,77,3
20190627/user1/user1-3-13-r3.dat,1,3,13,3
20190627/user1/user1-1-10-r3.dat,1,1,10,3
20190627/user1/user1-2-64-r6.dat,1,2,64,6
20190627/user1/user1-3-29-r4.dat,1,3,29,4
20190627/user1/user1-3-19-r3.dat,1,3,19,3
20190627/user1/user1-3-92-r6.dat,1,3,92,6
20190627/user1/user1-1-9-r1.dat,1,1,9,1
20190627/user1/user1-1-18-r3.dat,1,1,18,3
20190627/user1/user1-1-74-r2.dat,1,1,74,2
20190627/user1/user1-4-98-r3.dat,1,4,98,3
20190627/user1/user1-3-48-r5.dat,1,3,48,5
20190627/user1/user1-1-11-r2.dat,1,1,11,2
20190627/user1/user1-4-84-r2.dat,1,4,84,2
20190627/user1/user1-4-62-r6.dat,1,4,62,6
20190627/user1/user1-4-16-r5.dat,1,4,16,5
20190627/user1/user1-3-5-r6.dat,1,3,5,6
20190627/user1/user1-1-85-r3.dat,1,1,85,3
20190627/user1/user1-1-34-r1.dat,1,1,34,1
20190627/user1/user1-4-47-r3.dat,1,4,47,3
20190627/user1/user1-2-82-r3.dat,1,2,82,3
20190627/user1/user1-1-33-r1.dat,1,1,33,1
20190627/user1/user1-3-57-r6.dat,1,3,57,6
20190627/user1/user1-1-19-r4.dat,1,1,19,4
20190627/user1/user1-2-46-r5.dat,1,2,46,5
20190627/user1/user1-3-14-r3.dat,1,3,14,3
20190627/user1/user1-1-37-r1.dat,1,1,37,1
20190627/user1/user1-3-88-r3.dat,1,3,88,3
20190627/user1/user1-1-89-r6.dat,1,1,89,6
20190627/user1/user1-3-95-r1.dat,1,3,95,1
20190627/user1/user1-3-83-r3.dat,1,3,83,3
20190627/user1/user1-3-30-r3.dat,1,3,30,3
20190627/user1/user1-4-16-r1.dat,1,4,16,1
20190627/user1/user1-3-9-r3.dat,1,3,9,3
20190627/user1/user1-3-18-r5.dat,1,3,18,5
20190627/user1/user1-2-88-r2.dat,1,2,88,2
20190627/user1/user1-1-18-r1.dat,1,1,18,1
20190627/user1/user1-3-67-r6.dat,1,3,67,6
20190627/user1/user1-3-30-r2.dat,1,3,30,2
20190627/user1/user1-1-64-r5.dat,1,1,64,5
20190627/user1/user1-4-19-r1.dat,1,4,19,1
20190627/user1/user1-1-24-r1.dat,1,1,24,1
20190627/user1/user1-2-17-r6.dat,1,2,17,6
20190627/user1/user1-4-16-r2.dat,1,4,16,2
20190627/user1/user1-2-61-r6.dat,1,2,61,6
20190627/user1/user1-3-84-r3.dat,1,3,84,3
20190627/user1/user1-3-63-r1.dat,1,3,63,1
20190627/user1/user1-1-99-r5.dat,1,1,99,5
20190627/user1/user1-4-90-r4.dat,1,4,90,4
20190627/user1/user1-2-44-r6.dat,1,2,44,6
20190627/user1/user1-4-79-r4.dat,1,4,79,4
20190627/user1/user1-2-69-r4.dat,1,2,69,4
20190627/user1/user1-3-16-r3.dat,1,3,16,3
20190627/user1/user1-1-2-r3.dat,1,1,2,3
20190627/user1/user1-1-12-r2.dat,1,1,12,2
20190627/user1/user1-3-65-r1.dat,1,3,65,1
20190627/user1/user1-2-89-r4.dat,1,2,89,4
20190627/user1/user1-4-67-r2.dat,1,4,67,2
20190627/user1/user1-1-51-r4.dat,1,1,51,4
20190627/user1/user1-2-84-r5.dat,1,2,84,5
20190627/user1/user1-2-34-r4.dat,1,2,34,4
20190627/user1/user1-2-93-r5.dat,1,2,93,5
20190627/user1/user1-1-63-r3.dat,1,1,63,3
20190627/user1/user1-1-36-r4.dat,1,1,36,4
20190627/user1/user1-1-76-r5.dat,1,1,76,5
20190627/user1/user1-3-15-r5.dat,1,3,15,5
20190627/user1/user1-3-74-r2.dat,1,3,74,2
20190627/user1/user1-2-7-r3.dat,1,2,7,3
20190627/user1/user1-4-77-r3.dat,1,4,77,3
20190627/user1/user1-3-34-r1.dat,1,3,34,1
20190627/user1/user1-4-11-r3.dat,1,4,11,3
20190627/user1/user1-1-75-r5.dat,1,1,75,5
20190627/user1/user1-4-18-r1.dat,1,4,18,1
20190627/user1/user1-4-82-r4.dat,1,4,82,4
20190627/user1/user1-2-49-r1.dat,1,2,49,1
20190627/user1/user1-2-59-r2.dat,1,2,59,2
20190627/user1/user1-4-70-r1.dat,1,4,70,1
20190627/user1/user1-3-66-r1.dat,1,3,66,1
20190627/user1/user1-4-23-r2.dat,1,4,23,2
20190627/user1/user1-4-63-r3.dat,1,4,63,3
20190627/user1/user1-2-76-r4.dat,1,2,76,4
20190627/user1/user1-4-39-r3.dat,1,4,39,3
20190627/user1/user1-3-81-r5.dat,1,3,81,5
20190627/user1/user1-3-46-r4.dat,1,3,46,4
20190627/user1/user1-1-49-r3.dat,1,1,49,3
20190627/user1/user1-1-34-r3.dat,1,1,34,3
20190627/user1/user1-4-30-r3.dat,1,4,30,3
20190627/user1/user1-2-64-r5.dat,1,2,64,5
20190627/user1/user1-1-69-r6.dat,1,1,69,6
20190627/user1/user1-2-62-r4.dat,1,2,62,4
20190627/user1/user1-1-91-r4.dat,1,1,91,4
20190627/user1/user1-3-81-r2.dat,1,3,81,2
20190627/user1/user1-4-26-r3.dat,1,4,26,3
20190627/user1/user1-4-92-r1.dat,1,4,92,1
20190627/user1/user1-2-63-r3.dat,1,2,63,3
20190627/user1/user1-4-23-r3.dat,1,4,23,3
20190627/user1/user1-4-90-r1.dat,1,4,90,1
20190627/user1/user1-3-91-r2.dat,1,3,91,2
20190627/user1/user1-3-13-r2.dat,1,3,13,2
20190627/user1/user1-3-67-r4.dat,1,3,67,4
20190627/user1/user1-3-84-r4.dat,1,3,84,4
20190627/user1/user1-4-11-r2.dat,1,4,11,2
20190627/user1/user1-3-71-r1.dat,1,3,71,1
20190627/user1/user1-2-45-r2.dat,1,2,45,2
20190627/user1/user1-4-74-r3.dat,1,4,74,3
20190627/user1/user1-3-94-r2.dat,1,3,94,2
20190627/user1/user1-4-95-r6.dat,1,4,95,6
20190627/user1/user1-2-81-r3.dat,1,2,81,3
20190627/user1/user1-2-45-r4.dat,1,2,45,4
20190627/user1/user1-2-24-r1.dat,1,2,24,1
20190627/user1/user1-4-41-r2.dat,1,4,41,2
20190627/user1/user1-2-27-r1.dat,1,2,27,1
20190627/user1/user1-4-32-r3.dat,1,4,32,3
20190627/user1/user1-3-14-r6.dat,1,3,14,6
20190627/user1/user1-1-10-r4.dat,1,1,10,4
20190627/user1/user1-4-70-r3.dat,1,4,70,3
20190627/user1/user1-4-95-r4.dat,1,4,95,4
20190627/user1/user1-4-28-r1.dat,1,4,28,1
20190627/user1/user1-4-58-r1.dat,1,4,58,1
20190627/user1/user1-2-31-r5.dat,1,2,31,5
20190627/user1/user1-2-32-r3.dat,1,2,32,3
20190627/user1/user1-1-39-r6.dat,1,1,39,6
20190627/user1/user1-1-56-r6.dat,1,1,56,6
20190627/user1/user1-4-53-r4.dat,1,4,53,4
20190627/user1/user1-3-2-r5.dat,1,3,2,5
20190627/user1/user1-3-97-r6.dat,1,3,97,6
20190627/user1/user1-2-72-r4.dat,1,2,72,4
20190627/user1/user1-4-12-r6.dat,1,4,12,6
20190627/user1/user1-2-44-r1.dat,1,2,44,1
20190627/user1/user1-1-64-r2.dat,1,1,64,2
20190627/user1/user1-4-100-r6.dat,1,4,100,6
20190627/user1/user1-3-44-r2.dat,1,3,44,2
20190627/user1/user1-1-80-r5.dat,1,1,80,5
20190627/user1/user1-1-22-r4.dat,1,1,22,4
20190627/user1/user1-3-4-r2.dat,1,3,4,2
20190627/user1/user1-1-38-r6.dat,1,1,38,6
20190627/user1/user1-3-87-r6.dat,1,3,87,6
20190627/user1/user1-1-46-r6.dat,1,1,46,6
20190627/user1/user1-1-70-r4.dat,1,1,70,4
20190627/user1/user1-2-76-r2.dat,1,2,76,2
20190627/user1/user1-1-20-r5.dat,1,1,20,5
20190627/user1/user1-1-22-r2.dat,1,1,22,2
20190627/user1/user1-4-55-r1.dat,1,4,55,1
20190627/user1/user1-4-99-r1.dat,1,4,99,1
20190627/user1/user1-2-14-r4.dat,1,2,14,4
20190627/user1/user1-2-4-r3.dat,1,2,4,3
20190627/user1/user1-2-77-r4.dat,1,2,77,4
20190627/user1/user1-3-53-r5.dat,1,3,53,5
20190627/user1/user1-2-90-r1.dat,1,2,90,1
20190627/user1/user1-4-51-r4.dat,1,4,51,4
20190627/user1/user1-2-23-r2.dat,1,2,23,2
20190627/user1/user1-4-18-r6.dat,1,4,18,6
20190627/user1/user1-1-57-r6.dat,1,1,57,6
20190627/user1/user1-1-8-r2.dat,1,1,8,2
20190627/user1/user1-1-58-r5.dat,1,1,58,5
20190627/user1/user1-2-72-r5.dat,1,2,72,5
20190627/user1/user1-4-95-r1.dat,1,4,95,1
20190627/user1/user1-1-5-r2.dat,1,1,5,2
20190627/user1/user1-4-4-r2.dat,1,4,4,2
20190627/user1/user1-4-5-r5.dat,1,4,5,5
20190627/user1/user1-4-22-r5.dat,1,4,22,5
20190627/user1/user1-1-91-r5.dat,1,1,91,5
20190627/user1/user1-1-45-r1.dat,1,1,45,1
20190627/user1/user1-3-76-r3.dat,1,3,76,3
20190627/user1/user1-2-30-r2.dat,1,2,30,2
20190627/user1/user1-2-71-r6.dat,1,2,71,6
20190627/user1/user1-2-52-r3.dat,1,2,52,3
20190627/user1/user1-3-51-r2.dat,1,3,51,2
20190627/user1/user1-3-71-r3.dat,1,3,71,3
20190627/user1/user1-4-14-r6.dat,1,4,14,6
20190627/user1/user1-3-20-r5.dat,1,3,20,5
20190627/user1/user1-1-57-r2.dat,1,1,57,2
20190627/user1/user1-3-42-r1.dat,1,3,42,1
20190627/user1/user1-2-37-r2.dat,1,2,37,2
20190627/user1/user1-3-100-r5.dat,1,3,100,5
20190627/user1/user1-1-27-r2.dat,1,1,27,2
20190627/user1/user1-2-62-r2.dat,1,2,62,2
20190627/user1/user1-4-47-r2.dat,1,4,47,2
20190627/user1/user1-4-76-r5.dat,1,4,76,5
20190627/user1/user1-4-45-r3.dat,1,4,45,3
20190627/user1/user1-3-33-r1.dat,1,3,33,1
20190627/user1/user1-1-55-r1.dat,1,1,55,1
20190627/user1/user1-3-79-r1.dat,1,3,79,1
20190627/user1/user1-4-70-r2.dat,1,4,70,2
20190627/user1/user1-4-83-r4.dat,1,4,83,4
20190627/user1/user1-1-81-r4.dat,1,1,81,4
20190627/user1/user1-2-94-r2.dat,1,2,94,2
20190627/user1/user1-4-61-r3.dat,1,4,61,3
20190627/user1/user1-3-38-r3.dat,1,3,38,3
20190627/user1/user1-2-99-r6.dat,1,2,99,6
20190627/user1/user1-2-28-r1.dat,1,2,28,1
20190627/user1/user1-1-56-r4.dat,1,1,56,4
20190627/user1/user1-1-68-r1.dat,1,1,68,1
20190627/user1/user1-3-29-r1.dat,1,3,29,1
20190627/user1/user1-1-77-r4.dat,1,1,77,4
20190627/user1/user1-1-47-r3.dat,1,1,47,3
20190627/user1/user1-1-78-r2.dat,1,1,78,2
20190627/user1/user1-1-21-r4.dat,1,1,21,4
20190627/user1/user1-1-7-r2.dat,1,1,7,2
20190627/user1/user1-4-27-r5.dat,1,4,27,5
20190627/user1/user1-1-47-r1.dat,1,1,47,1
20190627/user1/user1-1-45-r2.dat,1,1,45,2
20190627/user1/user1-4-24-r6.dat,1,4,24,6
20190627/user1/user1-2-96-r3.dat,1,2,96,3
20190627/user1/user1-3-77-r6.dat,1,3,77,6
20190627/user1/user1-4-34-r1.dat,1,4,34,1
20190627/user1/user1-3-21-r6.dat,1,3,21,6
20190627/user1/user1-3-98-r1.dat,1,3,98,1
20190627/user1/user1-1-58-r6.dat,1,1,58,6
20190627/user1/user1-1-26-r4.dat,1,1,26,4
20190627/user1/user1-1-37-r2.dat,1,1,37,2
20190627/user1/user1-4-27-r3.dat,1,4,27,3
20190627/user1/user1-1-7-r5.dat,1,1,7,5
20190627/user1/user1-3-20-r2.dat,1,3,20,2
20190627/user1/user1-2-20-r1.dat,1,2,20,1
20190627/user1/user1-4-45-r2.dat,1,4,45,2
20190627/user1/user1-3-73-r4.dat,1,3,73,4
20190627/user1/user1-4-38-r2.dat,1,4,38,2
20190627/user1/user1-2-88-r3.dat,1,2,88,3
20190627/user1/user1-2-83-r2.dat,1,2,83,2
20190627/user1/user1-4-12-r2.dat,1,4,12,2
20190627/user1/user1-1-85-r4.dat,1,1,85,4
20190627/user1/user1-1-96-r4.dat,1,1,96,4
20190627/user1/user1-1-25-r3.dat,1,1,25,3
20190627/user1/user1-2-2-r5.dat,1,2,2,5
20190627/user1/user1-4-64-r2.dat,1,4,64,2
20190627/user1/user1-1-43-r6.dat,1,1,43,6
20190627/user1/user1-4-81-r1.dat,1,4,81,1
20190627/user1/user1-4-7-r6.dat,1,4,7,6
20190627/user1/user1-1-38-r2.dat,1,1,38,2
20190627/user1/user1-1-54-r6.dat,1,1,54,6
20190627/user1/user1-1-20-r6.dat,1,1,20,6
20190627/user1/user1-1-44-r4.dat,1,1,44,4
20190627/user1/user1-1-71-r2.dat,1,1,71,2
20190627/user1/user1-3-16-r1.dat,1,3,16,1
20190627/user1/user1-3-43-r5.dat,1,3,43,5
20190627/user1/user1-3-60-r2.dat,1,3,60,2
20190627/user1/user1-4-36-r2.dat,1,4,36,2
20190627/user1/user1-2-83-r4.dat,1,2,83,4
20190627/user1/user1-1-25-r5.dat,1,1,25,5
20190627/user1/user1-3-57-r4.dat,1,3,57,4
20190627/user1/user1-4-6-r6.dat,1,4,6,6
20190627/user1/user1-3-49-r5.dat,1,3,49,5
20190627/user1/user1-1-33-r5.dat,1,1,33,5
20190627/user1/user1-1-46-r3.dat,1,1,46,3
20190627/user1/user1-4-84-r4.dat,1,4,84,4
20190627/user1/user1-4-34-r3.dat,1,4,34,3
20190627/user1/user1-4-87-r2.dat,1,4,87,2
20190627/user1/user1-1-67-r4.dat,1,1,67,4
20190627/user1/user1-1-93-r5.dat,1,1,93,5
20190627/user1/user1-3-88-r2.dat,1,3,88,2
20190627/user1/user1-2-76-r3.dat,1,2,76,3
20190627/user1/user1-1-59-r2.dat,1,1,59,2
20190627/user1/user1-4-71-r1.dat,1,4,71,1
20190627/user1/user1-1-30-r6.dat,1,1,30,6
20190627/user1/user1-4-45-r1.dat,1,4,45,1
20190627/user1/user1-3-31-r6.dat,1,3,31,6
20190627/user1/user1-4-33-r1.dat,1,4,33,1
20190627/user1/user1-4-69-r5.dat,1,4,69,5
20190627/user1/user1-4-16-r4.dat,1,4,16,4
20190627/user1/user1-3-80-r4.dat,1,3,80,4
20190627/user1/user1-3-49-r1.dat,1,3,49,1
20190627/user1/user1-2-17-r1.dat,1,2,17,1
20190627/user1/user1-3-59-r6.dat,1,3,59,6
20190627/user1/user1-2-42-r4.dat,1,2,42,4
20190627/user1/user1-4-18-r4.dat,1,4,18,4
20190627/user1/user1-2-38-r2.dat,1,2,38,2
20190627/user1/user1-1-94-r1.dat,1,1,94,1
20190627/user1/user1-4-49-r4.dat,1,4,49,4
20190627/user1/user1-3-70-r6.dat,1,3,70,6
20190627/user1/user1-1-46-r2.dat,1,1,46,2
20190627/user1/user1-4-78-r1.dat,1,4,78,1
20190627/user1/user1-2-36-r5.dat,1,2,36,5
20190627/user1/user1-1-52-r5.dat,1,1,52,5
20190627/user1/user1-1-41-r5.dat,1,1,41,5
20190627/user1/user1-4-46-r1.dat,1,4,46,1
20190627/user1/user1-1-5-r6.dat,1,1,5,6
20190627/user1/user1-4-13-r4.dat,1,4,13,4
20190627/user1/user1-1-82-r2.dat,1,1,82,2
20190627/user1/user1-1-45-r4.dat,1,1,45,4
20190627/user1/user1-1-37-r4.dat,1,1,37,4
20190627/user1/user1-1-92-r6.dat,1,1,92,6
20190627/user1/user1-4-96-r4.dat,1,4,96,4
20190627/user1/user1-2-28-r2.dat,1,2,28,2
20190627/user1/user1-4-49-r2.dat,1,4,49,2
20190627/user1/user1-4-21-r6.dat,1,4,21,6
20190627/user1/user1-4-10-r6.dat,1,4,10,6
20190627/user1/user1-2-19-r3.dat,1,2,19,3
20190627/user1/user1-2-78-r2.dat,1,2,78,2
20190627/user1/user1-1-70-r1.dat,1,1,70,1
20190627/user1/user1-2-65-r5.dat,1,2,65,5
20190627/user1/user1-1-87-r4.dat,1,1,87,4
20190627/user1/user1-3-63-r2.dat,1,3,63,2
20190627/user1/user1-3-73-r6.dat,1,3,73,6
20190627/user1/user1-3-32-r4.dat,1,3,32,4
20190627/user1/user1-4-19-r5.dat,1,4,19,5
20190627/user1/user1-3-86-r4.dat,1,3,86,4
20190627/user1/user1-3-8-r6.dat,1,3,8,6
20190627/user1/user1-4-65-r3.dat,1,4,65,3
20190627/user1/user1-1-13-r3.dat,1,1,13,3
20190627/user1/user1-3-29-r2.dat,1,3,29,2
20190627/user1/user1-1-79-r6.dat,1,1,79,6
20190627/user1/user1-3-89-r5.dat,1,3,89,5
20190627/user1/user1-1-36-r6.dat,1,1,36,6
20190627/user1/user1-4-67-r3.dat,1,4,67,3
20190627/user1/user1-2-62-r1.dat,1,2,62,1
20190627/user1/user1-3-16-r2.dat,1,3,16,2
20190627/user1/user1-2-24-r3.dat,1,2,24,3
20190627/user1/user1-1-29-r5.dat,1,1,29,5
20190627/user1/user1-4-62-r4.dat,1,4,62,4
20190627/user1/user1-3-72-r6.dat,1,3,72,6
20190627/user1/user1-4-69-r3.dat,1,4,69,3
20190627/user1/user1-3-59-r1.dat,1,3,59,1
20190627/user1/user1-3-85-r3.dat,1,3,85,3
20190627/user1/user1-2-73-r1.dat,1,2,73,1
20190627/user1/user1-2-65-r1.dat,1,2,65,1
20190627/user1/user1-2-77-r6.dat,1,2,77,6
20190627/user1/user1-4-92-r4.dat,1,4,92,4
20190627/user1/user1-4-36-r1.dat,1,4,36,1
20190627/user1/user1-1-84-r5.dat,1,1,84,5
20190627/user1/user1-2-69-r5.dat,1,2,69,5
20190627/user1/user1-1-98-r5.dat,1,1,98,5
20190627/user1/user1-3-51-r1.dat,1,3,51,1
20190627/user1/user1-3-9-r5.dat,1,3,9,5
20190627/user1/user1-4-64-r4.dat,1,4,64,4
20190627/user1/user1-2-14-r3.dat,1,2,14,3
20190627/user1/user1-1-97-r6.dat,1,1,97,6
20190627/user1/user1-3-72-r5.dat,1,3,72,5
20190627/user1/user1-4-20-r6.dat,1,4,20,6
20190627/user1/user1-2-82-r4.dat,1,2,82,4
20190627/user1/user1-3-25-r4.dat,1,3,25,4
20190627/user1/user1-1-90-r2.dat,1,1,90,2
20190627/user1/user1-4-53-r2.dat,1,4,53,2
20190627/user1/user1-1-77-r1.dat,1,1,77,1
20190627/user1/user1-4-54-r1.dat,1,4,54,1
20190627/user1/user1-2-77-r1.dat,1,2,77,1
20190627/user1/user1-3-100-r4.dat,1,3,100,4
20190627/user1/user1-2-80-r2.dat,1,2,80,2
20190627/user1/user1-2-2-r3.dat,1,2,2,3
20190627/user1/user1-1-3-r4.dat,1,1,3,4
20190627/user1/user1-4-24-r3.dat,1,4,24,3
20190627/user1/user1-1-55-r6.dat,1,1,55,6
20190627/user1/user1-3-27-r4.dat,1,3,27,4
20190627/user1/user1-3-31-r4.dat,1,3,31,4
20190627/user1/user1-3-6-r1.dat,1,3,6,1
20190627/user1/user1-2-54-r2.dat,1,2,54,2
20190627/user1/user1-2-79-r6.dat,1,2,79,6
20190627/user1/user1-1-13-r1.dat,1,1,13,1
20190627/user1/user1-1-84-r3.dat,1,1,84,3
20190627/user1/user1-2-93-r6.dat,1,2,93,6
20190627/user1/user1-1-20-r4.dat,1,1,20,4
20190627/user1/user1-1-100-r3.dat,1,1,100,3
20190627/user1/user1-3-37-r5.dat,1,3,37,5
20190627/user1/user1-3-35-r5.dat,1,3,35,5
20190627/user1/user1-4-56-r4.dat,1,4,56,4
20190627/user1/user1-3-67-r1.dat,1,3,67,1
20190627/user1/user1-2-32-r4.dat,1,2,32,4
20190627/user1/user1-3-81-r4.dat,1,3,81,4
20190627/user1/user1-1-68-r4.dat,1,1,68,4
20190627/user1/user1-4-62-r2.dat,1,4,62,2
20190627/user1/user1-1-25-r1.dat,1,1,25,1
20190627/user1/user1-2-55-r2.dat,1,2,55,2
20190627/user1/user1-4-89-r4.dat,1,4,89,4
20190627/user1/user1-3-100-r2.dat,1,3,100,2
20190627/user1/user1-4-42-r5.dat,1,4,42,5
20190627/user1/user1-4-93-r6.dat,1,4,93,6
20190627/user1/user1-3-3-r3.dat,1,3,3,3
20190627/user1/user1-4-5-r6.dat,1,4,5,6
20190627/user1/user1-4-61-r2.dat,1,4,61,2
20190627/user1/user1-1-92-r1.dat,1,1,92,1
20190627/user1/user1-2-63-r4.dat,1,2,63,4
20190627/user1/user1-2-51-r6.dat,1,2,51,6
20190627/user1/user1-2-29-r2.dat,1,2,29,2
20190627/user1/user1-3-69-r1.dat,1,3,69,1
20190627/user1/user1-3-38-r2.dat,1,3,38,2
20190627/user1/user1-4-80-r6.dat,1,4,80,6
20190627/user1/user1-1-70-r5.dat,1,1,70,5
20190627/user1/user1-3-46-r1.dat,1,3,46,1
20190627/user1/user1-4-22-r4.dat,1,4,22,4
20190627/user1/user1-3-75-r1.dat,1,3,75,1
20190627/user1/user1-3-88-r1.dat,1,3,88,1
20190627/user1/user1-1-14-r4.dat,1,1,14,4
20190627/user1/user1-2-19-r6.dat,1,2,19,6
20190627/user1/user1-4-21-r3.dat,1,4,21,3
20190627/user1/user1-2-11-r5.dat,1,2,11,5
20190627/user1/user1-1-27-r3.dat,1,1,27,3
20190627/user1/user1-4-7-r1.dat,1,4,7,1
20190627/user1/user1-4-64-r5.dat,1,4,64,5
20190627/user1/user1-1-94-r5.dat,1,1,94,5
20190627/user1/user1-2-84-r3.dat,1,2,84,3
20190627/user1/user1-4-2-r2.dat,1,4,2,2
20190627/user1/user1-3-41-r1.dat,1,3,41,1
20190627/user1/user1-1-66-r5.dat,1,1,66,5
20190627/user1/user1-4-59-r4.dat,1,4,59,4
20190627/user1/user1-3-100-r6.dat,1,3,100,6
20190627/user1/user1-4-5-r4.dat,1,4,5,4
20190627/user1/user1-1-38-r5.dat,1,1,38,5
20190627/user1/user1-4-83-r3.dat,1,4,83,3
20190627/user1/user1-1-32-r3.dat,1,1,32,3
20190627/user1/user1-2-20-r3.dat,1,2,20,3
20190627/user1/user1-4-78-r5.dat,1,4,78,5
20190627/user1/user1-4-98-r1.dat,1,4,98,1
20190627/user1/user1-1-58-r1.dat,1,1,58,1
20190627/user1/user1-3-34-r3.dat,1,3,34,3
20190627/user1/user1-1-11-r1.dat,1,1,11,1
20190627/user1/user1-2-2-r2.dat,1,2,2,2
20190627/user1/user1-4-31-r2.dat,1,4,31,2
20190627/user1/user1-4-23-r5.dat,1,4,23,5
20190627/user1/user1-1-23-r6.dat,1,1,23,6
20190627/user1/user1-4-71-r3.dat,1,4,71,3
20190627/user1/user1-3-76-r1.dat,1,3,76,1
20190627/user1/user1-4-52-r3.dat,1,4,52,3
20190627/user1/user1-1-66-r3.dat,1,1,66,3
20190627/user1/user1-1-29-r1.dat,1,1,29,1
20190627/user1/user1-4-4-r6.dat,1,4,4,6
20190627/user1/user1-2-91-r4.dat,1,2,91,4
20190627/user1/user1-2-59-r1.dat,1,2,59,1
20190627/user1/user1-2-75-r2.dat,1,2,75,2
20190627/user1/user1-1-92-r3.dat,1,1,92,3
20190627/user1/user1-2-19-r1.dat,1,2,19,1
20190627/user1/user1-3-73-r1.dat,1,3,73,1
20190627/user1/user1-4-94-r6.dat,1,4,94,6
20190627/user1/user1-4-74-r2.dat,1,4,74,2
20190627/user1/user1-4-83-r2.dat,1,4,83,2
20190627/user1/user1-3-97-r4.dat,1,3,97,4
20190627/user1/user1-1-23-r2.dat,1,1,23,2
20190627/user1/user1-3-17-r6.dat,1,3,17,6
20190627/user1/user1-1-57-r4.dat,1,1,57,4
20190627/user1/user1-4-29-r4.dat,1,4,29,4
20190627/user1/user1-4-25-r4.dat,1,4,25,4
20190627/user1/user1-1-63-r6.dat,1,1,63,6
20190627/user1/user1-3-40-r3.dat,1,3,40,3
20190627/user1/user1-1-93-r4.dat,1,1,93,4
20190627/user1/user1-2-43-r3.dat,1,2,43,3
20190627/user1/user1-4-20-r5.dat,1,4,20,5
20190627/user1/user1-2-53-r1.dat,1,2,53,1
20190627/user1/user1-3-44-r6.dat,1,3,44,6
20190627/user1/user1-1-27-r5.dat,1,1,27,5
20190627/user1/user1-3-77-r2.dat,1,3,77,2
20190627/user1/user1-2-91-r2.dat,1,2,91,2
20190627/user1/user1-3-43-r4.dat,1,3,43,4
20190627/user1/user1-1-48-r5.dat,1,1,48,5
20190627/user1/user1-2-86-r1.dat,1,2,86,1
20190627/user1/user1-1-74-r1.dat,1,1,74,1
20190627/user1/user1-2-54-r3.dat,1,2,54,3
20190627/user1/user1-3-3-r4.dat,1,3,3,4
20190627/user1/user1-3-26-r1.dat,1,3,26,1
20190627/user1/user1-3-72-r4.dat,1,3,72,4
20190627/user1/user1-2-98-r5.dat,1,2,98,5
20190627/user1/user1-3-90-r6.dat,1,3,90,6
20190627/user1/user1-1-60-r5.dat,1,1,60,5
20190627/user1/user1-1-77-r2.dat,1,1,77,2
20190627/user1/user1-3-12-r6.dat,1,3,12,6
20190627/user1/user1-1-69-r2.dat,1,1,69,2
20190627/user1/user1-4-98-r5.dat,1,4,98,5
20190627/user1/user1-4-49-r5.dat,1,4,49,5
20190627/user1/user1-2-85-r4.dat,1,2,85,4
20190627/user1/user1-3-79-r4.dat,1,3,79,4
20190627/user1/user1-1-52-r1.dat,1,1,52,1
20190627/user1/user1-3-12-r2.dat,1,3,12,2
20190627/user1/user1-3-88-r4.dat,1,3,88,4
20190627/user1/user1-3-94-r5.dat,1,3,94,5
20190627/user1/user1-4-27-r1.dat,1,4,27,1
20190627/user1/user1-3-48-r2.dat,1,3,48,2
20190627/user1/user1-4-96-r1.dat,1,4,96,1
20190627/user1/user1-3-44-r3.dat,1,3,44,3
20190627/user1/user1-4-60-r2.dat,1,4,60,2
20190627/user1/user1-1-76-r6.dat,1,1,76,6
20190627/user1/user1-4-10-r4.dat,1,4,10,4
20190627/user1/user1-1-24-r6.dat,1,1,24,6
20190627/user1/user1-4-22-r3.dat,1,4,22,3
20190627/user1/user1-3-54-r1.dat,1,3,54,1
20190627/user1/user1-3-6-r6.dat,1,3,6,6
20190627/user1/user1-2-20-r4.dat,1,2,20,4
20190627/user1/user1-3-42-r5.dat,1,3,42,5
20190627/user1/user1-4-17-r2.dat,1,4,17,2
20190627/user1/user1-3-8-r1.dat,1,3,8,1
20190627/user1/user1-3-65-r4.dat,1,3,65,4
20190627/user1/user1-3-26-r6.dat,1,3,26,6
20190627/user1/user1-1-32-r4.dat,1,1,32,4
20190627/user1/user1-3-28-r4.dat,1,3,28,4
20190627/user1/user1-4-95-r3.dat,1,4,95,3
20190627/user1/user1-2-70-r2.dat,1,2,70,2
20190627/user1/user1-1-70-r2.dat,1,1,70,2
20190627/user1/user1-3-14-r4.dat,1,3,14,4
20190627/user1/user1-1-61-r6.dat,1,1,61,6
20190627/user1/user1-4-15-r1.dat,1,4,15,1
20190627/user1/user1-2-56-r3.dat,1,2,56,3
20190627/user1/user1-4-67-r6.dat,1,4,67,6
20190627/user1/user1-4-35-r1.dat,1,4,35,1
20190627/user1/user1-2-66-r1.dat,1,2,66,1
20190627/user1/user1-3-39-r2.dat,1,3,39,2
20190627/user1/user1-3-79-r3.dat,1,3,79,3
20190627/user1/user1-3-31-r2.dat,1,3,31,2
20190627/user1/user1-2-52-r2.dat,1,2,52,2
20190627/user1/user1-3-6-r2.dat,1,3,6,2
20190627/user1/user1-2-34-r2.dat,1,2,34,2
20190627/user1/user1-2-80-r1.dat,1,2,80,1
20190627/user1/user1-3-71-r2.dat,1,3,71,2
20190627/user1/user1-2-21-r5.dat,1,2,21,5
20190627/user1/user1-1-52-r6.dat,1,1,52,6
20190627/user1/user1-1-90-r4.dat,1,1,90,4
20190627/user1/user1-1-69-r1.dat,1,1,69,1
20190627/user1/user1-1-43-r1.dat,1,1,43,1
20190627/user1/user1-2-12-r6.dat,1,2,12,6
20190627/user1/user1-2-83-r1.dat,1,2,83,1
20190627/user1/user1-3-89-r3.dat,1,3,89,3
20190627/user1/user1-4-17-r1.dat,1,4,17,1
20190627/user1/user1-4-15-r2.dat,1,4,15,2
20190627/user1/user1-4-79-r5.dat,1,4,79,5
20190627/user1/user1-3-63-r6.dat,1,3,63,6
20190627/user1/user1-3-71-r4.dat,1,3,71,4
20190627/user1/user1-3-86-r3.dat,1,3,86,3
20190627/user1/user1-2-77-r5.dat,1,2,77,5
20190627/user1/user1-2-58-r1.dat,1,2,58,1
20190627/user1/user1-4-18-r3.dat,1,4,18,3
20190627/user1/user1-1-79-r1.dat,1,1,79,1
20190627/user1/user1-4-100-r4.dat,1,4,100,4
20190627/user1/user1-4-64-r3.dat,1,4,64,3
20190627/user1/user1-4-26-r5.dat,1,4,26,5
20190627/user1/user1-2-84-r2.dat,1,2,84,2
20190627/user1/user1-2-90-r3.dat,1,2,90,3
20190627/user1/user1-3-11-r1.dat,1,3,11,1
20190627/user1/user1-1-76-r3.dat,1,1,76,3
20190627/user1/user1-4-80-r4.dat,1,4,80,4
20190627/user1/user1-3-79-r2.dat,1,3,79,2
20190627/user1/user1-2-58-r4.dat,1,2,58,4
20190627/user1/user1-4-46-r2.dat,1,4,46,2
20190627/user1/user1-4-31-r5.dat,1,4,31,5
20190627/user1/user1-2-85-r5.dat,1,2,85,5
20190627/user1/user1-1-43-r2.dat,1,1,43,2
20190627/user1/user1-2-49-r6.dat,1,2,49,6
20190627/user1/user1-2-48-r6.dat,1,2,48,6
20190627/user1/user1-4-51-r3.dat,1,4,51,3
20190627/user1/user1-2-53-r3.dat,1,2,53,3
20190627/user1/user1-1-59-r3.dat,1,1,59,3
20190627/user1/user1-2-56-r4.dat,1,2,56,4
20190627/user1/user1-3-72-r3.dat,1,3,72,3
20190627/user1/user1-3-63-r4.dat,1,3,63,4
20190627/user1/user1-4-1-r5.dat,1,4,1,5
20190627/user1/user1-4-78-r3.dat,1,4,78,3
20190627/user1/user1-4-57-r6.dat,1,4,57,6
20190627/user1/user1-3-55-r3.dat,1,3,55,3
20190627/user1/user1-2-17-r3.dat,1,2,17,3
20190627/user1/user1-2-74-r3.dat,1,2,74,3
20190627/user1/user1-2-60-r1.dat,1,2,60,1
20190627/user1/user1-2-94-r5.dat,1,2,94,5
20190627/user1/user1-4-44-r2.dat,1,4,44,2
20190627/user1/user1-4-7-r5.dat,1,4,7,5
20190627/user1/user1-1-5-r3.dat,1,1,5,3
20190627/user1/user1-2-24-r6.dat,1,2,24,6
20190627/user1/user1-2-7-r4.dat,1,2,7,4
20190627/user1/user1-4-73-r2.dat,1,4,73,2
20190627/user1/user1-1-63-r5.dat,1,1,63,5
20190627/user1/user1-2-100-r3.dat,1,2,100,3
20190627/user1/user1-4-99-r4.dat,1,4,99,4
20190627/user1/user1-2-54-r6.dat,1,2,54,6
20190627/user1/user1-1-39-r5.dat,1,1,39,5
20190627/user1/user1-3-33-r2.dat,1,3,33,2
20190627/user1/user1-2-23-r3.dat,1,2,23,3
20190627/user1/user1-1-47-r2.dat,1,1,47,2
20190627/user1/user1-3-1-r5.dat,1,3,1,5
20190627/user1/user1-4-76-r2.dat,1,4,76,2
20190627/user1/user1-3-55-r4.dat,1,3,55,4
20190627/user1/user1-2-43-r1.dat,1,2,43,1
20190627/user1/user1-4-7-r4.dat,1,4,7,4
20190627/user1/user1-3-2-r2.dat,1,3,2,2
20190627/user1/user1-3-32-r5.dat,1,3,32,5
20190627/user1/user1-2-99-r4.dat,1,2,99,4
20190627/user1/user1-1-81-r6.dat,1,1,81,6
20190627/user1/user1-4-59-r5.dat,1,4,59,5
20190627/user1/user1-2-10-r5.dat,1,2,10,5
20190627/user1/user1-2-21-r3.dat,1,2,21,3
20190627/user1/user1-1-9-r5.dat,1,1,9,5
20190627/user1/user1-1-12-r4.dat,1,1,12,4
20190627/user1/user1-1-45-r5.dat,1,1,45,5
20190627/user1/user1-1-21-r3.dat,1,1,21,3
20190627/user1/user1-3-93-r3.dat,1,3,93,3
20190627/user1/user1-1-27-r6.dat,1,1,27,6
20190627/user1/user1-3-4-r4.dat,1,3,4,4
20190627/user1/user1-2-40-r1.dat,1,2,40,1
20190627/user1/user1-4-58-r4.dat,1,4,58,4
20190627/user1/user1-3-34-r5.dat,1,3,34,5
20190627/user1/user1-4-29-r3.dat,1,4,29,3
20190627/user1/user1-4-19-r4.dat,1,4,19,4
20190627/user1/user1-2-22-r3.dat,1,2,22,3
20190627/user1/user1-4-31-r6.dat,1,4,31,6
20190627/user1/user1-2-94-r3.dat,1,2,94,3
20190627/user1/user1-3-47-r5.dat,1,3,47,5
20190627/user1/user1-1-100-r4.dat,1,1,100,4
20190627/user1/user1-2-19-r4.dat,1,2,19,4
20190627/user1/user1-2-93-r3.dat,1,2,93,3
20190627/user1/user1-1-17-r1.dat,1,1,17,1
20190627/user1/user1-1-6-r3.dat,1,1,6,3
20190627/user1/user1-2-83-r3.dat,1,2,83,3
20190627/user1/user1-1-13-r5.dat,1,1,13,5
20190627/user1/user1-3-11-r5.dat,1,3,11,5
20190627/user1/user1-2-41-r6.dat,1,2,41,6
20190627/user1/user1-4-75-r2.dat,1,4,75,2
20190627/user1/user1-4-32-r1.dat,1,4,32,1
20190627/user1/user1-1-12-r6.dat,1,1,12,6
20190627/user1/user1-1-31-r4.dat,1,1,31,4
20190627/user1/user1-2-85-r1.dat,1,2,85,1
20190627/user1/user1-4-35-r6.dat,1,4,35,6
20190627/user1/user1-2-26-r6.dat,1,2,26,6
20190627/user1/user1-3-10-r6.dat,1,3,10,6
20190627/user1/user1-1-9-r4.dat,1,1,9,4
20190627/user1/user1-4-55-r6.dat,1,4,55,6
20190627/user1/user1-4-77-r1.dat,1,4,77,1
20190627/user1/user1-3-28-r3.dat,1,3,28,3
20190627/user1/user1-4-35-r5.dat,1,4,35,5
20190627/user1/user1-2-50-r2.dat,1,2,50,2
20190627/user1/user1-3-6-r3.dat,1,3,6,3
20190627/user1/user1-2-46-r3.dat,1,2,46,3
20190627/user1/user1-3-90-r2.dat,1,3,90,2
20190627/user1/user1-4-26-r4.dat,1,4,26,4
20190627/user1/user1-4-43-r5.dat,1,4,43,5
20190627/user1/user1-2-82-r5.dat,1,2,82,5
20190627/user1/user1-1-95-r4.dat,1,1,95,4
20190627/user1/user1-3-5-r3.dat,1,3,5,3
20190627/user1/user1-1-9-r2.dat,1,1,9,2
20190627/user1/user1-2-87-r3.dat,1,2,87,3
20190627/user1/user1-4-75-r5.dat,1,4,75,5
20190627/user1/user1-1-52-r2.dat,1,1,52,2
20190627/user1/user1-3-33-r3.dat,1,3,33,3
20190627/user1/user1-4-53-r6.dat,1,4,53,6
20190627/user1/user1-1-11-r3.dat,1,1,11,3
20190627/user1/user1-2-82-r2.dat,1,2,82,2
20190627/user1/user1-1-15-r2.dat,1,1,15,2
20190627/user1/user1-2-93-r4.dat,1,2,93,4
20190627/user1/user1-2-24-r5.dat,1,2,24,5
20190627/user1/user1-3-64-r4.dat,1,3,64,4
20190627/user1/user1-3-16-r5.dat,1,3,16,5
20190627/user1/user1-2-89-r5.dat,1,2,89,5
20190627/user1/user1-1-18-r6.dat,1,1,18,6
20190627/user1/user1-1-86-r2.dat,1,1,86,2
20190627/user1/user1-3-80-r2.dat,1,3,80,2
20190627/user1/user1-1-32-r6.dat,1,1,32,6
20190627/user1/user1-3-91-r3.dat,1,3,91,3
20190627/user1/user1-3-64-r1.dat,1,3,64,1
20190627/user1/user1-1-37-r3.dat,1,1,37,3
20190627/user1/user1-2-72-r3.dat,1,2,72,3
20190627/user1/user1-1-86-r1.dat,1,1,86,1
20190627/user1/user1-3-32-r3.dat,1,3,32,3
20190627/user1/user1-4-16-r6.dat,1,4,16,6
20190627/user1/user1-2-54-r4.dat,1,2,54,4
20190627/user1/user1-4-72-r4.dat,1,4,72,4
20190627/user1/user1-2-5-r6.dat,1,2,5,6
20190627/user1/user1-1-61-r5.dat,1,1,61,5
20190627/user1/user1-2-23-r4.dat,1,2,23,4
20190627/user1/user1-2-67-r2.dat,1,2,67,2
20190627/user1/user1-3-96-r4.dat,1,3,96,4
20190627/user1/user1-2-58-r3.dat,1,2,58,3
20190627/user1/user1-2-96-r1.dat,1,2,96,1
20190627/user1/user1-2-56-r2.dat,1,2,56,2
20190627/user1/user1-2-1-r2.dat,1,2,1,2
20190627/user1/user1-2-45-r3.dat,1,2,45,3
20190627/user1/user1-3-63-r5.dat,1,3,63,5
20190627/user1/user1-3-95-r2.dat,1,3,95,2
20190627/user1/user1-1-54-r2.dat,1,1,54,2
20190627/user1/user1-1-36-r5.dat,1,1,36,5
20190627/user1/user1-4-85-r3.dat,1,4,85,3
20190627/user1/user1-1-66-r1.dat,1,1,66,1
20190627/user1/user1-3-70-r4.dat,1,3,70,4
20190627/user1/user1-3-80-r5.dat,1,3,80,5
20190627/user1/user1-4-68-r6.dat,1,4,68,6
20190627/user1/user1-1-86-r4.dat,1,1,86,4
20190627/user1/user1-3-5-r1.dat,1,3,5,1
20190627/user1/user1-3-26-r3.dat,1,3,26,3
20190627/user1/user1-1-8-r5.dat,1,1,8,5
20190627/user1/user1-3-51-r3.dat,1,3,51,3
20190627/user1/user1-3-93-r5.dat,1,3,93,5
20190627/user1/user1-2-100-r1.dat,1,2,100,1
20190627/user1/user1-4-18-r5.dat,1,4,18,5
20190627/user1/user1-2-81-r1.dat,1,2,81,1
20190627/user1/user1-2-53-r2.dat,1,2,53,2
20190627/user1/user1-2-18-r1.dat,1,2,18,1
20190627/user1/user1-4-66-r5.dat,1,4,66,5
20190627/user1/user1-1-74-r6.dat,1,1,74,6
20190627/user1/user1-3-43-r2.dat,1,3,43,2
20190627/user1/user1-1-68-r2.dat,1,1,68,2
20190627/user1/user1-4-36-r6.dat,1,4,36,6
20190627/user1/user1-2-92-r5.dat,1,2,92,5
20190627/user1/user1-1-10-r5.dat,1,1,10,5
20190627/user1/user1-2-79-r2.dat,1,2,79,2
20190627/user1/user1-4-20-r1.dat,1,4,20,1
20190627/user1/user1-1-4-r6.dat,1,1,4,6
20190627/user1/user1-2-29-r4.dat,1,2,29,4
20190627/user1/user1-1-19-r2.dat,1,1,19,2
20190627/user1/user1-1-71-r6.dat,1,1,71,6
20190627/user1/user1-3-7-r5.dat,1,3,7,5
20190627/user1/user1-2-89-r2.dat,1,2,89,2
20190627/user1/user1-3-15-r1.dat,1,3,15,1
20190627/user1/user1-1-49-r4.dat,1,1,49,4
20190627/user1/user1-2-34-r6.dat,1,2,34,6
20190627/user1/user1-4-75-r4.dat,1,4,75,4
20190627/user1/user1-4-3-r6.dat,1,4,3,6
20190627/user1/user1-3-20-r4.dat,1,3,20,4
20190627/user1/user1-4-60-r4.dat,1,4,60,4
20190627/user1/user1-4-92-r3.dat,1,4,92,3
20190627/user1/user1-2-86-r6.dat,1,2,86,6
20190627/user1/user1-1-89-r4.dat,1,1,89,4
20190627/user1/user1-4-22-r1.dat,1,4,22,1
20190627/user1/user1-1-52-r3.dat,1,1,52,3
20190627/user1/user1-1-8-r1.dat,1,1,8,1
20190627/user1/user1-3-10-r3.dat,1,3,10,3
20190627/user1/user1-1-62-r6.dat,1,1,62,6
20190627/user1/user1-1-72-r1.dat,1,1,72,1
20190627/user1/user1-1-44-r3.dat,1,1,44,3
20190627/user1/user1-3-73-r5.dat,1,3,73,5
20190627/user1/user1-1-26-r3.dat,1,1,26,3
20190627/user1/user1-4-64-r6.dat,1,4,64,6
20190627/user1/user1-4-37-r1.dat,1,4,37,1
20190627/user1/user1-1-36-r3.dat,1,1,36,3
20190627/user1/user1-3-39-r1.dat,1,3,39,1
20190627/user1/user1-3-39-r4.dat,1,3,39,4
20190627/user1/user1-4-37-r6.dat,1,4,37,6
20190627/user1/user1-1-100-r1.dat,1,1,100,1
20190627/user1/user1-1-18-r4.dat,1,1,18,4
20190627/user1/user1-4-72-r3.dat,1,4,72,3
20190627/user1/user1-1-16-r6.dat,1,1,16,6
20190627/user1/user1-2-35-r6.dat,1,2,35,6
20190627/user1/user1-1-7-r3.dat,1,1,7,3
20190627/user1/user1-2-73-r6.dat,1,2,73,6
20190627/user1/user1-3-35-r1.dat,1,3,35,1
20190627/user1/user1-2-50-r1.dat,1,2,50,1
20190627/user1/user1-2-29-r3.dat,1,2,29,3
20190627/user1/user1-4-41-r6.dat,1,4,41,6
20190627/user1/user1-3-25-r1.dat,1,3,25,1
20190627/user1/user1-3-51-r5.dat,1,3,51,5
20190627/user1/user1-1-41-r4.dat,1,1,41,4
20190627/user1/user1-2-64-r1.dat,1,2,64,1
20190627/user1/user1-4-28-r2.dat,1,4,28,2
20190627/user1/user1-3-7-r6.dat,1,3,7,6
20190627/user1/user1-3-20-r3.dat,1,3,20,3
20190627/user1/user1-1-90-r3.dat,1,1,90,3
20190627/user1/user1-2-38-r4.dat,1,2,38,4
20190627/user1/user1-3-81-r6.dat,1,3,81,6
20190627/user1/user1-2-63-r1.dat,1,2,63,1
20190627/user1/user1-1-89-r2.dat,1,1,89,2
20190627/user1/user1-4-88-r4.dat,1,4,88,4
20190627/user1/user1-4-52-r4.dat,1,4,52,4
20190627/user1/user1-1-98-r2.dat,1,1,98,2
20190627/user1/user1-1-98-r1.dat,1,1,98,1
20190627/user1/user1-2-87-r4.dat,1,2,87,4
20190627/user1/user1-2-71-r4.dat,1,2,71,4
20190627/user1/user1-1-49-r5.dat,1,1,49,5
20190627/user1/user1-4-25-r5.dat,1,4,25,5
20190627/user1/user1-4-2-r1.dat,1,4,2,1
20190627/user1/user1-3-82-r3.dat,1,3,82,3
20190627/user1/user1-2-55-r6.dat,1,2,55,6
20190627/user1/user1-4-88-r2.dat,1,4,88,2
20190627/user1/user1-1-51-r6.dat,1,1,51,6
20190627/user1/user1-1-75-r4.dat,1,1,75,4
20190627/user1/user1-3-31-r3.dat,1,3,31,3
20190627/user1/user1-2-26-r5.dat,1,2,26,5
20190627/user1/user1-4-65-r5.dat,1,4,65,5
20190627/user1/user1-2-79-r3.dat,1,2,79,3
20190627/user1/user1-2-16-r1.dat,1,2,16,1
20190627/user1/user1-1-67-r1.dat,1,1,67,1
20190627/user1/user1-4-43-r3.dat,1,4,43,3
20190627/user1/user1-4-35-r3.dat,1,4,35,3
20190627/user1/user1-3-46-r6.dat,1,3,46,6
20190627/user1/user1-4-53-r3.dat,1,4,53,3
20190627/user1/user1-4-65-r4.dat,1,4,65,4
20190627/user1/user1-1-30-r2.dat,1,1,30,2
20190627/user1/user1-3-98-r3.dat,1,3,98,3
20190627/user1/user1-1-96-r5.dat,1,1,96,5
20190627/user1/user1-4-45-r5.dat,1,4,45,5
20190627/user1/user1-4-91-r2.dat,1,4,91,2
20190627/user1/user1-3-65-r5.dat,1,3,65,5
20190627/user1/user1-3-41-r4.dat,1,3,41,4
20190627/user1/user1-3-75-r4.dat,1,3,75,4
20190627/user1/user1-3-53-r3.dat,1,3,53,3
20190627/user1/user1-1-96-r1.dat,1,1,96,1
20190627/user1/user1-2-88-r1.dat,1,2,88,1
20190627/user1/user1-2-37-r1.dat,1,2,37,1
20190627/user1/user1-4-48-r4.dat,1,4,48,4
20190627/user1/user1-2-47-r5.dat,1,2,47,5
20190627/user1/user1-4-13-r3.dat,1,4,13,3
20190627/user1/user1-3-98-r6.dat,1,3,98,6
20190627/user1/user1-3-40-r2.dat,1,3,40,2
20190627/user1/user1-1-50-r6.dat,1,1,50,6
20190627/user1/user1-3-17-r5.dat,1,3,17,5
20190627/user1/user1-1-85-r2.dat,1,1,85,2
20190627/user1/user1-1-46-r1.dat,1,1,46,1
20190627/user1/user1-1-97-r2.dat,1,1,97,2
20190627/user1/user1-2-17-r4.dat,1,2,17,4
20190627/user1/user1-4-42-r6.dat,1,4,42,6
20190627/user1/user1-3-7-r4.dat,1,3,7,4
20190627/user1/user1-4-43-r4.dat,1,4,43,4
20190627/user1/user1-2-49-r4.dat,1,2,49,4
20190627/user1/user1-4-42-r4.dat,1,4,42,4
20190627/user1/user1-1-51-r5.dat,1,1,51,5
20190627/user1/user1-1-22-r1.dat,1,1,22,1
20190627/user1/user1-2-87-r5.dat,1,2,87,5
20190627/user1/user1-4-94-r3.dat,1,4,94,3
20190627/user1/user1-1-44-r1.dat,1,1,44,1
20190627/user1/user1-4-48-r2.dat,1,4,48,2
20190627/user1/user1-2-42-r6.dat,1,2,42,6
20190627/user1/user1-1-71-r4.dat,1,1,71,4
20190627/user1/user1-2-54-r1.dat,1,2,54,1
20190627/user1/user1-2-90-r6.dat,1,2,90,6
20190627/user1/user1-2-3-r6.dat,1,2,3,6
20190627/user1/user1-3-45-r5.dat,1,3,45,5
20190627/user1/user1-2-61-r3.dat,1,2,61,3
20190627/user1/user1-2-32-r5.dat,1,2,32,5
20190627/user1/user1-3-54-r4.dat,1,3,54,4
20190627/user1/user1-4-60-r5.dat,1,4,60,5
20190627/user1/user1-2-16-r2.dat,1,2,16,2
20190627/user1/user1-4-24-r5.dat,1,4,24,5
20190627/user1/user1-2-10-r1.dat,1,2,10,1
20190627/user1/user1-1-79-r5.dat,1,1,79,5
20190627/user1/user1-3-39-r6.dat,1,3,39,6
20190627/user1/user1-2-10-r4.dat,1,2,10,4
20190627/user1/user1-3-19-r6.dat,1,3,19,6
20190627/user1/user1-2-99-r2.dat,1,2,99,2
20190627/user1/user1-4-46-r4.dat,1,4,46,4
20190627/user1/user1-2-91-r1.dat,1,2,91,1
20190627/user1/user1-3-11-r3.dat,1,3,11,3
20190627/user1/user1-3-14-r2.dat,1,3,14,2
20190627/user1/user1-1-44-r5.dat,1,1,44,5
20190627/user1/user1-2-11-r6.dat,1,2,11,6
20190627/user1/user1-4-51-r6.dat,1,4,51,6
20190627/user1/user1-4-48-r1.dat,1,4,48,1
20190627/user1/user1-2-89-r6.dat,1,2,89,6
20190627/user1/user1-3-69-r6.dat,1,3,69,6
20190627/user1/user1-2-97-r1.dat,1,2,97,1
20190627/user1/user1-3-43-r6.dat,1,3,43,6
20190627/user1/user1-3-18-r1.dat,1,3,18,1
20190627/user1/user1-4-89-r6.dat,1,4,89,6
20190627/user1/user1-3-32-r6.dat,1,3,32,6
20190627/user1/user1-3-74-r6.dat,1,3,74,6
20190627/user1/user1-1-72-r2.dat,1,1,72,2
20190627/user1/user1-4-15-r6.dat,1,4,15,6
20190627/user1/user1-1-26-r1.dat,1,1,26,1
20190627/user1/user1-4-45-r6.dat,1,4,45,6
20190627/user1/user1-3-99-r1.dat,1,3,99,1
20190627/user1/user1-3-89-r4.dat,1,3,89,4
20190627/user1/user1-4-3-r4.dat,1,4,3,4
20190627/user1/user1-2-31-r4.dat,1,2,31,4
20190627/user1/user1-3-64-r6.dat,1,3,64,6
20190627/user1/user1-4-82-r1.dat,1,4,82,1
20190627/user1/user1-3-76-r5.dat,1,3,76,5
20190627/user1/user1-2-46-r4.dat,1,2,46,4
20190627/user1/user1-3-44-r5.dat,1,3,44,5
20190627/user1/user1-3-99-r2.dat,1,3,99,2
20190627/user1/user1-2-69-r3.dat,1,2,69,3
20190627/user1/user1-3-96-r3.dat,1,3,96,3
20190627/user1/user1-4-10-r2.dat,1,4,10,2
20190627/user1/user1-3-48-r3.dat,1,3,48,3
20190627/user1/user1-1-83-r6.dat,1,1,83,6
20190627/user1/user1-4-55-r3.dat,1,4,55,3
20190627/user1/user1-1-29-r6.dat,1,1,29,6
20190627/user1/user1-3-92-r5.dat,1,3,92,5
20190627/user1/user1-1-27-r4.dat,1,1,27,4
20190627/user1/user1-3-53-r4.dat,1,3,53,4
20190627/user1/user1-4-58-r3.dat,1,4,58,3
20190627/user1/user1-3-91-r5.dat,1,3,91,5
20190627/user1/user1-1-78-r5.dat,1,1,78,5
20190627/user1/user1-2-38-r5.dat,1,2,38,5
20190627/user1/user1-4-6-r3.dat,1,4,6,3
20190627/user1/user1-1-90-r5.dat,1,1,90,5
20190627/user1/user1-4-85-r2.dat,1,4,85,2
20190627/user1/user1-4-68-r5.dat,1,4,68,5
20190627/user1/user1-1-55-r2.dat,1,1,55,2
20190627/user1/user1-2-40-r6.dat,1,2,40,6
20190627/user1/user1-2-57-r5.dat,1,2,57,5
20190627/user1/user1-1-24-r2.dat,1,1,24,2
20190627/user1/user1-2-25-r4.dat,1,2,25,4
20190627/user1/user1-3-8-r5.dat,1,3,8,5
20190627/user1/user1-2-94-r6.dat,1,2,94,6
20190627/user1/user1-2-1-r4.dat,1,2,1,4
20190627/user1/user1-4-28-r5.dat,1,4,28,5
20190627/user1/user1-2-31-r6.dat,1,2,31,6
20190627/user1/user1-1-30-r1.dat,1,1,30,1
20190627/user1/user1-3-55-r6.dat,1,3,55,6
20190627/user1/user1-1-64-r1.dat,1,1,64,1
20190627/user1/user1-1-2-r1.dat,1,1,2,1
20190627/user1/user1-3-43-r3.dat,1,3,43,3
20190627/user1/user1-3-58-r1.dat,1,3,58,1
20190627/user1/user1-1-1-r2.dat,1,1,1,2
20190627/user1/user1-4-42-r1.dat,1,4,42,1
20190627/user1/user1-4-76-r3.dat,1,4,76,3
20190627/user1/user1-2-86-r2.dat,1,2,86,2
20190627/user1/user1-3-91-r4.dat,1,3,91,4
20190627/user1/user1-2-79-r4.dat,1,2,79,4
20190627/user1/user1-1-67-r3.dat,1,1,67,3
20190627/user1/user1-2-3-r5.dat,1,2,3,5
20190627/user1/user1-4-37-r3.dat,1,4,37,3
20190627/user1/user1-2-2-r4.dat,1,2,2,4
20190627/user1/user1-4-27-r2.dat,1,4,27,2
20190627/user1/user1-4-28-r4.dat,1,4,28,4
20190627/user1/user1-2-47-r4.dat,1,2,47,4
20190627/user1/user1-3-81-r1.dat,1,3,81,1
20190627/user1/user1-2-85-r6.dat,1,2,85,6
20190627/user1/user1-2-69-r2.dat,1,2,69,2
20190627/user1/user1-4-72-r6.dat,1,4,72,6
20190627/user1/user1-2-67-r5.dat,1,2,67,5
20190627/user1/user1-1-7-r6.dat,1,1,7,6
20190627/user1/user1-1-17-r5.dat,1,1,17,5
20190627/user1/user1-2-60-r4.dat,1,2,60,4
20190627/user1/user1-2-40-r4.dat,1,2,40,4
20190627/user1/user1-3-54-r3.dat,1,3,54,3
20190627/user1/user1-4-50-r6.dat,1,4,50,6
20190627/user1/user1-3-77-r4.dat,1,3,77,4
20190627/user1/user1-1-30-r4.dat,1,1,30,4
20190627/user1/user1-3-99-r6.dat,1,3,99,6
20190627/user1/user1-2-48-r1.dat,1,2,48,1
20190627/user1/user1-3-41-r2.dat,1,3,41,2
20190627/user1/user1-2-37-r6.dat,1,2,37,6
20190627/user1/user1-2-73-r3.dat,1,2,73,3
20190627/user1/user1-1-53-r5.dat,1,1,53,5
20190627/user1/user1-2-63-r2.dat,1,2,63,2
20190627/user1/user1-4-49-r6.dat,1,4,49,6
20190627/user1/user1-2-57-r4.dat,1,2,57,4
20190627/user1/user1-2-92-r2.dat,1,2,92,2
20190627/user1/user1-2-78-r6.dat,1,2,78,6
20190627/user1/user1-1-76-r4.dat,1,1,76,4
20190627/user1/user1-4-57-r5.dat,1,4,57,5
20190627/user1/user1-4-72-r1.dat,1,4,72,1
20190627/user1/user1-1-74-r3.dat,1,1,74,3
20190627/user1/user1-4-23-r4.dat,1,4,23,4
20190627/user1/user1-2-12-r2.dat,1,2,12,2
20190627/user1/user1-1-2-r4.dat,1,1,2,4
20190627/user1/user1-1-100-r5.dat,1,1,100,5
20190627/user1/user1-1-48-r1.dat,1,1,48,1
20190627/user1/user1-1-16-r5.dat,1,1,16,5
20190627/user1/user1-3-29-r5.dat,1,3,29,5
20190627/user1/user1-4-46-r3.dat,1,4,46,3
20190627/user1/user1-3-45-r6.dat,1,3,45,6
20190627/user1/user1-2-62-r6.dat,1,2,62,6
20190627/user1/user1-4-89-r2.dat,1,4,89,2
20190627/user1/user1-1-16-r2.dat,1,1,16,2
20190627/user1/user1-4-19-r2.dat,1,4,19,2
20190627/user1/user1-4-81-r5.dat,1,4,81,5
20190627/user1/user1-2-96-r6.dat,1,2,96,6
20190627/user1/user1-2-78-r3.dat,1,2,78,3
20190627/user1/user1-1-15-r1.dat,1,1,15,1
20190627/user1/user1-2-38-r1.dat,1,2,38,1
20190627/user1/user1-4-9-r2.dat,1,4,9,2
20190627/user1/user1-2-76-r6.dat,1,2,76,6
20190627/user1/user1-1-77-r3.dat,1,1,77,3
20190627/user1/user1-4-57-r1.dat,1,4,57,1
20190627/user1/user1-2-38-r3.dat,1,2,38,3
20190627/user1/user1-3-3-r5.dat,1,3,3,5
20190627/user1/user1-4-96-r6.dat,1,4,96,6
20190627/user1/user1-3-99-r5.dat,1,3,99,5
20190627/user1/user1-4-10-r5.dat,1,4,10,5
20190627/user1/user1-3-90-r4.dat,1,3,90,4
20190627/user1/user1-4-79-r1.dat,1,4,79,1
20190627/user1/user1-3-47-r6.dat,1,3,47,6
20190627/user1/user1-2-39-r1.dat,1,2,39,1
20190627/user1/user1-4-6-r1.dat,1,4,6,1
20190627/user1/user1-3-21-r4.dat,1,3,21,4
20190627/user1/user1-4-73-r6.dat,1,4,73,6
20190627/user1/user1-2-19-r2.dat,1,2,19,2
20190627/user1/user1-2-96-r2.dat,1,2,96,2
20190627/user1/user1-1-54-r1.dat,1,1,54,1
20190627/user1/user1-2-43-r4.dat,1,2,43,4
20190627/user1/user1-4-63-r2.dat,1,4,63,2
20190627/user1/user1-3-31-r5.dat,1,3,31,5
20190627/user1/user1-1-41-r3.dat,1,1,41,3
20190627/user1/user1-3-35-r3.dat,1,3,35,3
20190627/user1/user1-1-28-r6.dat,1,1,28,6
20190627/user1/user1-3-92-r4.dat,1,3,92,4
20190627/user1/user1-4-52-r5.dat,1,4,52,5
20190627/user1/user1-3-30-r6.dat,1,3,30,6
20190627/user1/user1-3-65-r6.dat,1,3,65,6
20190627/user1/user1-3-49-r3.dat,1,3,49,3
20190627/user1/user1-3-42-r6.dat,1,3,42,6
20190627/user1/user1-3-97-r2.dat,1,3,97,2
20190627/user1/user1-4-65-r1.dat,1,4,65,1
20190627/user1/user1-3-83-r2.dat,1,3,83,2
20190627/user1/user1-4-60-r1.dat,1,4,60,1
20190627/user1/user1-2-27-r4.dat,1,2,27,4
20190627/user1/user1-2-81-r5.dat,1,2,81,5
20190627/user1/user1-1-81-r2.dat,1,1,81,2
20190627/user1/user1-2-63-r5.dat,1,2,63,5
20190627/user1/user1-2-34-r5.dat,1,2,34,5
20190627/user1/user1-2-67-r6.dat,1,2,67,6
20190627/user1/user1-1-83-r5.dat,1,1,83,5
20190627/user1/user1-3-36-r4.dat,1,3,36,4
20190627/user1/user1-2-89-r1.dat,1,2,89,1
20190627/user1/user1-4-55-r5.dat,1,4,55,5
20190627/user1/user1-1-18-r2.dat,1,1,18,2
20190627/user1/user1-1-57-r3.dat,1,1,57,3
20190627/user1/user1-2-13-r3.dat,1,2,13,3
20190627/user1/user1-1-73-r2.dat,1,1,73,2
20190627/user1/user1-4-76-r4.dat,1,4,76,4
20190627/user1/user1-4-57-r2.dat,1,4,57,2
20190627/user1/user1-1-95-r5.dat,1,1,95,5
20190627/user1/user1-2-51-r5.dat,1,2,51,5
20190627/user1/user1-4-93-r4.dat,1,4,93,4
20190627/user1/user1-3-80-r6.dat,1,3,80,6
20190627/user1/user1-2-20-r2.dat,1,2,20,2
20190627/user1/user1-1-58-r2.dat,1,1,58,2
20190627/user1/user1-3-15-r6.dat,1,3,15,6
20190627/user1/user1-1-97-r3.dat,1,1,97,3
20190627/user1/user1-1-3-r3.dat,1,1,3,3
20190627/user1/user1-4-94-r2.dat,1,4,94,2
20190627/user1/user1-4-9-r5.dat,1,4,9,5
20190627/user1/user1-1-81-r3.dat,1,1,81,3
20190627/user1/user1-4-94-r5.dat,1,4,94,5
20190627/user1/user1-3-68-r4.dat,1,3,68,4
20190627/user1/user1-4-50-r2.dat,1,4,50,2
20190627/user1/user1-2-8-r2.dat,1,2,8,2
20190627/user1/user1-2-3-r4.dat,1,2,3,4
20190627/user1/user1-1-66-r2.dat,1,1,66,2
20190627/user1/user1-4-38-r6.dat,1,4,38,6
20190627/user1/user1-3-19-r4.dat,1,3,19,4
20190627/user1/user1-3-28-r5.dat,1,3,28,5
20190627/user1/user1-4-24-r1.dat,1,4,24,1
20190627/user1/user1-4-57-r3.dat,1,4,57,3
20190627/user1/user1-3-23-r5.dat,1,3,23,5
20190627/user1/user1-4-84-r1.dat,1,4,84,1
20190627/user1/user1-4-74-r5.dat,1,4,74,5
20190627/user1/user1-1-88-r6.dat,1,1,88,6
20190627/user1/user1-4-66-r4.dat,1,4,66,4
20190627/user1/user1-1-72-r4.dat,1,1,72,4
20190627/user1/user1-3-40-r6.dat,1,3,40,6
20190627/user1/user1-1-23-r5.dat,1,1,23,5
20190627/user1/user1-4-97-r1.dat,1,4,97,1
20190627/user1/user1-2-59-r6.dat,1,2,59,6
20190627/user1/user1-2-66-r6.dat,1,2,66,6
20190627/user1/user1-2-26-r4.dat,1,2,26,4
20190627/user1/user1-2-14-r6.dat,1,2,14,6
20190627/user1/user1-3-37-r2.dat,1,3,37,2
20190627/user1/user1-2-50-r6.dat,1,2,50,6
20190627/user1/user1-4-91-r5.dat,1,4,91,5
20190627/user1/user1-2-74-r4.dat,1,2,74,4
20190627/user1/user1-1-56-r5.dat,1,1,56,5
20190627/user1/user1-3-85-r5.dat,1,3,85,5
20190627/user1/user1-2-35-r1.dat,1,2,35,1
20190627/user1/user1-1-94-r6.dat,1,1,94,6
20190627/user1/user1-1-59-r5.dat,1,1,59,5
20190627/user1/user1-3-67-r2.dat,1,3,67,2
20190627/user1/user1-3-62-r3.dat,1,3,62,3
20190627/user1/user1-4-14-r2.dat,1,4,14,2
20190627/user1/user1-2-40-r3.dat,1,2,40,3
20190627/user1/user1-4-73-r1.dat,1,4,73,1
20190627/user1/user1-1-62-r5.dat,1,1,62,5
20190627/user1/user1-4-78-r4.dat,1,4,78,4
20190627/user1/user1-1-96-r6.dat,1,1,96,6
20190627/user1/user1-1-80-r1.dat,1,1,80,1
20190627/user1/user1-2-23-r6.dat,1,2,23,6
20190627/user1/user1-4-29-r6.dat,1,4,29,6
20190627/user1/user1-1-33-r3.dat,1,1,33,3
20190627/user1/user1-3-13-r6.dat,1,3,13,6
20190627/user1/user1-2-100-r6.dat,1,2,100,6
20190627/user1/user1-1-7-r4.dat,1,1,7,4
20190627/user1/user1-2-36-r2.dat,1,2,36,2
20190627/user1/user1-2-6-r3.dat,1,2,6,3
20190627/user1/user1-1-42-r2.dat,1,1,42,2
20190627/user1/user1-3-51-r4.dat,1,3,51,4
20190627/user1/user1-2-55-r5.dat,1,2,55,5
20190627/user1/user1-4-80-r2.dat,1,4,80,2
20190627/user1/user1-3-56-r5.dat,1,3,56,5
20190627/user1/user1-3-61-r5.dat,1,3,61,5
20190627/user1/user1-2-41-r5.dat,1,2,41,5
20190627/user1/user1-3-32-r1.dat,1,3,32,1
20190627/user1/user1-3-38-r6.dat,1,3,38,6
20190627/user1/user1-3-78-r6.dat,1,3,78,6
20190627/user1/user1-2-98-r1.dat,1,2,98,1
20190627/user1/user1-2-60-r5.dat,1,2,60,5
20190627/user1/user1-1-3-r6.dat,1,1,3,6
20190627/user1/user1-2-10-r2.dat,1,2,10,2
20190627/user1/user1-2-69-r1.dat,1,2,69,1
20190627/user1/user1-1-97-r5.dat,1,1,97,5
20190627/user1/user1-3-15-r4.dat,1,3,15,4
20190627/user1/user1-3-96-r2.dat,1,3,96,2
20190627/user1/user1-1-47-r4.dat,1,1,47,4
20190627/user1/user1-2-42-r2.dat,1,2,42,2
20190627/user1/user1-2-95-r2.dat,1,2,95,2
20190627/user1/user1-1-2-r6.dat,1,1,2,6
20190627/user1/user1-1-87-r6.dat,1,1,87,6
20190627/user1/user1-2-22-r5.dat,1,2,22,5
20190627/user1/user1-4-82-r2.dat,1,4,82,2
20190627/user1/user1-2-56-r6.dat,1,2,56,6
20190627/user1/user1-2-93-r2.dat,1,2,93,2
20190627/user1/user1-1-23-r1.dat,1,1,23,1
20190627/user1/user1-4-56-r3.dat,1,4,56,3
20190627/user1/user1-3-35-r2.dat,1,3,35,2
20190627/user1/user1-1-65-r3.dat,1,1,65,3
20190627/user1/user1-4-62-r3.dat,1,4,62,3
20190627/user1/user1-3-67-r5.dat,1,3,67,5
20190627/user1/user1-1-63-r1.dat,1,1,63,1
20190627/user1/user1-3-87-r4.dat,1,3,87,4
20190627/user1/user1-3-32-r2.dat,1,3,32,2
20190627/user1/user1-4-90-r5.dat,1,4,90,5
20190627/user1/user1-1-68-r6.dat,1,1,68,6
20190627/user1/user1-1-38-r1.dat,1,1,38,1
20190627/user1/user1-2-95-r3.dat,1,2,95,3
20190627/user1/user1-3-85-r6.dat,1,3,85,6
20190627/user1/user1-1-65-r6.dat,1,1,65,6
20190627/user1/user1-2-70-r1.dat,1,2,70,1
20190627/user1/user1-4-99-r5.dat,1,4,99,5
20190627/user1/user1-2-4-r2.dat,1,2,4,2
20190627/user1/user1-3-42-r4.dat,1,3,42,4
20190627/user1/user1-4-85-r1.dat,1,4,85,1
20190627/user1/user1-4-9-r1.dat,1,4,9,1
20190627/user1/user1-3-66-r4.dat,1,3,66,4
20190627/user1/user1-2-44-r5.dat,1,2,44,5
20190627/user1/user1-3-23-r2.dat,1,3,23,2
20190627/user1/user1-1-14-r1.dat,1,1,14,1
20190627/user1/user1-2-96-r5.dat,1,2,96,5
20190627/user1/user1-4-36-r4.dat,1,4,36,4
20190627/user1/user1-1-87-r2.dat,1,1,87,2
20190627/user1/user1-1-17-r2.dat,1,1,17,2
20190627/user1/user1-3-1-r3.dat,1,3,1,3
20190627/user1/user1-2-71-r5.dat,1,2,71,5
20190627/user1/user1-4-61-r4.dat,1,4,61,4
20190627/user1/user1-4-22-r2.dat,1,4,22,2
20190627/user1/user1-3-92-r2.dat,1,3,92,2
20190627/user1/user1-3-59-r3.dat,1,3,59,3
20190627/user1/user1-4-89-r5.dat,1,4,89,5
20190627/user1/user1-1-35-r6.dat,1,1,35,6
20190627/user1/user1-3-58-r4.dat,1,3,58,4
20190627/user1/user1-4-12-r3.dat,1,4,12,3
20190627/user1/user1-4-18-r2.dat,1,4,18,2
20190627/user1/user1-1-98-r6.dat,1,1,98,6
20190627/user1/user1-3-96-r1.dat,1,3,96,1
20190627/user1/user1-3-37-r6.dat,1,3,37,6
20190627/user1/user1-2-80-r3.dat,1,2,80,3
20190627/user1/user1-1-40-r2.dat,1,1,40,2
20190627/user1/user1-4-73-r5.dat,1,4,73,5
20190627/user1/user1-4-38-r4.dat,1,4,38,4
20190627/user1/user1-3-52-r5.dat,1,3,52,5
20190627/user1/user1-4-32-r2.dat,1,4,32,2
20190627/user1/user1-2-2-r6.dat,1,2,2,6
20190627/user1/user1-1-1-r3.dat,1,1,1,3
20190627/user1/user1-3-46-r5.dat,1,3,46,5
20190627/user1/user1-2-12-r5.dat,1,2,12,5
20190627/user1/user1-4-60-r6.dat,1,4,60,6
20190627/user1/user1-1-8-r4.dat,1,1,8,4
20190627/user1/user1-4-57-r4.dat,1,4,57,4
20190627/user1/user1-3-25-r6.dat,1,3,25,6
20190627/user1/user1-4-74-r4.dat,1,4,74,4
20190627/user1/user1-1-22-r3.dat,1,1,22,3
20190627/user1/user1-3-3-r1.dat,1,3,3,1
20190627/user1/user1-1-88-r3.dat,1,1,88,3
20190627/user1/user1-4-74-r1.dat,1,4,74,1
20190627/user1/user1-3-76-r4.dat,1,3,76,4
20190627/user1/user1-4-50-r4.dat,1,4,50,4
20190627/user1/user1-4-58-r6.dat,1,4,58,6
20190627/user1/user1-4-81-r4.dat,1,4,81,4
20190627/user1/user1-3-18-r2.dat,1,3,18,2
20190627/user1/user1-2-16-r6.dat,1,2,16,6
20190627/user1/user1-3-33-r4.dat,1,3,33,4
20190627/user1/user1-4-82-r5.dat,1,4,82,5
20190627/user1/user1-4-77-r6.dat,1,4,77,6
20190627/user1/user1-1-80-r3.dat,1,1,80,3
20190627/user1/user1-1-50-r1.dat,1,1,50,1
20190627/user1/user1-4-94-r4.dat,1,4,94,4
20190627/user1/user1-2-27-r6.dat,1,2,27,6
20190627/user1/user1-2-98-r2.dat,1,2,98,2
20190627/user1/user1-2-12-r4.dat,1,2,12,4
20190627/user1/user1-3-26-r4.dat,1,3,26,4
20190627/user1/user1-3-52-r2.dat,1,3,52,2
20190627/user1/user1-4-79-r3.dat,1,4,79,3
20190627/user1/user1-4-47-r5.dat,1,4,47,5
20190627/user1/user1-3-4-r6.dat,1,3,4,6
20190627/user1/user1-2-66-r4.dat,1,2,66,4
20190627/user1/user1-2-75-r1.dat,1,2,75,1
20190627/user1/user1-1-88-r1.dat,1,1,88,1
20190627/user1/user1-1-20-r1.dat,1,1,20,1
20190627/user1/user1-4-49-r3.dat,1,4,49,3
20190627/user1/user1-1-2-r2.dat,1,1,2,2
20190627/user1/user1-4-82-r6.dat,1,4,82,6
20190627/user1/user1-3-66-r6.dat,1,3,66,6
20190627/user1/user1-2-68-r2.dat,1,2,68,2
20190627/user1/user1-4-66-r3.dat,1,4,66,3
20190627/user1/user1-1-42-r3.dat,1,1,42,3
20190627/user1/user1-2-18-r3.dat,1,2,18,3
20190627/user1/user1-4-7-r2.dat,1,4,7,2
20190627/user1/user1-1-20-r3.dat,1,1,20,3
20190627/user1/user1-2-14-r2.dat,1,2,14,2
20190627/user1/user1-3-27-r3.dat,1,3,27,3
20190627/user1/user1-4-93-r1.dat,1,4,93,1
20190627/user1/user1-4-2-r3.dat,1,4,2,3
20190627/user1/user1-4-91-r6.dat,1,4,91,6
20190627/user1/user1-2-4-r4.dat,1,2,4,4
20190627/user1/user1-2-31-r3.dat,1,2,31,3
20190627/user1/user1-1-25-r6.dat,1,1,25,6
20190627/user1/user1-2-75-r6.dat,1,2,75,6
20190627/user1/user1-2-87-r2.dat,1,2,87,2
20190627/user1/user1-4-79-r6.dat,1,4,79,6
20190627/user1/user1-1-80-r2.dat,1,1,80,2
20190627/user1/user1-4-5-r2.dat,1,4,5,2
20190627/user1/user1-4-31-r1.dat,1,4,31,1
20190627/user1/user1-3-51-r6.dat,1,3,51,6
20190627/user1/user1-4-50-r3.dat,1,4,50,3
20190627/user1/user1-1-84-r1.dat,1,1,84,1
20190627/user1/user1-3-53-r2.dat,1,3,53,2
20190627/user1/user1-4-86-r6.dat,1,4,86,6
20190627/user1/user1-4-20-r2.dat,1,4,20,2
20190627/user1/user1-2-79-r1.dat,1,2,79,1
20190627/user1/user1-4-86-r5.dat,1,4,86,5
20190627/user1/user1-2-97-r2.dat,1,2,97,2
20190627/user1/user1-2-78-r4.dat,1,2,78,4
20190627/user1/user1-2-86-r3.dat,1,2,86,3
20190627/user1/user1-1-28-r1.dat,1,1,28,1
20190627/user1/user1-2-3-r2.dat,1,2,3,2
20190627/user1/user1-3-4-r3.dat,1,3,4,3
20190627/user1/user1-2-11-r2.dat,1,2,11,2
20190627/user1/user1-2-46-r2.dat,1,2,46,2
20190627/user1/user1-3-2-r1.dat,1,3,2,1
20190627/user1/user1-2-9-r5.dat,1,2,9,5
20190627/user1/user1-4-61-r5.dat,1,4,61,5
20190627/user1/user1-2-32-r1.dat,1,2,32,1
20190627/user1/user1-2-85-r2.dat,1,2,85,2
20190627/user1/user1-4-43-r2.dat,1,4,43,2
20190627/user1/user1-1-30-r3.dat,1,1,30,3
20190627/user1/user1-2-31-r2.dat,1,2,31,2
20190627/user1/user1-3-62-r4.dat,1,3,62,4
20190627/user1/user1-1-34-r4.dat,1,1,34,4
20190627/user1/user1-2-7-r1.dat,1,2,7,1
20190627/user1/user1-3-9-r2.dat,1,3,9,2
20190627/user1/user1-3-57-r1.dat,1,3,57,1
20190627/user1/user1-4-54-r2.dat,1,4,54,2
20190627/user1/user1-3-30-r1.dat,1,3,30,1
20190627/user1/user1-3-46-r2.dat,1,3,46,2
20190627/user1/user1-1-94-r3.dat,1,1,94,3
20190627/user1/user1-1-33-r4.dat,1,1,33,4
20190627/user1/user1-1-13-r6.dat,1,1,13,6
20190627/user1/user1-1-18-r5.dat,1,1,18,5
20190627/user1/user1-2-39-r5.dat,1,2,39,5
20190627/user1/user1-4-54-r3.dat,1,4,54,3
20190627/user1/user1-1-31-r2.dat,1,1,31,2
20190627/user1/user1-3-69-r4.dat,1,3,69,4
20190627/user1/user1-1-38-r4.dat,1,1,38,4
20190627/user1/user1-1-100-r2.dat,1,1,100,2
20190627/user1/user1-3-94-r4.dat,1,3,94,4
20190627/user1/user1-2-33-r6.dat,1,2,33,6
20190627/user1/user1-3-90-r1.dat,1,3,90,1
20190627/user1/user1-2-77-r2.dat,1,2,77,2
20190627/user1/user1-1-96-r2.dat,1,1,96,2
20190627/user1/user1-1-46-r4.dat,1,1,46,4
20190627/user1/user1-1-26-r5.dat,1,1,26,5
20190627/user1/user1-3-61-r3.dat,1,3,61,3
20190627/user1/user1-4-9-r6.dat,1,4,9,6
20190627/user1/user1-2-24-r4.dat,1,2,24,4
20190627/user1/user1-2-73-r4.dat,1,2,73,4
20190627/user1/user1-3-50-r1.dat,1,3,50,1
20190627/user1/user1-3-27-r1.dat,1,3,27,1
20190627/user1/user1-1-25-r2.dat,1,1,25,2
20190627/user1/user1-1-92-r4.dat,1,1,92,4
20190627/user1/user1-2-89-r3.dat,1,2,89,3
20190627/user1/user1-3-8-r3.dat,1,3,8,3
20190627/user1/user1-1-94-r2.dat,1,1,94,2
20190627/user1/user1-4-61-r1.dat,1,4,61,1
20190627/user1/user1-2-16-r4.dat,1,2,16,4
20190627/user1/user1-4-87-r4.dat,1,4,87,4
20190627/user1/user1-4-66-r6.dat,1,4,66,6
20190627/user1/user1-1-40-r5.dat,1,1,40,5
20190627/user1/user1-2-27-r5.dat,1,2,27,5
20190627/user1/user1-3-40-r4.dat,1,3,40,4
20190627/user1/user1-2-28-r5.dat,1,2,28,5
20190627/user1/user1-4-86-r1.dat,1,4,86,1
20190627/user1/user1-3-59-r5.dat,1,3,59,5
20190627/user1/user1-2-5-r1.dat,1,2,5,1
20190627/user1/user1-1-90-r1.dat,1,1,90,1
20190627/user1/user1-2-65-r6.dat,1,2,65,6
20190627/user1/user1-4-51-r1.dat,1,4,51,1
20190627/user1/user1-1-1-r5.dat,1,1,1,5
20190627/user1/user1-4-37-r4.dat,1,4,37,4
20190627/user1/user1-3-49-r2.dat,1,3,49,2
20190627/user1/user1-1-71-r3.dat,1,1,71,3
20190627/user1/user1-3-61-r1.dat,1,3,61,1
20190627/user1/user1-2-11-r3.dat,1,2,11,3
20190627/user1/user1-3-3-r2.dat,1,3,3,2
20190627/user1/user1-3-93-r6.dat,1,3,93,6
20190627/user1/user1-4-41-r4.dat,1,4,41,4
20190627/user1/user1-2-52-r1.dat,1,2,52,1
20190627/user1/user1-4-91-r3.dat,1,4,91,3
20190627/user1/user1-4-55-r4.dat,1,4,55,4
20190627/user1/user1-2-51-r2.dat,1,2,51,2
20190627/user1/user1-1-35-r1.dat,1,1,35,1
20190627/user1/user1-1-39-r2.dat,1,1,39,2
20190627/user1/user1-3-39-r5.dat,1,3,39,5
20190627/user1/user1-4-33-r5.dat,1,4,33,5
20190627/user1/user1-4-100-r1.dat,1,4,100,1
20190627/user1/user1-3-100-r1.dat,1,3,100,1
20190627/user1/user1-4-53-r1.dat,1,4,53,1
20190627/user1/user1-2-15-r1.dat,1,2,15,1
20190627/user1/user1-2-28-r6.dat,1,2,28,6
20190627/user1/user1-1-50-r5.dat,1,1,50,5
20190627/user1/user1-3-95-r4.dat,1,3,95,4
20190627/user1/user1-3-63-r3.dat,1,3,63,3
20190627/user1/user1-2-36-r1.dat,1,2,36,1
20190627/user1/user1-2-70-r5.dat,1,2,70,5
20190627/user1/user1-1-20-r2.dat,1,1,20,2
20190627/user1/user1-1-88-r2.dat,1,1,88,2
20190627/user1/user1-3-75-r5.dat,1,3,75,5
20190627/user1/user1-4-8-r1.dat,1,4,8,1
20190627/user1/user1-4-88-r1.dat,1,4,88,1
20190627/user1/user1-3-27-r2.dat,1,3,27,2
20190627/user1/user1-3-33-r6.dat,1,3,33,6
20190627/user1/user1-1-43-r4.dat,1,1,43,4
20190627/user1/user1-4-31-r3.dat,1,4,31,3
20190627/user1/user1-3-66-r2.dat,1,3,66,2
20190627/user1/user1-4-77-r4.dat,1,4,77,4
20190627/user1/user1-2-76-r1.dat,1,2,76,1
20190627/user1/user1-1-60-r3.dat,1,1,60,3
20190627/user1/user1-1-75-r6.dat,1,1,75,6
20190627/user1/user1-2-82-r6.dat,1,2,82,6
20190627/user1/user1-3-23-r4.dat,1,3,23,4
20190627/user1/user1-4-54-r6.dat,1,4,54,6
20190627/user1/user1-4-40-r1.dat,1,4,40,1
20190627/user1/user1-1-56-r1.dat,1,1,56,1
20190627/user1/user1-4-38-r3.dat,1,4,38,3
20190627/user1/user1-2-91-r5.dat,1,2,91,5
20190627/user1/user1-4-84-r5.dat,1,4,84,5
20190627/user1/user1-1-28-r4.dat,1,1,28,4
20190627/user1/user1-2-80-r6.dat,1,2,80,6
20190627/user1/user1-4-14-r4.dat,1,4,14,4
20190627/user1/user1-2-65-r2.dat,1,2,65,2
20190627/user1/user1-2-64-r3.dat,1,2,64,3
20190627/user1/user1-1-92-r5.dat,1,1,92,5
20190627/user1/user1-2-90-r2.dat,1,2,90,2
20190627/user1/user1-4-51-r5.dat,1,4,51,5
20190627/user1/user1-1-4-r4.dat,1,1,4,4
20190627/user1/user1-4-93-r3.dat,1,4,93,3
20190627/user1/user1-2-59-r5.dat,1,2,59,5
20190627/user1/user1-3-57-r2.dat,1,3,57,2
20190627/user1/user1-2-57-r3.dat,1,2,57,3
20190627/user1/user1-2-26-r2.dat,1,2,26,2
20190627/user1/user1-2-75-r3.dat,1,2,75,3
20190627/user1/user1-3-57-r5.dat,1,3,57,5
20190627/user1/user1-2-76-r5.dat,1,2,76,5
20190627/user1/user1-1-79-r2.dat,1,1,79,2
20190627/user1/user1-4-78-r2.dat,1,4,78,2
20190627/user1/user1-3-100-r3.dat,1,3,100,3
20190627/user1/user1-1-52-r4.dat,1,1,52,4
20190627/user1/user1-2-16-r3.dat,1,2,16,3
20190627/user1/user1-1-13-r4.dat,1,1,13,4
20190627/user1/user1-4-63-r5.dat,1,4,63,5
20190627/user1/user1-4-63-r6.dat,1,4,63,6
20190627/user1/user1-4-80-r5.dat,1,4,80,5
20190627/user1/user1-3-45-r2.dat,1,3,45,2
20190627/user1/user1-1-54-r5.dat,1,1,54,5
20190627/user1/user1-4-56-r2.dat,1,4,56,2
20190627/user1/user1-3-87-r2.dat,1,3,87,2
20190627/user1/user1-3-93-r2.dat,1,3,93,2
20190627/user1/user1-4-42-r3.dat,1,4,42,3
20190627/user1/user1-4-33-r6.dat,1,4,33,6
20190627/user1/user1-4-42-r2.dat,1,4,42,2
20190627/user1/user1-1-89-r1.dat,1,1,89,1
20190627/user1/user1-3-36-r6.dat,1,3,36,6
20190627/user1/user1-2-5-r2.dat,1,2,5,2
20190627/user1/user1-4-4-r4.dat,1,4,4,4
20190627/user1/user1-4-69-r6.dat,1,4,69,6
20190627/user1/user1-3-96-r6.dat,1,3,96,6
20190627/user1/user1-1-59-r4.dat,1,1,59,4
20190627/user1/user1-4-69-r1.dat,1,4,69,1
20190627/user1/user1-1-43-r5.dat,1,1,43,5
20190627/user1/user1-3-5-r5.dat,1,3,5,5
20190627/user1/user1-4-97-r4.dat,1,4,97,4
20190627/user1/user1-1-12-r1.dat,1,1,12,1
20190627/user1/user1-3-95-r6.dat,1,3,95,6
20190627/user1/user1-2-42-r1.dat,1,2,42,1
20190627/user1/user1-3-85-r4.dat,1,3,85,4
20190627/user1/user1-3-59-r4.dat,1,3,59,4
20190627/user1/user1-1-50-r3.dat,1,1,50,3
20190627/user1/user1-4-68-r4.dat,1,4,68,4
20190627/user1/user1-2-95-r1.dat,1,2,95,1
20190627/user1/user1-3-72-r2.dat,1,3,72,2
20190627/user1/user1-2-84-r1.dat,1,2,84,1
20190627/user1/user1-3-93-r1.dat,1,3,93,1
20190627/user1/user1-2-50-r5.dat,1,2,50,5
20190627/user1/user1-4-30-r1.dat,1,4,30,1
20190627/user1/user1-4-24-r2.dat,1,4,24,2
20190627/user1/user1-2-83-r5.dat,1,2,83,5
20190627/user1/user1-2-3-r3.dat,1,2,3,3
20190627/user1/user1-2-23-r1.dat,1,2,23,1
20190627/user1/user1-2-81-r2.dat,1,2,81,2
20190627/user1/user1-3-42-r3.dat,1,3,42,3
20190627/user1/user1-4-43-r6.dat,1,4,43,6
20190627/user1/user1-3-73-r2.dat,1,3,73,2
20190627/user1/user1-4-72-r2.dat,1,4,72,2
20190627/user1/user1-2-74-r1.dat,1,2,74,1
20190627/user1/user1-1-46-r5.dat,1,1,46,5
20190627/user1/user1-1-27-r1.dat,1,1,27,1
20190627/user1/user1-2-35-r3.dat,1,2,35,3
20190627/user1/user1-1-34-r6.dat,1,1,34,6
20190627/user1/user1-2-92-r1.dat,1,2,92,1
20190627/user1/user1-2-39-r4.dat,1,2,39,4
20190627/user1/user1-4-8-r5.dat,1,4,8,5
20190627/user1/user1-3-74-r4.dat,1,3,74,4
20190627/user1/user1-4-5-r3.dat,1,4,5,3
20190627/user1/user1-3-13-r4.dat,1,3,13,4
20190627/user1/user1-1-83-r4.dat,1,1,83,4
20190627/user1/user1-4-91-r4.dat,1,4,91,4
20190627/user1/user1-4-86-r3.dat,1,4,86,3
20190627/user1/user1-4-69-r2.dat,1,4,69,2
20190627/user1/user1-4-41-r5.dat,1,4,41,5
20190627/user1/user1-4-53-r5.dat,1,4,53,5
20190627/user1/user1-1-35-r3.dat,1,1,35,3
20190627/user1/user1-4-44-r3.dat,1,4,44,3
20190627/user1/user1-3-80-r3.dat,1,3,80,3
20190627/user1/user1-1-25-r4.dat,1,1,25,4
20190627/user1/user1-3-11-r2.dat,1,3,11,2
20190627/user1/user1-2-92-r6.dat,1,2,92,6
20190627/user1/user1-1-72-r5.dat,1,1,72,5
20190627/user1/user1-2-11-r4.dat,1,2,11,4
20190627/user1/user1-3-83-r4.dat,1,3,83,4
20190627/user1/user1-3-8-r2.dat,1,3,8,2
20190627/user1/user1-3-10-r4.dat,1,3,10,4
20190627/user1/user1-3-59-r2.dat,1,3,59,2
20190627/user1/user1-2-83-r6.dat,1,2,83,6
20190627/user1/user1-1-35-r5.dat,1,1,35,5
20190627/user1/user1-1-31-r6.dat,1,1,31,6
20190627/user1/user1-2-71-r2.dat,1,2,71,2
20190627/user1/user1-3-29-r3.dat,1,3,29,3
20190627/user1/user1-1-42-r6.dat,1,1,42,6
20190627/user1/user1-3-78-r5.dat,1,3,78,5
20190627/user1/user1-3-10-r1.dat,1,3,10,1
20190627/user1/user1-2-59-r4.dat,1,2,59,4
20190627/user1/user1-3-99-r3.dat,1,3,99,3
20190627/user1/user1-3-83-r1.dat,1,3,83,1
20190627/user1/user1-4-89-r3.dat,1,4,89,3
20190627/user1/user1-3-18-r6.dat,1,3,18,6
20190627/user1/user1-4-56-r5.dat,1,4,56,5
20190627/user1/user1-4-72-r5.dat,1,4,72,5
20190627/user1/user1-2-99-r1.dat,1,2,99,1
20190627/user1/user1-3-26-r5.dat,1,3,26,5
20190627/user1/user1-3-47-r3.dat,1,3,47,3
20190627/user1/user1-2-37-r4.dat,1,2,37,4
20190627/user1/user1-4-94-r1.dat,1,4,94,1
20190627/user1/user1-2-72-r1.dat,1,2,72,1
20190627/user1/user1-4-93-r2.dat,1,4,93,2
20190627/user1/user1-2-58-r6.dat,1,2,58,6
20190627/user1/user1-4-75-r1.dat,1,4,75,1
20190627/user1/user1-1-39-r4.dat,1,1,39,4
20190627/user1/user1-3-20-r1.dat,1,3,20,1
20190627/user1/user1-4-11-r4.dat,1,4,11,4
20190627/user1/user1-3-68-r3.dat,1,3,68,3
20190627/user1/user1-1-42-r4.dat,1,1,42,4
20190627/user1/user1-3-8-r4.dat,1,3,8,4
20190627/user1/user1-3-29-r6.dat,1,3,29,6
20190627/user1/user1-3-47-r4.dat,1,3,47,4
20190627/user1/user1-3-27-r5.dat,1,3,27,5
20190627/user1/user1-2-60-r2.dat,1,2,60,2
20190627/user1/user1-4-29-r2.dat,1,4,29,2
20190627/user1/user1-3-1-r1.dat,1,3,1,1
20190627/user1/user1-2-52-r5.dat,1,2,52,5
20190627/user1/user1-4-84-r3.dat,1,4,84,3
20190627/user1/user1-1-60-r2.dat,1,1,60,2
20190627/user1/user1-1-99-r2.dat,1,1,99,2
20190627/user1/user1-3-56-r1.dat,1,3,56,1
20190627/user1/user1-2-18-r5.dat,1,2,18,5
20190627/user1/user1-3-78-r4.dat,1,3,78,4
20190627/user1/user1-3-2-r6.dat,1,3,2,6
20190627/user1/user1-2-97-r4.dat,1,2,97,4
20190627/user1/user1-4-68-r3.dat,1,4,68,3
20190627/user1/user1-2-49-r2.dat,1,2,49,2
20190627/user1/user1-1-28-r3.dat,1,1,28,3
20190627/user1/user1-2-41-r1.dat,1,2,41,1
20190627/user1/user1-3-91-r1.dat,1,3,91,1
20190627/user1/user1-3-12-r4.dat,1,3,12,4
20190627/user1/user1-3-60-r6.dat,1,3,60,6
20190627/user1/user1-1-47-r5.dat,1,1,47,5
20190627/user1/user1-4-2-r6.dat,1,4,2,6
20190627/user1/user1-3-77-r5.dat,1,3,77,5
20190627/user1/user1-4-68-r1.dat,1,4,68,1
20190627/user1/user1-3-34-r2.dat,1,3,34,2
20190627/user1/user1-1-98-r3.dat,1,1,98,3
20190627/user1/user1-1-72-r3.dat,1,1,72,3
20190627/user1/user1-3-82-r5.dat,1,3,82,5
20190627/user1/user1-2-48-r2.dat,1,2,48,2
20190627/user1/user1-4-52-r6.dat,1,4,52,6
20190627/user1/user1-3-64-r5.dat,1,3,64,5
20190627/user1/user1-4-48-r3.dat,1,4,48,3
20190627/user1/user1-3-26-r2.dat,1,3,26,2
20190627/user1/user1-2-47-r3.dat,1,2,47,3
20190627/user1/user1-4-95-r2.dat,1,4,95,2
20190627/user1/user1-2-70-r3.dat,1,2,70,3
20190627/user1/user1-2-61-r4.dat,1,2,61,4
20190627/user1/user1-3-74-r1.dat,1,3,74,1
20190627/user1/user1-1-95-r2.dat,1,1,95,2
20190627/user1/user1-3-75-r6.dat,1,3,75,6
20190627/user1/user1-4-2-r4.dat,1,4,2,4
20190627/user1/user1-3-98-r5.dat,1,3,98,5
20190627/user1/user1-3-38-r5.dat,1,3,38,5
20190627/user1/user1-3-18-r4.dat,1,3,18,4
20190627/user1/user1-3-95-r3.dat,1,3,95,3
20190627/user1/user1-3-82-r4.dat,1,3,82,4
20190627/user1/user1-2-68-r5.dat,1,2,68,5
20190627/user1/user1-1-56-r3.dat,1,1,56,3
20190627/user1/user1-4-33-r4.dat,1,4,33,4
20190627/user1/user1-4-61-r6.dat,1,4,61,6
20190627/user1/user1-4-54-r4.dat,1,4,54,4
20190627/user1/user1-4-85-r6.dat,1,4,85,6
20190627/user1/user1-2-22-r2.dat,1,2,22,2
20190627/user1/user1-2-98-r4.dat,1,2,98,4
20190627/user1/user1-4-21-r2.dat,1,4,21,2
20190627/user1/user1-1-40-r1.dat,1,1,40,1
20190627/user1/user1-1-6-r2.dat,1,1,6,2
20190627/user1/user1-1-45-r3.dat,1,1,45,3
20190627/user1/user1-2-57-r2.dat,1,2,57,2
20190627/user1/user1-2-5-r5.dat,1,2,5,5
20190627/user1/user1-3-74-r3.dat,1,3,74,3
20190627/user1/user1-1-73-r5.dat,1,1,73,5
20190627/user1/user1-1-83-r1.dat,1,1,83,1
20190627/user1/user1-3-28-r6.dat,1,3,28,6
20190627/user1/user1-4-74-r6.dat,1,4,74,6
20190627/user1/user1-2-52-r6.dat,1,2,52,6
20190627/user1/user1-1-73-r3.dat,1,1,73,3
20190627/user1/user1-4-12-r4.dat,1,4,12,4
20190627/user1/user1-3-34-r4.dat,1,3,34,4
20190627/user1/user1-4-17-r6.dat,1,4,17,6
20190627/user1/user1-2-41-r3.dat,1,2,41,3
20190627/user1/user1-1-17-r6.dat,1,1,17,6
20190627/user1/user1-3-74-r5.dat,1,3,74,5
20190627/user1/user1-1-50-r4.dat,1,1,50,4
20190627/user1/user1-2-63-r6.dat,1,2,63,6
20190627/user1/user1-2-5-r4.dat,1,2,5,4
20190627/user1/user1-3-67-r3.dat,1,3,67,3
20190627/user1/user1-3-39-r3.dat,1,3,39,3
20190627/user1/user1-1-100-r6.dat,1,1,100,6
20190627/user1/user1-4-1-r4.dat,1,4,1,4
20190627/user1/user1-4-97-r3.dat,1,4,97,3
20190627/user1/user1-1-15-r6.dat,1,1,15,6
20190627/user1/user1-3-33-r5.dat,1,3,33,5
20190627/user1/user1-3-54-r6.dat,1,3,54,6
20190627/user1/user1-1-3-r2.dat,1,1,3,2
20190627/user1/user1-3-47-r2.dat,1,3,47,2
20190627/user1/user1-2-97-r3.dat,1,2,97,3
20190627/user1/user1-1-6-r4.dat,1,1,6,4
20190627/user1/user1-3-79-r6.dat,1,3,79,6
20190627/user1/user1-1-13-r2.dat,1,1,13,2
20190627/user1/user1-3-30-r4.dat,1,3,30,4
20190627/user1/user1-3-19-r2.dat,1,3,19,2
20190627/user1/user1-3-86-r2.dat,1,3,86,2
20190627/user1/user1-3-46-r3.dat,1,3,46,3
20190627/user1/user1-1-76-r1.dat,1,1,76,1
20190627/user1/user1-2-79-r5.dat,1,2,79,5
20190627/user1/user1-3-96-r5.dat,1,3,96,5
20190627/user1/user1-4-68-r2.dat,1,4,68,2
20190627/user1/user1-4-59-r2.dat,1,4,59,2
20190627/user1/user1-3-17-r4.dat,1,3,17,4
20190627/user1/user1-3-28-r1.dat,1,3,28,1
20190627/user1/user1-1-64-r4.dat,1,1,64,4
20190627/user1/user1-3-92-r3.dat,1,3,92,3
20190627/user1/user1-4-21-r5.dat,1,4,21,5
20190627/user1/user1-3-9-r1.dat,1,3,9,1
20190627/user1/user1-3-82-r6.dat,1,3,82,6
20190627/user1/user1-4-100-r2.dat,1,4,100,2
20190627/user1/user1-1-54-r4.dat,1,1,54,4
20190627/user1/user1-1-23-r4.dat,1,1,23,4
20190627/user1/user1-2-88-r5.dat,1,2,88,5
20190627/user1/user1-1-99-r4.dat,1,1,99,4
20190627/user1/user1-1-99-r3.dat,1,1,99,3
20190627/user1/user1-3-12-r5.dat,1,3,12,5
20190627/user1/user1-4-95-r5.dat,1,4,95,5
20190627/user1/user1-2-45-r5.dat,1,2,45,5
20190627/user1/user1-1-53-r2.dat,1,1,53,2
20190627/user1/user1-2-57-r1.dat,1,2,57,1
20190627/user1/user1-1-75-r2.dat,1,1,75,2
20190627/user1/user1-1-57-r5.dat,1,1,57,5
20190627/user1/user1-2-87-r6.dat,1,2,87,6
20190627/user1/user1-4-23-r1.dat,1,4,23,1
20190627/user1/user1-1-15-r3.dat,1,1,15,3
20190627/user1/user1-2-86-r5.dat,1,2,86,5
20190627/user1/user1-4-83-r1.dat,1,4,83,1
20190627/user1/user1-1-49-r6.dat,1,1,49,6
20190627/user1/user1-1-80-r6.dat,1,1,80,6
20190627/user1/user1-1-83-r3.dat,1,1,83,3
20190627/user1/user1-3-86-r5.dat,1,3,86,5
20190627/user1/user1-3-11-r6.dat,1,3,11,6
20190627/user1/user1-1-34-r2.dat,1,1,34,2
20190627/user1/user1-2-100-r5.dat,1,2,100,5
20190627/user1/user1-4-66-r2.dat,1,4,66,2
20190627/user1/user1-4-41-r1.dat,1,4,41,1
20190627/user1/user1-3-16-r6.dat,1,3,16,6
20190627/user1/user1-3-14-r5.dat,1,3,14,5
20190627/user1/user1-2-67-r1.dat,1,2,67,1
20190627/user1/user1-4-87-r5.dat,1,4,87,5
20190627/user1/user1-4-100-r5.dat,1,4,100,5
20190627/user1/user1-2-43-r5.dat,1,2,43,5
20190627/user1/user1-4-4-r5.dat,1,4,4,5
20190627/user1/user1-3-71-r6.dat,1,3,71,6
20190627/user1/user1-4-56-r1.dat,1,4,56,1
20190627/user1/user1-4-92-r6.dat,1,4,92,6
20190627/user1/user1-1-12-r3.dat,1,1,12,3
20190627/user1/user1-1-49-r1.dat,1,1,49,1
20190627/user1/user1-2-15-r5.dat,1,2,15,5
20190627/user1/user1-1-86-r6.dat,1,1,86,6
20190627/user1/user1-4-83-r6.dat,1,4,83,6
20190627/user1/user1-1-19-r1.dat,1,1,19,1
20190627/user1/user1-4-34-r5.dat,1,4,34,5
20190627/user1/user1-1-89-r3.dat,1,1,89,3
20190627/user1/user1-4-32-r5.dat,1,4,32,5
20190627/user1/user1-2-60-r3.dat,1,2,60,3
20190627/user1/user1-1-74-r4.dat,1,1,74,4
20190627/user1/user1-2-40-r2.dat,1,2,40,2
20190627/user1/user1-1-97-r1.dat,1,1,97,1
20190627/user1/user1-3-22-r4.dat,1,3,22,4
20190627/user1/user1-3-27-r6.dat,1,3,27,6
20190627/user1/user1-1-10-r6.dat,1,1,10,6
20190627/user1/user1-4-62-r1.dat,1,4,62,1
20190627/user1/user1-1-19-r6.dat,1,1,19,6
20190627/user1/user1-3-94-r6.dat,1,3,94,6
20190627/user1/user1-3-37-r3.dat,1,3,37,3
20190627/user1/user1-3-4-r1.dat,1,3,4,1
20190627/user1/user1-2-41-r2.dat,1,2,41,2
20190627/user1/user1-3-86-r6.dat,1,3,86,6
20190627/user1/user1-2-17-r5.dat,1,2,17,5
20190627/user1/user1-1-14-r3.dat,1,1,14,3
20190627/user1/user1-2-30-r6.dat,1,2,30,6
20190627/user1/user1-4-41-r3.dat,1,4,41,3
20190627/user1/user1-1-71-r1.dat,1,1,71,1
20190627/user1/user1-2-6-r1.dat,1,2,6,1
20190627/user1/user1-2-28-r3.dat,1,2,28,3
20190627/user1/user1-1-87-r5.dat,1,1,87,5
20190627/user1/user1-3-1-r6.dat,1,3,1,6
20190627/user1/user1-2-99-r3.dat,1,2,99,3
20190627/user1/user1-2-42-r3.dat,1,2,42,3
20190627/user1/user1-1-85-r6.dat,1,1,85,6
20190627/user1/user1-3-58-r3.dat,1,3,58,3
20190627/user1/user1-3-87-r3.dat,1,3,87,3
20190627/user1/user1-1-65-r4.dat,1,1,65,4
20190627/user1/user1-2-13-r5.dat,1,2,13,5
20190627/user1/user1-3-95-r5.dat,1,3,95,5
20190627/user1/user1-3-18-r3.dat,1,3,18,3
20190627/user1/user1-3-22-r5.dat,1,3,22,5
20190627/user1/user1-1-51-r1.dat,1,1,51,1
20190627/user1/user1-2-28-r4.dat,1,2,28,4
20190627/user1/user1-1-4-r2.dat,1,1,4,2
20190627/user1/user1-3-77-r1.dat,1,3,77,1
20190627/user1/user1-1-58-r4.dat,1,1,58,4
20190627/user1/user1-2-64-r2.dat,1,2,64,2
20190627/user1/user1-3-23-r3.dat,1,3,23,3
20190627/user1/user1-4-25-r2.dat,1,4,25,2
20190627/user1/user1-2-67-r3.dat,1,2,67,3
20190627/user1/user1-3-5-r4.dat,1,3,5,4
20190627/user1/user1-1-48-r3.dat,1,1,48,3
20190627/user1/user1-2-1-r6.dat,1,2,1,6
20190627/user1/user1-1-75-r3.dat,1,1,75,3
20190627/user1/user1-1-84-r4.dat,1,1,84,4
20190627/user1/user1-1-63-r4.dat,1,1,63,4
20190627/user1/user1-1-28-r5.dat,1,1,28,5
20190627/user1/user1-3-87-r1.dat,1,3,87,1
20190627/user1/user1-1-64-r3.dat,1,1,64,3
20190627/user1/user1-2-47-r2.dat,1,2,47,2
20190627/user1/user1-1-93-r3.dat,1,1,93,3
20190627/user1/user1-4-44-r1.dat,1,4,44,1
20190627/user1/user1-4-49-r1.dat,1,4,49,1
20190627/user1/user1-3-23-r6.dat,1,3,23,6
20190627/user1/user1-4-15-r3.dat,1,4,15,3
20190627/user1/user1-4-85-r5.dat,1,4,85,5
20190627/user1/user1-1-33-r6.dat,1,1,33,6
20190627/user1/user1-1-48-r4.dat,1,1,48,4
20190627/user1/user1-4-12-r5.dat,1,4,12,5
20190627/user1/user1-2-21-r1.dat,1,2,21,1
20190627/user1/user1-1-76-r2.dat,1,1,76,2
20190627/user1/user1-2-4-r1.dat,1,2,4,1
20190627/user1/user1-4-39-r2.dat,1,4,39,2
20190627/user1/user1-4-77-r2.dat,1,4,77,2
20190627/user1/user1-1-5-r4.dat,1,1,5,4
20190627/user1/user1-1-26-r2.dat,1,1,26,2
20190627/user1/user1-1-82-r4.dat,1,1,82,4
20190627/user1/user1-1-81-r1.dat,1,1,81,1
20190627/user1/user1-2-45-r6.dat,1,2,45,6
20190627/user1/user1-1-59-r1.dat,1,1,59,1
20190627/user1/user1-2-66-r5.dat,1,2,66,5
20190627/user1/user1-4-26-r2.dat,1,4,26,2
20190627/user1/user1-2-58-r2.dat,1,2,58,2
20190627/user1/user1-2-32-r2.dat,1,2,32,2
20190627/user1/user1-3-13-r5.dat,1,3,13,5
20190627/user1/user1-1-1-r1.dat,1,1,1,1
20190627/user1/user1-2-34-r1.dat,1,2,34,1
20190627/user1/user1-3-4-r5.dat,1,3,4,5
20190627/user1/user1-2-53-r5.dat,1,2,53,5
20190627/user1/user1-4-66-r1.dat,1,4,66,1
20190627/user1/user1-1-78-r4.dat,1,1,78,4
20190627/user1/user1-2-57-r6.dat,1,2,57,6
20190627/user1/user1-3-98-r2.dat,1,3,98,2
20190627/user1/user1-3-53-r6.dat,1,3,53,6
20190627/user1/user1-3-24-r3.dat,1,3,24,3
20190627/user1/user1-4-83-r5.dat,1,4,83,5
20190627/user1/user1-3-47-r1.dat,1,3,47,1
20190627/user1/user1-4-11-r5.dat,1,4,11,5
20190627/user1/user1-2-98-r3.dat,1,2,98,3
20190627/user1/user1-2-21-r4.dat,1,2,21,4
20190627/user1/user1-1-59-r6.dat,1,1,59,6
20190627/user1/user1-3-37-r4.dat,1,3,37,4
20190627/user1/user1-1-32-r1.dat,1,1,32,1
20190627/user1/user1-3-60-r3.dat,1,3,60,3
20190627/user1/user1-3-68-r2.dat,1,3,68,2
20190627/user1/user1-1-77-r6.dat,1,1,77,6
20190627/user1/user1-4-32-r6.dat,1,4,32,6
20190627/user1/user1-1-73-r6.dat,1,1,73,6
20190627/user1/user1-1-40-r3.dat,1,1,40,3
20190627/user1/user1-1-69-r3.dat,1,1,69,3
20190627/user1/user1-3-56-r4.dat,1,3,56,4
20190627/user1/user1-2-58-r5.dat,1,2,58,5
20190627/user1/user1-2-13-r6.dat,1,2,13,6
20190627/user1/user1-3-73-r3.dat,1,3,73,3
20190627/user1/user1-1-36-r2.dat,1,1,36,2
20190627/user1/user1-3-68-r1.dat,1,3,68,1
20190627/user1/user1-1-82-r1.dat,1,1,82,1
20190627/user1/user1-1-5-r5.dat,1,1,5,5
20190627/user1/user1-4-52-r2.dat,1,4,52,2
20190627/user1/user1-4-92-r5.dat,1,4,92,5
20190627/user1/user1-1-66-r4.dat,1,1,66,4
20190627/user1/user1-2-61-r5.dat,1,2,61,5
20190627/user1/user1-3-10-r2.dat,1,3,10,2
20190627/user1/user1-1-82-r6.dat,1,1,82,6
20190627/user1/user1-2-84-r4.dat,1,2,84,4
20190627/user1/user1-1-38-r3.dat,1,1,38,3
20190627/user1/user1-1-29-r4.dat,1,1,29,4
20190627/user1/user1-4-91-r1.dat,1,4,91,1
20190627/user1/user1-2-55-r1.dat,1,2,55,1
20190627/user1/user1-3-9-r4.dat,1,3,9,4
20190627/user1/user1-2-36-r3.dat,1,2,36,3
20190627/user1/user1-3-69-r5.dat,1,3,69,5
20190627/user1/user1-4-19-r3.dat,1,4,19,3
20190627/user1/user1-1-62-r3.dat,1,1,62,3
20190627/user1/user1-4-37-r2.dat,1,4,37,2
20190627/user1/user1-2-82-r1.dat,1,2,82,1
20190627/user1/user1-3-56-r6.dat,1,3,56,6
20190627/user1/user1-4-1-r1.dat,1,4,1,1
20190627/user1/user1-4-55-r2.dat,1,4,55,2
20190627/user1/user1-2-25-r1.dat,1,2,25,1
20190627/user1/user1-1-6-r5.dat,1,1,6,5
20190627/user1/user1-1-60-r4.dat,1,1,60,4
20190627/user1/user1-4-1-r2.dat,1,4,1,2
20190627/user1/user1-1-35-r4.dat,1,1,35,4
20190627/user1/user1-3-97-r5.dat,1,3,97,5
20190627/user1/user1-4-100-r3.dat,1,4,100,3
20190627/user1/user1-3-13-r1.dat,1,3,13,1
20190627/user1/user1-2-37-r5.dat,1,2,37,5
20190627/user1/user1-2-84-r6.dat,1,2,84,6
20190627/user1/user1-4-3-r2.dat,1,4,3,2
20190627/user1/user1-3-55-r5.dat,1,3,55,5
20190627/user1/user1-4-8-r3.dat,1,4,8,3
20190627/user1/user1-2-61-r2.dat,1,2,61,2
20190627/user1/user1-2-22-r4.dat,1,2,22,4
20190627/user1/user1-2-91-r6.dat,1,2,91,6
20190627/user1/user1-4-31-r4.dat,1,4,31,4
20190627/user1/user1-2-93-r1.dat,1,2,93,1
20190627/user1/user1-4-71-r2.dat,1,4,71,2
20190627/user1/user1-2-15-r2.dat,1,2,15,2
20190627/user1/user1-3-90-r5.dat,1,3,90,5
20190627/user1/user1-3-88-r6.dat,1,3,88,6
20190627/user1/user1-2-6-r2.dat,1,2,6,2
20190627/user1/user1-3-84-r6.dat,1,3,84,6
20190627/user1/user1-1-54-r3.dat,1,1,54,3
20190627/user1/user1-2-87-r1.dat,1,2,87,1
20190627/user1/user1-4-70-r4.dat,1,4,70,4
20190627/user1/user1-4-5-r1.dat,1,4,5,1
20190627/user1/user1-2-39-r3.dat,1,2,39,3
20190627/user1/user1-3-44-r1.dat,1,3,44,1
20190627/user1/user1-1-48-r6.dat,1,1,48,6
20190627/user1/user1-2-68-r3.dat,1,2,68,3
20190627/user1/user1-2-30-r5.dat,1,2,30,5
20190627/user1/user1-3-48-r4.dat,1,3,48,4
20190627/user1/user1-2-78-r5.dat,1,2,78,5
20190627/user1/user1-3-21-r2.dat,1,3,21,2
20190627/user1/user1-1-95-r1.dat,1,1,95,1
20190627/user1/user1-3-24-r5.dat,1,3,24,5
20190627/user1/user1-3-9-r6.dat,1,3,9,6
20190627/user1/user1-2-11-r1.dat,1,2,11,1
20190627/user1/user1-2-92-r4.dat,1,2,92,4
20190627/user1/user1-2-35-r4.dat,1,2,35,4
20190627/user1/user1-3-36-r2.dat,1,3,36,2
20190627/user1/user1-4-47-r4.dat,1,4,47,4
20190627/user1/user1-1-32-r5.dat,1,1,32,5
20190627/user1/user1-1-65-r1.dat,1,1,65,1
20190627/user1/user1-4-76-r6.dat,1,4,76,6
20190627/user1/user1-3-38-r4.dat,1,3,38,4
20190627/user1/user1-2-18-r4.dat,1,2,18,4
20190627/user1/user1-1-40-r4.dat,1,1,40,4
20190627/user1/user1-4-89-r1.dat,1,4,89,1
20190627/user1/user1-2-36-r4.dat,1,2,36,4
20190627/user1/user1-1-99-r6.dat,1,1,99,6
20190627/user1/user1-3-70-r5.dat,1,3,70,5
20190627/user1/user1-1-77-r5.dat,1,1,77,5
20190627/user1/user1-3-94-r1.dat,1,3,94,1
20190627/user1/user1-2-13-r4.dat,1,2,13,4
20190627/user1/user1-4-65-r2.dat,1,4,65,2
20190627/user1/user1-4-56-r6.dat,1,4,56,6
20190627/user1/user1-2-27-r3.dat,1,2,27,3
20190627/user1/user1-2-77-r3.dat,1,2,77,3
20190627/user1/user1-3-23-r1.dat,1,3,23,1
20190627/user1/user1-2-68-r4.dat,1,2,68,4
20190627/user1/user1-1-98-r4.dat,1,1,98,4
20190627/user1/user1-3-69-r2.dat,1,3,69,2
20190627/user1/user1-3-65-r2.dat,1,3,65,2
20190627/user1/user1-4-40-r6.dat,1,4,40,6
20190627/user1/user1-2-18-r2.dat,1,2,18,2
20190627/user1/user1-1-5-r1.dat,1,1,5,1
20190627/user1/user1-1-39-r3.dat,1,1,39,3
20190627/user1/user1-1-11-r5.dat,1,1,11,5
20190627/user1/user1-3-25-r2.dat,1,3,25,2
20190627/user1/user1-1-24-r4.dat,1,1,24,4
20190627/user1/user1-4-93-r5.dat,1,4,93,5
20190627/user1/user1-3-40-r5.dat,1,3,40,5
20190627/user1/user1-2-99-r5.dat,1,2,99,5
20190627/user1/user1-2-46-r1.dat,1,2,46,1
20190627/user1/user1-2-73-r2.dat,1,2,73,2
20190627/user1/user1-3-72-r1.dat,1,3,72,1
20190627/user1/user1-4-69-r4.dat,1,4,69,4
20190627/user1/user1-1-37-r5.dat,1,1,37,5
20190627/user1/user1-2-74-r6.dat,1,2,74,6
20190627/user1/user1-3-36-r1.dat,1,3,36,1
20190627/user1/user1-1-11-r6.dat,1,1,11,6
20190627/user1/user1-4-22-r6.dat,1,4,22,6
20190627/user1/user1-1-53-r1.dat,1,1,53,1
20190627/user1/user1-4-2-r5.dat,1,4,2,5
20190627/user1/user1-1-6-r1.dat,1,1,6,1
20190627/user1/user1-2-29-r6.dat,1,2,29,6
20190627/user1/user1-1-68-r3.dat,1,1,68,3
20190627/user1/user1-4-87-r3.dat,1,4,87,3
20190627/user1/user1-4-80-r1.dat,1,4,80,1
20190627/user1/user1-3-37-r1.dat,1,3,37,1
20190627/user1/user1-3-25-r3.dat,1,3,25,3
20190627/user1/user1-1-36-r1.dat,1,1,36,1
20190627/user1/user1-3-24-r4.dat,1,3,24,4
20190627/user1/user1-1-95-r3.dat,1,1,95,3
20190627/user1/user1-4-52-r1.dat,1,4,52,1
20190627/user1/user1-2-5-r3.dat,1,2,5,3
20190627/user1/user1-2-43-r6.dat,1,2,43,6
20190627/user1/user1-2-86-r4.dat,1,2,86,4
20190627/user1/user1-2-68-r6.dat,1,2,68,6
20190627/user1/user1-4-50-r5.dat,1,4,50,5
20190627/user1/user1-4-34-r4.dat,1,4,34,4
20190627/user1/user1-2-25-r2.dat,1,2,25,2
20190627/user1/user1-4-59-r6.dat,1,4,59,6
20190627/user1/user1-4-25-r3.dat,1,4,25,3
20190627/user1/user1-2-6-r4.dat,1,2,6,4
20190627/user1/user1-1-51-r2.dat,1,1,51,2
20190627/user1/user1-4-67-r5.dat,1,4,67,5
20190627/user1/user1-2-81-r6.dat,1,2,81,6
20190627/user1/user1-3-60-r5.dat,1,3,60,5
20190627/user1/user1-4-50-r1.dat,1,4,50,1
20190627/user1/user1-1-44-r6.dat,1,1,44,6
20190627/user1/user1-3-57-r3.dat,1,3,57,3
20190627/user1/user1-1-10-r1.dat,1,1,10,1
20190627/user1/user1-1-73-r4.dat,1,1,73,4
20190627/user1/user1-3-61-r2.dat,1,3,61,2
20190627/user1/user1-3-60-r1.dat,1,3,60,1
20190627/user1/user1-4-19-r6.dat,1,4,19,6
20190627/user1/user1-3-17-r1.dat,1,3,17,1
20190627/user1/user1-2-8-r4.dat,1,2,8,4
20190627/user1/user1-4-20-r4.dat,1,4,20,4
20190627/user1/user1-2-39-r2.dat,1,2,39,2
20190627/user1/user1-4-46-r5.dat,1,4,46,5
20190627/user1/user1-2-56-r1.dat,1,2,56,1
20190627/user1/user1-4-35-r4.dat,1,4,35,4
20190627/user1/user1-2-25-r3.dat,1,2,25,3
20190627/user1/user1-4-38-r5.dat,1,4,38,5
20190627/user1/user1-1-4-r5.dat,1,1,4,5
20190627/user1/user1-2-37-r3.dat,1,2,37,3
20190627/user1/user1-2-78-r1.dat,1,2,78,1
20190627/user1/user1-3-21-r3.dat,1,3,21,3
20190627/user1/user1-2-20-r6.dat,1,2,20,6
20190627/user1/user1-1-60-r1.dat,1,1,60,1
20190627/user1/user1-4-13-r1.dat,1,4,13,1
20190627/user1/user1-1-97-r4.dat,1,1,97,4
20190627/user1/user1-3-22-r1.dat,1,3,22,1
20190627/user1/user1-1-65-r5.dat,1,1,65,5
20190627/user1/user1-2-14-r1.dat,1,2,14,1
20190627/user1/user1-1-15-r4.dat,1,1,15,4
20190627/user1/user1-3-19-r5.dat,1,3,19,5
20190627/user1/user1-4-8-r2.dat,1,4,8,2
20190627/user1/user1-1-50-r2.dat,1,1,50,2
20190627/user1/user1-1-84-r6.dat,1,1,84,6
20190627/user1/user1-4-26-r6.dat,1,4,26,6
20190627/user1/user1-3-55-r2.dat,1,3,55,2
20190627/user1/user1-4-32-r4.dat,1,4,32,4
20190627/user1/user1-4-54-r5.dat,1,4,54,5
20190627/user1/user1-1-87-r3.dat,1,1,87,3
20190627/user1/user1-1-69-r5.dat,1,1,69,5
20190627/user1/user1-4-25-r6.dat,1,4,25,6
20190627/user1/user1-3-84-r1.dat,1,3,84,1
20190627/user1/user1-4-30-r6.dat,1,4,30,6
20190627/user1/user1-4-3-r3.dat,1,4,3,3
20190627/user1/user1-4-35-r2.dat,1,4,35,2
20190627/user1/user1-4-28-r3.dat,1,4,28,3
20190627/user1/user1-2-43-r2.dat,1,2,43,2
20190627/user1/user1-3-64-r2.dat,1,3,64,2
20190627/user1/user1-4-81-r3.dat,1,4,81,3
20190627/user1/user1-1-21-r5.dat,1,1,21,5
20190627/user1/user1-2-46-r6.dat,1,2,46,6
20190627/user1/user1-3-12-r3.dat,1,3,12,3
20190627/user1/user1-3-24-r6.dat,1,3,24,6
20190627/user1/user1-3-84-r5.dat,1,3,84,5
20190627/user1/user1-3-16-r4.dat,1,3,16,4
20190627/user1/user1-2-47-r1.dat,1,2,47,1
20190627/user1/user1-4-82-r3.dat,1,4,82,3
20190627/user1/user1-3-99-r4.dat,1,3,99,4
20190627/user1/user1-4-75-r6.dat,1,4,75,6
20190627/user1/user1-3-61-r6.dat,1,3,61,6
20190627/user1/user1-1-70-r3.dat,1,1,70,3
20190627/user1/user1-3-58-r6.dat,1,3,58,6
20190627/user1/user1-4-87-r6.dat,1,4,87,6
20190627/user1/user1-4-13-r2.dat,1,4,13,2
20190627/user1/user1-4-40-r3.dat,1,4,40,3
20190627/user1/user1-1-47-r6.dat,1,1,47,6
20190627/user1/user1-3-7-r3.dat,1,3,7,3
20190627/user1/user1-4-21-r4.dat,1,4,21,4
20190627/user1/user1-1-21-r6.dat,1,1,21,6
20190627/user1/user1-1-58-r3.dat,1,1,58,3
20190627/user1/user1-1-70-r6.dat,1,1,70,6
20190627/user1/user1-1-37-r6.dat,1,1,37,6
20190627/user1/user1-2-95-r6.dat,1,2,95,6
20190627/user1/user1-1-78-r1.dat,1,1,78,1
20190627/user1/user1-2-16-r5.dat,1,2,16,5
20190627/user1/user1-3-3-r6.dat,1,3,3,6
20190627/user1/user1-3-94-r3.dat,1,3,94,3
20190627/user1/user1-1-93-r1.dat,1,1,93,1
20190627/user1/user1-4-14-r1.dat,1,4,14,1
20190627/user1/user1-3-84-r2.dat,1,3,84,2
20190627/user1/user1-4-63-r1.dat,1,4,63,1
20190627/user1/user1-3-17-r2.dat,1,3,17,2
20190627/user1/user1-4-62-r5.dat,1,4,62,5
20190627/user1/user1-3-83-r6.dat,1,3,83,6
20190627/user1/user1-4-40-r2.dat,1,4,40,2
20190627/user1/user1-2-70-r6.dat,1,2,70,6
20190627/user1/user1-2-92-r3.dat,1,2,92,3
20190627/user1/user1-4-3-r5.dat,1,4,3,5
20190627/user1/user1-2-80-r5.dat,1,2,80,5
20190627/user1/user1-1-79-r4.dat,1,1,79,4
20190627/user1/user1-4-13-r6.dat,1,4,13,6
20190627/user1/user1-3-80-r1.dat,1,3,80,1
20190627/user1/user1-4-99-r3.dat,1,4,99,3
20190627/user1/user1-4-17-r5.dat,1,4,17,5
20190627/user1/user1-3-81-r3.dat,1,3,81,3
20190627/user1/user1-2-8-r6.dat,1,2,8,6
20190627/user1/user1-4-33-r3.dat,1,4,33,3
20190627/user1/user1-2-9-r6.dat,1,2,9,6
20190627/user1/user1-3-70-r1.dat,1,3,70,1
20190627/user1/user1-1-43-r3.dat,1,1,43,3
20190627/user1/user1-3-62-r1.dat,1,3,62,1
20190627/user1/user1-4-44-r6.dat,1,4,44,6
20190627/user1/user1-1-3-r5.dat,1,1,3,5
20190627/user1/user1-2-73-r5.dat,1,2,73,5
20190627/user1/user1-3-52-r4.dat,1,3,52,4
20190627/user1/user1-3-89-r6.dat,1,3,89,6
20190627/user1/user1-3-85-r2.dat,1,3,85,2
20190627/user1/user1-3-21-r1.dat,1,3,21,1
20190627/user1/user1-3-24-r1.dat,1,3,24,1
20190627/user1/user1-4-63-r4.dat,1,4,63,4
20190627/user1/user1-1-49-r2.dat,1,1,49,2
20190627/user1/user1-4-10-r1.dat,1,4,10,1
20190627/user1/user1-4-90-r3.dat,1,4,90,3
20190627/user1/user1-3-76-r2.dat,1,3,76,2
20190627/user1/user1-3-54-r2.dat,1,3,54,2
20190627/user1/user1-2-53-r4.dat,1,2,53,4
20190627/user1/user1-3-68-r5.dat,1,3,68,5
20190627/user1/user1-3-78-r3.dat,1,3,78,3
20190627/user1/user1-3-65-r3.dat,1,3,65,3
20190627/user1/user1-1-10-r2.dat,1,1,10,2
20190627/user1/user1-1-62-r4.dat,1,1,62,4
20190627/user1/user1-3-89-r2.dat,1,3,89,2
20190627/user1/user1-3-76-r6.dat,1,3,76,6
20190627/user1/user1-2-33-r4.dat,1,2,33,4
20190627/user1/user1-2-9-r3.dat,1,2,9,3
20190627/user1/user1-1-93-r2.dat,1,1,93,2
20190627/user1/user1-3-68-r6.dat,1,3,68,6
20190627/user1/user1-2-7-r5.dat,1,2,7,5
20190627/user1/user1-1-32-r2.dat,1,1,32,2
20190627/user1/user1-2-13-r1.dat,1,2,13,1
20190627/user1/user1-4-8-r4.dat,1,4,8,4
20190627/user1/user1-2-74-r5.dat,1,2,74,5
20190627/user1/user1-1-61-r2.dat,1,1,61,2
20190627/user1/user1-1-61-r4.dat,1,1,61,4
20190627/user1/user1-4-88-r5.dat,1,4,88,5
20190627/user1/user1-2-33-r2.dat,1,2,33,2
20190627/user1/user1-3-86-r1.dat,1,3,86,1
20190627/user1/user1-4-15-r4.dat,1,4,15,4
20190627/user1/user1-3-66-r3.dat,1,3,66,3
20190627/user1/user1-4-70-r5.dat,1,4,70,5
20190627/user1/user1-3-55-r1.dat,1,3,55,1
20190627/user1/user1-1-55-r4.dat,1,1,55,4
20190627/user1/user1-3-97-r3.dat,1,3,97,3
20190627/user1/user1-2-38-r6.dat,1,2,38,6
20190627/user1/user1-1-40-r6.dat,1,1,40,6
20190627/user1/user1-2-41-r4.dat,1,2,41,4
20190627/user1/user1-2-36-r6.dat,1,2,36,6
20190627/user1/user1-2-9-r1.dat,1,2,9,1
20190627/user1/user1-1-19-r5.dat,1,1,19,5
20190627/user1/user1-2-21-r6.dat,1,2,21,6
20190627/user1/user1-2-3-r1.dat,1,2,3,1
20190627/user1/user1-1-64-r6.dat,1,1,64,6
20190627/user1/user1-2-62-r3.dat,1,2,62,3
20190627/user1/user1-2-30-r1.dat,1,2,30,1
20190627/user1/user1-2-72-r6.dat,1,2,72,6
20190627/user1/user1-4-96-r2.dat,1,4,96,2
20190627/user1/user1-3-45-r3.dat,1,3,45,3
20190627/user1/user1-3-82-r1.dat,1,3,82,1
20190627/user1/user1-3-14-r1.dat,1,3,14,1
20190627/user1/user1-2-100-r4.dat,1,2,100,4
20190627/user1/user1-1-91-r2.dat,1,1,91,2
20190627/user1/user1-2-13-r2.dat,1,2,13,2
20190627/user1/user1-4-43-r1.dat,1,4,43,1
20190627/user1/user1-2-50-r3.dat,1,2,50,3
20190627/user1/user1-4-27-r4.dat,1,4,27,4
20190627/user1/user1-3-62-r5.dat,1,3,62,5
20190627/user1/user1-4-40-r4.dat,1,4,40,4
20190627/user1/user1-3-42-r2.dat,1,3,42,2
20190627/user1/user1-2-21-r2.dat,1,2,21,2
20190627/user1/user1-4-73-r4.dat,1,4,73,4
20190627/user1/user1-4-34-r2.dat,1,4,34,2
20190627/user1/user1-1-91-r3.dat,1,1,91,3
20190627/user1/user1-1-4-r1.dat,1,1,4,1
20190627/user1/user1-2-91-r3.dat,1,2,91,3
20190627/user1/user1-2-48-r3.dat,1,2,48,3
20190627/user1/user1-4-30-r5.dat,1,4,30,5
20190627/user1/user1-4-97-r6.dat,1,4,97,6
20190627/user1/user1-4-96-r3.dat,1,4,96,3
20190627/user1/user1-4-79-r2.dat,1,4,79,2
20190627/user1/user1-2-29-r1.dat,1,2,29,1
20190627/user1/user1-2-22-r1.dat,1,2,22,1
20190627/user1/user1-1-72-r6.dat,1,1,72,6
20190627/user1/user1-2-96-r4.dat,1,2,96,4
20190627/user1/user1-2-65-r4.dat,1,2,65,4
20190627/user1/user1-4-44-r4.dat,1,4,44,4
20190627/user1/user1-1-30-r5.dat,1,1,30,5
20190627/user1/user1-2-62-r5.dat,1,2,62,5
20190627/user1/user1-3-45-r4.dat,1,3,45,4
20190627/user1/user1-3-78-r2.dat,1,3,78,2
20190627/user1/user1-4-48-r5.dat,1,4,48,5
20190627/user1/user1-1-99-r1.dat,1,1,99,1
20190627/user1/user1-4-99-r2.dat,1,4,99,2
20190627/user1/user1-2-94-r1.dat,1,2,94,1
20190627/user1/user1-3-56-r2.dat,1,3,56,2
20190627/user1/user1-3-41-r6.dat,1,3,41,6
20190627/user1/user1-4-88-r6.dat,1,4,88,6
20190627/user1/user1-1-73-r1.dat,1,1,73,1
20190627/user1/user1-4-47-r1.dat,1,4,47,1
20190627/user1/user1-1-67-r2.dat,1,1,67,2
20190627/user1/user1-1-8-r6.dat,1,1,8,6
20190627/user2/user2-1-61-r2.dat,2,1,61,2
20190627/user2/user2-2-43-r6.dat,2,2,43,6
20190627/user2/user2-3-43-r4.dat,2,3,43,4
20190627/user2/user2-1-96-r5.dat,2,1,96,5
20190627/user2/user2-4-54-r4.dat,2,4,54,4
20190627/user2/user2-4-52-r6.dat,2,4,52,6
20190627/user2/user2-4-47-r4.dat,2,4,47,4
20190627/user2/user2-1-70-r3.dat,2,1,70,3
20190627/user2/user2-4-60-r4.dat,2,4,60,4
20190627/user2/user2-1-26-r4.dat,2,1,26,4
20190627/user2/user2-3-3-r1.dat,2,3,3,1
20190627/user2/user2-4-17-r1.dat,2,4,17,1
20190627/user2/user2-1-4-r1.dat,2,1,4,1
20190627/user2/user2-2-73-r6.dat,2,2,73,6
20190627/user2/user2-1-4-r2.dat,2,1,4,2
20190627/user2/user2-3-71-r4.dat,2,3,71,4
20190627/user2/user2-1-83-r5.dat,2,1,83,5
20190627/user2/user2-3-7-r4.dat,2,3,7,4
20190627/user2/user2-4-88-r4.dat,2,4,88,4
20190627/user2/user2-2-95-r5.dat,2,2,95,5
20190627/user2/user2-1-45-r2.dat,2,1,45,2
20190627/user2/user2-2-98-r1.dat,2,2,98,1
20190627/user2/user2-1-5-r6.dat,2,1,5,6
20190627/user2/user2-4-23-r3.dat,2,4,23,3
20190627/user2/user2-4-18-r1.dat,2,4,18,1
20190627/user2/user2-1-38-r4.dat,2,1,38,4
20190627/user2/user2-4-23-r2.dat,2,4,23,2
20190627/user2/user2-3-40-r4.dat,2,3,40,4
20190627/user2/user2-1-15-r2.dat,2,1,15,2
20190627/user2/user2-1-54-r6.dat,2,1,54,6
20190627/user2/user2-4-25-r3.dat,2,4,25,3
20190627/user2/user2-1-31-r1.dat,2,1,31,1
20190627/user2/user2-2-10-r4.dat,2,2,10,4
20190627/user2/user2-4-32-r1.dat,2,4,32,1
20190627/user2/user2-1-17-r1.dat,2,1,17,1
20190627/user2/user2-3-20-r2.dat,2,3,20,2
20190627/user2/user2-2-73-r5.dat,2,2,73,5
20190627/user2/user2-3-70-r2.dat,2,3,70,2
20190627/user2/user2-3-54-r1.dat,2,3,54,1
20190627/user2/user2-1-37-r6.dat,2,1,37,6
20190627/user2/user2-2-83-r4.dat,2,2,83,4
20190627/user2/user2-2-79-r3.dat,2,2,79,3
20190627/user2/user2-2-43-r2.dat,2,2,43,2
20190627/user2/user2-4-86-r2.dat,2,4,86,2
20190627/user2/user2-4-17-r4.dat,2,4,17,4
20190627/user2/user2-2-17-r4.dat,2,2,17,4
20190627/user2/user2-3-16-r5.dat,2,3,16,5
20190627/user2/user2-3-35-r6.dat,2,3,35,6
20190627/user2/user2-1-30-r4.dat,2,1,30,4
20190627/user2/user2-1-11-r2.dat,2,1,11,2
20190627/user2/user2-2-75-r2.dat,2,2,75,2
20190627/user2/user2-4-36-r1.dat,2,4,36,1
20190627/user2/user2-3-88-r4.dat,2,3,88,4
20190627/user2/user2-4-94-r2.dat,2,4,94,2
20190627/user2/user2-1-99-r1.dat,2,1,99,1
20190627/user2/user2-3-55-r4.dat,2,3,55,4
20190627/user2/user2-2-8-r3.dat,2,2,8,3
20190627/user2/user2-1-100-r3.dat,2,1,100,3
20190627/user2/user2-4-27-r1.dat,2,4,27,1
20190627/user2/user2-3-35-r5.dat,2,3,35,5
20190627/user2/user2-2-4-r2.dat,2,2,4,2
20190627/user2/user2-2-55-r2.dat,2,2,55,2
20190627/user2/user2-4-14-r4.dat,2,4,14,4
20190627/user2/user2-2-85-r5.dat,2,2,85,5
20190627/user2/user2-4-47-r5.dat,2,4,47,5
20190627/user2/user2-2-64-r6.dat,2,2,64,6
20190627/user2/user2-1-48-r4.dat,2,1,48,4
20190627/user2/user2-3-68-r6.dat,2,3,68,6
20190627/user2/user2-3-2-r6.dat,2,3,2,6
20190627/user2/user2-4-79-r4.dat,2,4,79,4
20190627/user2/user2-1-38-r3.dat,2,1,38,3
20190627/user2/user2-1-40-r5.dat,2,1,40,5
20190627/user2/user2-2-80-r1.dat,2,2,80,1
20190627/user2/user2-2-68-r2.dat,2,2,68,2
20190627/user2/user2-4-87-r1.dat,2,4,87,1
20190627/user2/user2-2-99-r4.dat,2,2,99,4
20190627/user2/user2-1-23-r3.dat,2,1,23,3
20190627/user2/user2-4-40-r4.dat,2,4,40,4
20190627/user2/user2-2-27-r1.dat,2,2,27,1
20190627/user2/user2-3-99-r1.dat,2,3,99,1
20190627/user2/user2-4-18-r3.dat,2,4,18,3
20190627/user2/user2-2-100-r1.dat,2,2,100,1
20190627/user2/user2-2-15-r1.dat,2,2,15,1
20190627/user2/user2-4-69-r5.dat,2,4,69,5
20190627/user2/user2-1-44-r4.dat,2,1,44,4
20190627/user2/user2-3-43-r1.dat,2,3,43,1
20190627/user2/user2-3-41-r6.dat,2,3,41,6
20190627/user2/user2-1-93-r2.dat,2,1,93,2
20190627/user2/user2-1-24-r2.dat,2,1,24,2
20190627/user2/user2-2-70-r1.dat,2,2,70,1
20190627/user2/user2-3-23-r6.dat,2,3,23,6
20190627/user2/user2-1-42-r2.dat,2,1,42,2
20190627/user2/user2-3-86-r3.dat,2,3,86,3
20190627/user2/user2-4-52-r1.dat,2,4,52,1
20190627/user2/user2-4-50-r2.dat,2,4,50,2
20190627/user2/user2-2-30-r4.dat,2,2,30,4
20190627/user2/user2-2-100-r5.dat,2,2,100,5
20190627/user2/user2-3-38-r6.dat,2,3,38,6
20190627/user2/user2-2-26-r4.dat,2,2,26,4
20190627/user2/user2-4-88-r1.dat,2,4,88,1
20190627/user2/user2-1-88-r3.dat,2,1,88,3
20190627/user2/user2-1-12-r4.dat,2,1,12,4
20190627/user2/user2-2-49-r1.dat,2,2,49,1
20190627/user2/user2-2-59-r5.dat,2,2,59,5
20190627/user2/user2-3-84-r6.dat,2,3,84,6
20190627/user2/user2-2-41-r6.dat,2,2,41,6
20190627/user2/user2-1-54-r1.dat,2,1,54,1
20190627/user2/user2-3-85-r5.dat,2,3,85,5
20190627/user2/user2-3-23-r4.dat,2,3,23,4
20190627/user2/user2-3-20-r6.dat,2,3,20,6
20190627/user2/user2-1-96-r1.dat,2,1,96,1
20190627/user2/user2-2-44-r3.dat,2,2,44,3
20190627/user2/user2-4-91-r6.dat,2,4,91,6
20190627/user2/user2-4-65-r5.dat,2,4,65,5
20190627/user2/user2-4-66-r6.dat,2,4,66,6
20190627/user2/user2-2-17-r3.dat,2,2,17,3
20190627/user2/user2-2-98-r6.dat,2,2,98,6
20190627/user2/user2-1-22-r1.dat,2,1,22,1
20190627/user2/user2-2-61-r6.dat,2,2,61,6
20190627/user2/user2-1-78-r6.dat,2,1,78,6
20190627/user2/user2-2-33-r6.dat,2,2,33,6
20190627/user2/user2-3-79-r6.dat,2,3,79,6
20190627/user2/user2-3-64-r5.dat,2,3,64,5
20190627/user2/user2-2-82-r3.dat,2,2,82,3
20190627/user2/user2-3-98-r1.dat,2,3,98,1
20190627/user2/user2-3-26-r5.dat,2,3,26,5
20190627/user2/user2-2-10-r2.dat,2,2,10,2
20190627/user2/user2-4-89-r3.dat,2,4,89,3
20190627/user2/user2-2-29-r2.dat,2,2,29,2
20190627/user2/user2-1-66-r1.dat,2,1,66,1
20190627/user2/user2-4-73-r5.dat,2,4,73,5
20190627/user2/user2-2-52-r5.dat,2,2,52,5
20190627/user2/user2-1-77-r4.dat,2,1,77,4
20190627/user2/user2-1-89-r3.dat,2,1,89,3
20190627/user2/user2-2-65-r1.dat,2,2,65,1
20190627/user2/user2-2-71-r5.dat,2,2,71,5
20190627/user2/user2-1-4-r3.dat,2,1,4,3
20190627/user2/user2-2-23-r4.dat,2,2,23,4
20190627/user2/user2-4-60-r6.dat,2,4,60,6
20190627/user2/user2-1-62-r2.dat,2,1,62,2
20190627/user2/user2-4-64-r3.dat,2,4,64,3
20190627/user2/user2-3-44-r1.dat,2,3,44,1
20190627/user2/user2-4-13-r6.dat,2,4,13,6
20190627/user2/user2-3-96-r5.dat,2,3,96,5
20190627/user2/user2-3-89-r6.dat,2,3,89,6
20190627/user2/user2-4-65-r1.dat,2,4,65,1
20190627/user2/user2-2-81-r1.dat,2,2,81,1
20190627/user2/user2-1-42-r3.dat,2,1,42,3
20190627/user2/user2-3-8-r6.dat,2,3,8,6
20190627/user2/user2-2-10-r5.dat,2,2,10,5
20190627/user2/user2-2-23-r1.dat,2,2,23,1
20190627/user2/user2-1-90-r4.dat,2,1,90,4
20190627/user2/user2-1-18-r1.dat,2,1,18,1
20190627/user2/user2-3-14-r3.dat,2,3,14,3
20190627/user2/user2-2-53-r4.dat,2,2,53,4
20190627/user2/user2-1-68-r3.dat,2,1,68,3
20190627/user2/user2-4-84-r4.dat,2,4,84,4
20190627/user2/user2-3-3-r5.dat,2,3,3,5
20190627/user2/user2-1-71-r6.dat,2,1,71,6
20190627/user2/user2-2-53-r6.dat,2,2,53,6
20190627/user2/user2-1-37-r3.dat,2,1,37,3
20190627/user2/user2-2-83-r6.dat,2,2,83,6
20190627/user2/user2-3-19-r1.dat,2,3,19,1
20190627/user2/user2-3-65-r3.dat,2,3,65,3
20190627/user2/user2-2-27-r5.dat,2,2,27,5
20190627/user2/user2-4-84-r2.dat,2,4,84,2
20190627/user2/user2-4-36-r3.dat,2,4,36,3
20190627/user2/user2-2-88-r3.dat,2,2,88,3
20190627/user2/user2-2-9-r2.dat,2,2,9,2
20190627/user2/user2-3-84-r3.dat,2,3,84,3
20190627/user2/user2-3-50-r3.dat,2,3,50,3
20190627/user2/user2-2-53-r2.dat,2,2,53,2
20190627/user2/user2-2-75-r3.dat,2,2,75,3
20190627/user2/user2-1-22-r3.dat,2,1,22,3
20190627/user2/user2-1-88-r1.dat,2,1,88,1
20190627/user2/user2-4-4-r1.dat,2,4,4,1
20190627/user2/user2-2-25-r2.dat,2,2,25,2
20190627/user2/user2-1-33-r6.dat,2,1,33,6
20190627/user2/user2-1-91-r2.dat,2,1,91,2
20190627/user2/user2-2-25-r4.dat,2,2,25,4
20190627/user2/user2-4-45-r5.dat,2,4,45,5
20190627/user2/user2-1-88-r4.dat,2,1,88,4
20190627/user2/user2-2-11-r6.dat,2,2,11,6
20190627/user2/user2-2-29-r4.dat,2,2,29,4
20190627/user2/user2-3-30-r6.dat,2,3,30,6
20190627/user2/user2-2-20-r4.dat,2,2,20,4
20190627/user2/user2-1-74-r1.dat,2,1,74,1
20190627/user2/user2-1-58-r4.dat,2,1,58,4
20190627/user2/user2-1-79-r3.dat,2,1,79,3
20190627/user2/user2-1-55-r5.dat,2,1,55,5
20190627/user2/user2-1-28-r2.dat,2,1,28,2
20190627/user2/user2-1-52-r3.dat,2,1,52,3
20190627/user2/user2-2-48-r4.dat,2,2,48,4
20190627/user2/user2-3-37-r5.dat,2,3,37,5
20190627/user2/user2-4-42-r3.dat,2,4,42,3
20190627/user2/user2-1-30-r2.dat,2,1,30,2
20190627/user2/user2-3-9-r1.dat,2,3,9,1
20190627/user2/user2-2-77-r6.dat,2,2,77,6
20190627/user2/user2-3-69-r1.dat,2,3,69,1
20190627/user2/user2-3-41-r1.dat,2,3,41,1
20190627/user2/user2-3-63-r5.dat,2,3,63,5
20190627/user2/user2-4-66-r3.dat,2,4,66,3
20190627/user2/user2-4-2-r1.dat,2,4,2,1
20190627/user2/user2-2-16-r4.dat,2,2,16,4
20190627/user2/user2-1-10-r1.dat,2,1,10,1
20190627/user2/user2-1-61-r6.dat,2,1,61,6
20190627/user2/user2-2-47-r4.dat,2,2,47,4
20190627/user2/user2-4-5-r6.dat,2,4,5,6
20190627/user2/user2-1-7-r5.dat,2,1,7,5
20190627/user2/user2-2-70-r6.dat,2,2,70,6
20190627/user2/user2-2-90-r4.dat,2,2,90,4
20190627/user2/user2-3-62-r2.dat,2,3,62,2
20190627/user2/user2-1-19-r5.dat,2,1,19,5
20190627/user2/user2-2-27-r6.dat,2,2,27,6
20190627/user2/user2-2-99-r1.dat,2,2,99,1
20190627/user2/user2-3-93-r6.dat,2,3,93,6
20190627/user2/user2-2-49-r3.dat,2,2,49,3
20190627/user2/user2-4-19-r4.dat,2,4,19,4
20190627/user2/user2-1-11-r3.dat,2,1,11,3
20190627/user2/user2-3-66-r3.dat,2,3,66,3
20190627/user2/user2-2-40-r1.dat,2,2,40,1
20190627/user2/user2-2-50-r1.dat,2,2,50,1
20190627/user2/user2-4-5-r1.dat,2,4,5,1
20190627/user2/user2-4-42-r2.dat,2,4,42,2
20190627/user2/user2-1-68-r6.dat,2,1,68,6
20190627/user2/user2-2-77-r3.dat,2,2,77,3
20190627/user2/user2-2-27-r2.dat,2,2,27,2
20190627/user2/user2-2-34-r5.dat,2,2,34,5
20190627/user2/user2-4-24-r3.dat,2,4,24,3
20190627/user2/user2-4-80-r3.dat,2,4,80,3
20190627/user2/user2-4-59-r2.dat,2,4,59,2
20190627/user2/user2-4-13-r3.dat,2,4,13,3
20190627/user2/user2-1-87-r1.dat,2,1,87,1
20190627/user2/user2-2-65-r6.dat,2,2,65,6
20190627/user2/user2-4-63-r6.dat,2,4,63,6
20190627/user2/user2-1-18-r5.dat,2,1,18,5
20190627/user2/user2-2-64-r5.dat,2,2,64,5
20190627/user2/user2-1-53-r6.dat,2,1,53,6
20190627/user2/user2-2-76-r2.dat,2,2,76,2
20190627/user2/user2-4-56-r5.dat,2,4,56,5
20190627/user2/user2-1-8-r5.dat,2,1,8,5
20190627/user2/user2-3-31-r6.dat,2,3,31,6
20190627/user2/user2-1-65-r4.dat,2,1,65,4
20190627/user2/user2-4-70-r2.dat,2,4,70,2
20190627/user2/user2-3-16-r3.dat,2,3,16,3
20190627/user2/user2-2-38-r5.dat,2,2,38,5
20190627/user2/user2-3-25-r6.dat,2,3,25,6
20190627/user2/user2-2-56-r3.dat,2,2,56,3
20190627/user2/user2-3-74-r5.dat,2,3,74,5
20190627/user2/user2-4-32-r5.dat,2,4,32,5
20190627/user2/user2-4-45-r3.dat,2,4,45,3
20190627/user2/user2-3-38-r3.dat,2,3,38,3
20190627/user2/user2-4-39-r4.dat,2,4,39,4
20190627/user2/user2-3-25-r1.dat,2,3,25,1
20190627/user2/user2-3-63-r3.dat,2,3,63,3
20190627/user2/user2-2-12-r5.dat,2,2,12,5
20190627/user2/user2-1-46-r3.dat,2,1,46,3
20190627/user2/user2-1-98-r2.dat,2,1,98,2
20190627/user2/user2-1-61-r3.dat,2,1,61,3
20190627/user2/user2-2-84-r5.dat,2,2,84,5
20190627/user2/user2-2-1-r4.dat,2,2,1,4
20190627/user2/user2-2-39-r3.dat,2,2,39,3
20190627/user2/user2-4-48-r6.dat,2,4,48,6
20190627/user2/user2-1-3-r3.dat,2,1,3,3
20190627/user2/user2-2-92-r5.dat,2,2,92,5
20190627/user2/user2-2-99-r5.dat,2,2,99,5
20190627/user2/user2-1-12-r2.dat,2,1,12,2
20190627/user2/user2-2-63-r1.dat,2,2,63,1
20190627/user2/user2-3-71-r3.dat,2,3,71,3
20190627/user2/user2-3-42-r4.dat,2,3,42,4
20190627/user2/user2-3-4-r6.dat,2,3,4,6
20190627/user2/user2-2-25-r1.dat,2,2,25,1
20190627/user2/user2-1-28-r5.dat,2,1,28,5
20190627/user2/user2-2-95-r6.dat,2,2,95,6
20190627/user2/user2-4-28-r5.dat,2,4,28,5
20190627/user2/user2-2-81-r2.dat,2,2,81,2
20190627/user2/user2-4-23-r6.dat,2,4,23,6
20190627/user2/user2-1-80-r2.dat,2,1,80,2
20190627/user2/user2-1-27-r3.dat,2,1,27,3
20190627/user2/user2-4-51-r5.dat,2,4,51,5
20190627/user2/user2-3-9-r3.dat,2,3,9,3
20190627/user2/user2-1-38-r2.dat,2,1,38,2
20190627/user2/user2-4-31-r4.dat,2,4,31,4
20190627/user2/user2-1-78-r4.dat,2,1,78,4
20190627/user2/user2-3-12-r4.dat,2,3,12,4
20190627/user2/user2-2-24-r6.dat,2,2,24,6
20190627/user2/user2-2-51-r5.dat,2,2,51,5
20190627/user2/user2-1-29-r2.dat,2,1,29,2
20190627/user2/user2-4-76-r6.dat,2,4,76,6
20190627/user2/user2-2-30-r1.dat,2,2,30,1
20190627/user2/user2-1-99-r2.dat,2,1,99,2
20190627/user2/user2-2-8-r4.dat,2,2,8,4
20190627/user2/user2-1-34-r6.dat,2,1,34,6
20190627/user2/user2-1-50-r6.dat,2,1,50,6
20190627/user2/user2-1-17-r4.dat,2,1,17,4
20190627/user2/user2-3-36-r1.dat,2,3,36,1
20190627/user2/user2-2-93-r5.dat,2,2,93,5
20190627/user2/user2-2-88-r6.dat,2,2,88,6
20190627/user2/user2-3-98-r5.dat,2,3,98,5
20190627/user2/user2-1-78-r5.dat,2,1,78,5
20190627/user2/user2-4-100-r6.dat,2,4,100,6
20190627/user2/user2-2-57-r2.dat,2,2,57,2
20190627/user2/user2-1-1-r2.dat,2,1,1,2
20190627/user2/user2-4-65-r4.dat,2,4,65,4
20190627/user2/user2-1-74-r2.dat,2,1,74,2
20190627/user2/user2-4-32-r2.dat,2,4,32,2
20190627/user2/user2-1-59-r1.dat,2,1,59,1
20190627/user2/user2-1-29-r4.dat,2,1,29,4
20190627/user2/user2-2-84-r4.dat,2,2,84,4
20190627/user2/user2-3-70-r6.dat,2,3,70,6
20190627/user2/user2-3-44-r3.dat,2,3,44,3
20190627/user2/user2-2-12-r6.dat,2,2,12,6
20190627/user2/user2-1-63-r3.dat,2,1,63,3
20190627/user2/user2-4-98-r1.dat,2,4,98,1
20190627/user2/user2-4-94-r3.dat,2,4,94,3
20190627/user2/user2-3-96-r3.dat,2,3,96,3
20190627/user2/user2-2-93-r2.dat,2,2,93,2
20190627/user2/user2-1-34-r2.dat,2,1,34,2
20190627/user2/user2-3-7-r5.dat,2,3,7,5
20190627/user2/user2-3-77-r5.dat,2,3,77,5
20190627/user2/user2-1-78-r3.dat,2,1,78,3
20190627/user2/user2-1-50-r1.dat,2,1,50,1
20190627/user2/user2-2-65-r4.dat,2,2,65,4
20190627/user2/user2-3-61-r3.dat,2,3,61,3
20190627/user2/user2-3-31-r1.dat,2,3,31,1
20190627/user2/user2-3-41-r4.dat,2,3,41,4
20190627/user2/user2-4-17-r6.dat,2,4,17,6
20190627/user2/user2-4-12-r3.dat,2,4,12,3
20190627/user2/user2-2-68-r5.dat,2,2,68,5
20190627/user2/user2-3-63-r6.dat,2,3,63,6
20190627/user2/user2-3-81-r3.dat,2,3,81,3
20190627/user2/user2-4-50-r3.dat,2,4,50,3
20190627/user2/user2-4-3-r6.dat,2,4,3,6
20190627/user2/user2-1-33-r5.dat,2,1,33,5
20190627/user2/user2-2-31-r4.dat,2,2,31,4
20190627/user2/user2-4-89-r2.dat,2,4,89,2
20190627/user2/user2-4-84-r5.dat,2,4,84,5
20190627/user2/user2-3-33-r2.dat,2,3,33,2
20190627/user2/user2-1-84-r1.dat,2,1,84,1
20190627/user2/user2-2-93-r1.dat,2,2,93,1
20190627/user2/user2-3-87-r2.dat,2,3,87,2
20190627/user2/user2-4-67-r4.dat,2,4,67,4
20190627/user2/user2-1-95-r6.dat,2,1,95,6
20190627/user2/user2-1-13-r2.dat,2,1,13,2
20190627/user2/user2-3-93-r4.dat,2,3,93,4
20190627/user2/user2-2-59-r4.dat,2,2,59,4
20190627/user2/user2-3-84-r4.dat,2,3,84,4
20190627/user2/user2-1-7-r2.dat,2,1,7,2
20190627/user2/user2-3-51-r2.dat,2,3,51,2
20190627/user2/user2-2-94-r5.dat,2,2,94,5
20190627/user2/user2-4-82-r4.dat,2,4,82,4
20190627/user2/user2-4-12-r4.dat,2,4,12,4
20190627/user2/user2-3-28-r4.dat,2,3,28,4
20190627/user2/user2-1-25-r2.dat,2,1,25,2
20190627/user2/user2-2-58-r2.dat,2,2,58,2
20190627/user2/user2-3-36-r3.dat,2,3,36,3
20190627/user2/user2-1-43-r5.dat,2,1,43,5
20190627/user2/user2-1-23-r4.dat,2,1,23,4
20190627/user2/user2-2-92-r4.dat,2,2,92,4
20190627/user2/user2-3-76-r2.dat,2,3,76,2
20190627/user2/user2-4-21-r4.dat,2,4,21,4
20190627/user2/user2-1-99-r3.dat,2,1,99,3
20190627/user2/user2-1-51-r5.dat,2,1,51,5
20190627/user2/user2-1-96-r6.dat,2,1,96,6
20190627/user2/user2-2-74-r3.dat,2,2,74,3
20190627/user2/user2-4-2-r5.dat,2,4,2,5
20190627/user2/user2-4-55-r4.dat,2,4,55,4
20190627/user2/user2-3-82-r4.dat,2,3,82,4
20190627/user2/user2-1-68-r2.dat,2,1,68,2
20190627/user2/user2-1-43-r6.dat,2,1,43,6
20190627/user2/user2-4-70-r1.dat,2,4,70,1
20190627/user2/user2-3-34-r3.dat,2,3,34,3
20190627/user2/user2-3-61-r6.dat,2,3,61,6
20190627/user2/user2-4-65-r2.dat,2,4,65,2
20190627/user2/user2-3-56-r3.dat,2,3,56,3
20190627/user2/user2-3-45-r3.dat,2,3,45,3
20190627/user2/user2-1-10-r2.dat,2,1,10,2
20190627/user2/user2-4-24-r5.dat,2,4,24,5
20190627/user2/user2-4-85-r1.dat,2,4,85,1
20190627/user2/user2-4-41-r3.dat,2,4,41,3
20190627/user2/user2-2-91-r1.dat,2,2,91,1
20190627/user2/user2-4-90-r2.dat,2,4,90,2
20190627/user2/user2-3-80-r3.dat,2,3,80,3
20190627/user2/user2-2-18-r6.dat,2,2,18,6
20190627/user2/user2-1-6-r6.dat,2,1,6,6
20190627/user2/user2-4-87-r4.dat,2,4,87,4
20190627/user2/user2-3-60-r5.dat,2,3,60,5
20190627/user2/user2-2-68-r4.dat,2,2,68,4
20190627/user2/user2-4-57-r4.dat,2,4,57,4
20190627/user2/user2-1-2-r2.dat,2,1,2,2
20190627/user2/user2-3-52-r4.dat,2,3,52,4
20190627/user2/user2-2-94-r1.dat,2,2,94,1
20190627/user2/user2-3-60-r6.dat,2,3,60,6
20190627/user2/user2-4-15-r3.dat,2,4,15,3
20190627/user2/user2-4-92-r2.dat,2,4,92,2
20190627/user2/user2-2-40-r5.dat,2,2,40,5
20190627/user2/user2-3-30-r2.dat,2,3,30,2
20190627/user2/user2-4-49-r2.dat,2,4,49,2
20190627/user2/user2-1-39-r1.dat,2,1,39,1
20190627/user2/user2-2-91-r5.dat,2,2,91,5
20190627/user2/user2-2-41-r3.dat,2,2,41,3
20190627/user2/user2-1-46-r5.dat,2,1,46,5
20190627/user2/user2-2-54-r3.dat,2,2,54,3
20190627/user2/user2-3-44-r4.dat,2,3,44,4
20190627/user2/user2-4-98-r4.dat,2,4,98,4
20190627/user2/user2-2-57-r4.dat,2,2,57,4
20190627/user2/user2-3-23-r2.dat,2,3,23,2
20190627/user2/user2-2-10-r3.dat,2,2,10,3
20190627/user2/user2-4-9-r1.dat,2,4,9,1
20190627/user2/user2-1-88-r5.dat,2,1,88,5
20190627/user2/user2-4-22-r6.dat,2,4,22,6
20190627/user2/user2-3-91-r5.dat,2,3,91,5
20190627/user2/user2-4-75-r2.dat,2,4,75,2
20190627/user2/user2-4-18-r4.dat,2,4,18,4
20190627/user2/user2-4-27-r5.dat,2,4,27,5
20190627/user2/user2-1-54-r2.dat,2,1,54,2
20190627/user2/user2-1-1-r3.dat,2,1,1,3
20190627/user2/user2-3-32-r2.dat,2,3,32,2
20190627/user2/user2-2-87-r3.dat,2,2,87,3
20190627/user2/user2-4-37-r6.dat,2,4,37,6
20190627/user2/user2-1-93-r3.dat,2,1,93,3
20190627/user2/user2-2-76-r3.dat,2,2,76,3
20190627/user2/user2-3-58-r5.dat,2,3,58,5
20190627/user2/user2-2-90-r2.dat,2,2,90,2
20190627/user2/user2-1-70-r5.dat,2,1,70,5
20190627/user2/user2-1-22-r6.dat,2,1,22,6
20190627/user2/user2-3-72-r1.dat,2,3,72,1
20190627/user2/user2-3-74-r3.dat,2,3,74,3
20190627/user2/user2-2-49-r6.dat,2,2,49,6
20190627/user2/user2-2-3-r4.dat,2,2,3,4
20190627/user2/user2-4-84-r3.dat,2,4,84,3
20190627/user2/user2-2-60-r6.dat,2,2,60,6
20190627/user2/user2-1-74-r5.dat,2,1,74,5
20190627/user2/user2-4-19-r6.dat,2,4,19,6
20190627/user2/user2-4-59-r3.dat,2,4,59,3
20190627/user2/user2-3-55-r1.dat,2,3,55,1
20190627/user2/user2-4-65-r6.dat,2,4,65,6
20190627/user2/user2-3-50-r6.dat,2,3,50,6
20190627/user2/user2-2-56-r5.dat,2,2,56,5
20190627/user2/user2-3-33-r6.dat,2,3,33,6
20190627/user2/user2-4-46-r3.dat,2,4,46,3
20190627/user2/user2-3-32-r5.dat,2,3,32,5
20190627/user2/user2-4-58-r4.dat,2,4,58,4
20190627/user2/user2-3-100-r4.dat,2,3,100,4
20190627/user2/user2-3-69-r2.dat,2,3,69,2
20190627/user2/user2-1-63-r5.dat,2,1,63,5
20190627/user2/user2-3-71-r5.dat,2,3,71,5
20190627/user2/user2-4-72-r2.dat,2,4,72,2
20190627/user2/user2-3-82-r5.dat,2,3,82,5
20190627/user2/user2-4-83-r3.dat,2,4,83,3
20190627/user2/user2-4-98-r5.dat,2,4,98,5
20190627/user2/user2-2-90-r1.dat,2,2,90,1
20190627/user2/user2-2-98-r4.dat,2,2,98,4
20190627/user2/user2-4-79-r3.dat,2,4,79,3
20190627/user2/user2-3-90-r1.dat,2,3,90,1
20190627/user2/user2-2-32-r4.dat,2,2,32,4
20190627/user2/user2-3-1-r4.dat,2,3,1,4
20190627/user2/user2-2-12-r4.dat,2,2,12,4
20190627/user2/user2-2-34-r2.dat,2,2,34,2
20190627/user2/user2-2-11-r3.dat,2,2,11,3
20190627/user2/user2-4-42-r4.dat,2,4,42,4
20190627/user2/user2-4-58-r1.dat,2,4,58,1
20190627/user2/user2-3-39-r2.dat,2,3,39,2
20190627/user2/user2-4-82-r5.dat,2,4,82,5
20190627/user2/user2-4-82-r2.dat,2,4,82,2
20190627/user2/user2-3-43-r3.dat,2,3,43,3
20190627/user2/user2-4-90-r3.dat,2,4,90,3
20190627/user2/user2-1-81-r1.dat,2,1,81,1
20190627/user2/user2-2-33-r4.dat,2,2,33,4
20190627/user2/user2-2-97-r4.dat,2,2,97,4
20190627/user2/user2-4-46-r5.dat,2,4,46,5
20190627/user2/user2-4-76-r5.dat,2,4,76,5
20190627/user2/user2-2-61-r2.dat,2,2,61,2
20190627/user2/user2-3-29-r4.dat,2,3,29,4
20190627/user2/user2-3-93-r2.dat,2,3,93,2
20190627/user2/user2-1-43-r2.dat,2,1,43,2
20190627/user2/user2-1-32-r5.dat,2,1,32,5
20190627/user2/user2-4-74-r5.dat,2,4,74,5
20190627/user2/user2-1-33-r4.dat,2,1,33,4
20190627/user2/user2-3-10-r4.dat,2,3,10,4
20190627/user2/user2-1-39-r5.dat,2,1,39,5
20190627/user2/user2-4-70-r3.dat,2,4,70,3
20190627/user2/user2-2-87-r6.dat,2,2,87,6
20190627/user2/user2-3-47-r5.dat,2,3,47,5
20190627/user2/user2-1-37-r4.dat,2,1,37,4
20190627/user2/user2-2-43-r4.dat,2,2,43,4
20190627/user2/user2-1-76-r2.dat,2,1,76,2
20190627/user2/user2-1-18-r6.dat,2,1,18,6
20190627/user2/user2-1-31-r3.dat,2,1,31,3
20190627/user2/user2-4-13-r5.dat,2,4,13,5
20190627/user2/user2-1-84-r2.dat,2,1,84,2
20190627/user2/user2-2-15-r3.dat,2,2,15,3
20190627/user2/user2-1-54-r5.dat,2,1,54,5
20190627/user2/user2-3-90-r4.dat,2,3,90,4
20190627/user2/user2-1-49-r5.dat,2,1,49,5
20190627/user2/user2-4-7-r1.dat,2,4,7,1
20190627/user2/user2-4-99-r3.dat,2,4,99,3
20190627/user2/user2-3-17-r5.dat,2,3,17,5
20190627/user2/user2-4-26-r2.dat,2,4,26,2
20190627/user2/user2-1-52-r5.dat,2,1,52,5
20190627/user2/user2-2-28-r1.dat,2,2,28,1
20190627/user2/user2-4-20-r5.dat,2,4,20,5
20190627/user2/user2-3-54-r5.dat,2,3,54,5
20190627/user2/user2-1-17-r6.dat,2,1,17,6
20190627/user2/user2-4-84-r1.dat,2,4,84,1
20190627/user2/user2-3-99-r3.dat,2,3,99,3
20190627/user2/user2-4-55-r6.dat,2,4,55,6
20190627/user2/user2-2-71-r3.dat,2,2,71,3
20190627/user2/user2-3-42-r3.dat,2,3,42,3
20190627/user2/user2-3-95-r1.dat,2,3,95,1
20190627/user2/user2-4-58-r5.dat,2,4,58,5
20190627/user2/user2-3-34-r6.dat,2,3,34,6
20190627/user2/user2-2-79-r6.dat,2,2,79,6
20190627/user2/user2-2-46-r2.dat,2,2,46,2
20190627/user2/user2-2-4-r3.dat,2,2,4,3
20190627/user2/user2-3-40-r3.dat,2,3,40,3
20190627/user2/user2-2-82-r5.dat,2,2,82,5
20190627/user2/user2-3-99-r2.dat,2,3,99,2
20190627/user2/user2-2-17-r5.dat,2,2,17,5
20190627/user2/user2-1-79-r6.dat,2,1,79,6
20190627/user2/user2-4-22-r4.dat,2,4,22,4
20190627/user2/user2-2-51-r4.dat,2,2,51,4
20190627/user2/user2-2-94-r6.dat,2,2,94,6
20190627/user2/user2-3-28-r1.dat,2,3,28,1
20190627/user2/user2-1-48-r5.dat,2,1,48,5
20190627/user2/user2-1-81-r5.dat,2,1,81,5
20190627/user2/user2-4-49-r5.dat,2,4,49,5
20190627/user2/user2-4-2-r4.dat,2,4,2,4
20190627/user2/user2-4-67-r6.dat,2,4,67,6
20190627/user2/user2-2-92-r3.dat,2,2,92,3
20190627/user2/user2-4-1-r1.dat,2,4,1,1
20190627/user2/user2-1-53-r1.dat,2,1,53,1
20190627/user2/user2-3-59-r3.dat,2,3,59,3
20190627/user2/user2-3-2-r4.dat,2,3,2,4
20190627/user2/user2-2-88-r2.dat,2,2,88,2
20190627/user2/user2-1-89-r2.dat,2,1,89,2
20190627/user2/user2-2-85-r6.dat,2,2,85,6
20190627/user2/user2-4-81-r6.dat,2,4,81,6
20190627/user2/user2-1-56-r3.dat,2,1,56,3
20190627/user2/user2-2-14-r1.dat,2,2,14,1
20190627/user2/user2-3-35-r3.dat,2,3,35,3
20190627/user2/user2-4-56-r3.dat,2,4,56,3
20190627/user2/user2-3-88-r2.dat,2,3,88,2
20190627/user2/user2-4-43-r1.dat,2,4,43,1
20190627/user2/user2-1-70-r6.dat,2,1,70,6
20190627/user2/user2-3-31-r2.dat,2,3,31,2
20190627/user2/user2-4-31-r5.dat,2,4,31,5
20190627/user2/user2-2-63-r4.dat,2,2,63,4
20190627/user2/user2-2-33-r3.dat,2,2,33,3
20190627/user2/user2-3-72-r2.dat,2,3,72,2
20190627/user2/user2-1-48-r2.dat,2,1,48,2
20190627/user2/user2-4-19-r1.dat,2,4,19,1
20190627/user2/user2-1-35-r3.dat,2,1,35,3
20190627/user2/user2-1-69-r2.dat,2,1,69,2
20190627/user2/user2-1-99-r5.dat,2,1,99,5
20190627/user2/user2-4-22-r5.dat,2,4,22,5
20190627/user2/user2-2-46-r4.dat,2,2,46,4
20190627/user2/user2-2-11-r2.dat,2,2,11,2
20190627/user2/user2-4-1-r3.dat,2,4,1,3
20190627/user2/user2-4-6-r3.dat,2,4,6,3
20190627/user2/user2-4-23-r5.dat,2,4,23,5
20190627/user2/user2-4-18-r5.dat,2,4,18,5
20190627/user2/user2-3-77-r6.dat,2,3,77,6
20190627/user2/user2-3-92-r4.dat,2,3,92,4
20190627/user2/user2-2-54-r5.dat,2,2,54,5
20190627/user2/user2-3-74-r2.dat,2,3,74,2
20190627/user2/user2-3-18-r5.dat,2,3,18,5
20190627/user2/user2-4-45-r6.dat,2,4,45,6
20190627/user2/user2-3-82-r6.dat,2,3,82,6
20190627/user2/user2-3-83-r2.dat,2,3,83,2
20190627/user2/user2-1-16-r2.dat,2,1,16,2
20190627/user2/user2-1-64-r6.dat,2,1,64,6
20190627/user2/user2-3-43-r2.dat,2,3,43,2
20190627/user2/user2-3-47-r4.dat,2,3,47,4
20190627/user2/user2-3-62-r4.dat,2,3,62,4
20190627/user2/user2-2-90-r5.dat,2,2,90,5
20190627/user2/user2-1-26-r6.dat,2,1,26,6
20190627/user2/user2-1-18-r3.dat,2,1,18,3
20190627/user2/user2-3-86-r1.dat,2,3,86,1
20190627/user2/user2-3-73-r2.dat,2,3,73,2
20190627/user2/user2-3-10-r5.dat,2,3,10,5
20190627/user2/user2-1-95-r3.dat,2,1,95,3
20190627/user2/user2-4-10-r3.dat,2,4,10,3
20190627/user2/user2-4-76-r1.dat,2,4,76,1
20190627/user2/user2-3-55-r5.dat,2,3,55,5
20190627/user2/user2-4-58-r2.dat,2,4,58,2
20190627/user2/user2-2-82-r2.dat,2,2,82,2
20190627/user2/user2-2-5-r2.dat,2,2,5,2
20190627/user2/user2-1-81-r4.dat,2,1,81,4
20190627/user2/user2-2-94-r3.dat,2,2,94,3
20190627/user2/user2-4-72-r4.dat,2,4,72,4
20190627/user2/user2-2-28-r3.dat,2,2,28,3
20190627/user2/user2-2-34-r4.dat,2,2,34,4
20190627/user2/user2-1-22-r2.dat,2,1,22,2
20190627/user2/user2-4-100-r3.dat,2,4,100,3
20190627/user2/user2-4-50-r6.dat,2,4,50,6
20190627/user2/user2-3-42-r5.dat,2,3,42,5
20190627/user2/user2-2-31-r3.dat,2,2,31,3
20190627/user2/user2-3-26-r1.dat,2,3,26,1
20190627/user2/user2-2-6-r3.dat,2,2,6,3
20190627/user2/user2-2-50-r3.dat,2,2,50,3
20190627/user2/user2-3-3-r4.dat,2,3,3,4
20190627/user2/user2-1-30-r6.dat,2,1,30,6
20190627/user2/user2-4-21-r3.dat,2,4,21,3
20190627/user2/user2-1-44-r5.dat,2,1,44,5
20190627/user2/user2-2-27-r3.dat,2,2,27,3
20190627/user2/user2-3-96-r1.dat,2,3,96,1
20190627/user2/user2-1-30-r5.dat,2,1,30,5
20190627/user2/user2-1-1-r4.dat,2,1,1,4
20190627/user2/user2-2-40-r6.dat,2,2,40,6
20190627/user2/user2-1-21-r3.dat,2,1,21,3
20190627/user2/user2-3-4-r5.dat,2,3,4,5
20190627/user2/user2-4-73-r2.dat,2,4,73,2
20190627/user2/user2-3-37-r2.dat,2,3,37,2
20190627/user2/user2-1-42-r5.dat,2,1,42,5
20190627/user2/user2-4-51-r6.dat,2,4,51,6
20190627/user2/user2-1-73-r3.dat,2,1,73,3
20190627/user2/user2-1-14-r6.dat,2,1,14,6
20190627/user2/user2-4-4-r3.dat,2,4,4,3
20190627/user2/user2-1-14-r5.dat,2,1,14,5
20190627/user2/user2-4-12-r5.dat,2,4,12,5
20190627/user2/user2-1-92-r4.dat,2,1,92,4
20190627/user2/user2-2-1-r5.dat,2,2,1,5
20190627/user2/user2-1-20-r2.dat,2,1,20,2
20190627/user2/user2-4-5-r5.dat,2,4,5,5
20190627/user2/user2-1-95-r4.dat,2,1,95,4
20190627/user2/user2-2-85-r4.dat,2,2,85,4
20190627/user2/user2-3-3-r3.dat,2,3,3,3
20190627/user2/user2-1-38-r1.dat,2,1,38,1
20190627/user2/user2-2-92-r6.dat,2,2,92,6
20190627/user2/user2-1-38-r5.dat,2,1,38,5
20190627/user2/user2-4-89-r6.dat,2,4,89,6
20190627/user2/user2-3-77-r3.dat,2,3,77,3
20190627/user2/user2-3-53-r1.dat,2,3,53,1
20190627/user2/user2-4-49-r1.dat,2,4,49,1
20190627/user2/user2-1-33-r1.dat,2,1,33,1
20190627/user2/user2-3-86-r5.dat,2,3,86,5
20190627/user2/user2-4-30-r3.dat,2,4,30,3
20190627/user2/user2-4-37-r3.dat,2,4,37,3
20190627/user2/user2-1-63-r4.dat,2,1,63,4
20190627/user2/user2-2-78-r4.dat,2,2,78,4
20190627/user2/user2-2-45-r3.dat,2,2,45,3
20190627/user2/user2-3-27-r2.dat,2,3,27,2
20190627/user2/user2-4-72-r5.dat,2,4,72,5
20190627/user2/user2-4-80-r6.dat,2,4,80,6
20190627/user2/user2-3-45-r6.dat,2,3,45,6
20190627/user2/user2-1-32-r6.dat,2,1,32,6
20190627/user2/user2-4-81-r5.dat,2,4,81,5
20190627/user2/user2-3-46-r5.dat,2,3,46,5
20190627/user2/user2-1-67-r5.dat,2,1,67,5
20190627/user2/user2-2-62-r5.dat,2,2,62,5
20190627/user2/user2-1-100-r2.dat,2,1,100,2
20190627/user2/user2-2-90-r6.dat,2,2,90,6
20190627/user2/user2-3-33-r1.dat,2,3,33,1
20190627/user2/user2-3-78-r3.dat,2,3,78,3
20190627/user2/user2-4-95-r3.dat,2,4,95,3
20190627/user2/user2-2-64-r1.dat,2,2,64,1
20190627/user2/user2-2-13-r4.dat,2,2,13,4
20190627/user2/user2-4-88-r5.dat,2,4,88,5
20190627/user2/user2-3-61-r5.dat,2,3,61,5
20190627/user2/user2-3-68-r2.dat,2,3,68,2
20190627/user2/user2-1-95-r1.dat,2,1,95,1
20190627/user2/user2-4-17-r5.dat,2,4,17,5
20190627/user2/user2-4-46-r6.dat,2,4,46,6
20190627/user2/user2-2-64-r3.dat,2,2,64,3
20190627/user2/user2-4-16-r4.dat,2,4,16,4
20190627/user2/user2-3-93-r3.dat,2,3,93,3
20190627/user2/user2-4-30-r5.dat,2,4,30,5
20190627/user2/user2-2-15-r4.dat,2,2,15,4
20190627/user2/user2-1-80-r1.dat,2,1,80,1
20190627/user2/user2-3-39-r4.dat,2,3,39,4
20190627/user2/user2-3-43-r5.dat,2,3,43,5
20190627/user2/user2-3-91-r4.dat,2,3,91,4
20190627/user2/user2-1-8-r4.dat,2,1,8,4
20190627/user2/user2-3-58-r2.dat,2,3,58,2
20190627/user2/user2-1-58-r1.dat,2,1,58,1
20190627/user2/user2-3-26-r2.dat,2,3,26,2
20190627/user2/user2-4-78-r2.dat,2,4,78,2
20190627/user2/user2-2-24-r4.dat,2,2,24,4
20190627/user2/user2-3-72-r5.dat,2,3,72,5
20190627/user2/user2-2-36-r4.dat,2,2,36,4
20190627/user2/user2-2-22-r5.dat,2,2,22,5
20190627/user2/user2-2-32-r1.dat,2,2,32,1
20190627/user2/user2-3-71-r2.dat,2,3,71,2
20190627/user2/user2-3-83-r4.dat,2,3,83,4
20190627/user2/user2-2-85-r1.dat,2,2,85,1
20190627/user2/user2-4-86-r4.dat,2,4,86,4
20190627/user2/user2-2-14-r3.dat,2,2,14,3
20190627/user2/user2-2-87-r1.dat,2,2,87,1
20190627/user2/user2-3-22-r6.dat,2,3,22,6
20190627/user2/user2-4-33-r6.dat,2,4,33,6
20190627/user2/user2-4-75-r1.dat,2,4,75,1
20190627/user2/user2-4-96-r6.dat,2,4,96,6
20190627/user2/user2-3-69-r5.dat,2,3,69,5
20190627/user2/user2-2-89-r2.dat,2,2,89,2
20190627/user2/user2-2-60-r4.dat,2,2,60,4
20190627/user2/user2-1-97-r1.dat,2,1,97,1
20190627/user2/user2-2-25-r5.dat,2,2,25,5
20190627/user2/user2-4-35-r1.dat,2,4,35,1
20190627/user2/user2-3-65-r1.dat,2,3,65,1
20190627/user2/user2-3-57-r3.dat,2,3,57,3
20190627/user2/user2-2-86-r3.dat,2,2,86,3
20190627/user2/user2-3-24-r2.dat,2,3,24,2
20190627/user2/user2-1-67-r4.dat,2,1,67,4
20190627/user2/user2-4-43-r5.dat,2,4,43,5
20190627/user2/user2-3-91-r1.dat,2,3,91,1
20190627/user2/user2-2-78-r2.dat,2,2,78,2
20190627/user2/user2-4-54-r2.dat,2,4,54,2
20190627/user2/user2-4-48-r1.dat,2,4,48,1
20190627/user2/user2-2-18-r3.dat,2,2,18,3
20190627/user2/user2-4-36-r4.dat,2,4,36,4
20190627/user2/user2-1-36-r4.dat,2,1,36,4
20190627/user2/user2-4-82-r6.dat,2,4,82,6
20190627/user2/user2-1-48-r3.dat,2,1,48,3
20190627/user2/user2-1-10-r6.dat,2,1,10,6
20190627/user2/user2-1-24-r4.dat,2,1,24,4
20190627/user2/user2-4-90-r4.dat,2,4,90,4
20190627/user2/user2-3-18-r1.dat,2,3,18,1
20190627/user2/user2-1-11-r4.dat,2,1,11,4
20190627/user2/user2-4-49-r6.dat,2,4,49,6
20190627/user2/user2-1-27-r5.dat,2,1,27,5
20190627/user2/user2-3-51-r6.dat,2,3,51,6
20190627/user2/user2-2-89-r5.dat,2,2,89,5
20190627/user2/user2-1-14-r4.dat,2,1,14,4
20190627/user2/user2-1-24-r6.dat,2,1,24,6
20190627/user2/user2-1-84-r5.dat,2,1,84,5
20190627/user2/user2-1-21-r6.dat,2,1,21,6
20190627/user2/user2-1-98-r4.dat,2,1,98,4
20190627/user2/user2-2-76-r6.dat,2,2,76,6
20190627/user2/user2-2-58-r3.dat,2,2,58,3
20190627/user2/user2-4-34-r2.dat,2,4,34,2
20190627/user2/user2-3-21-r3.dat,2,3,21,3
20190627/user2/user2-3-13-r2.dat,2,3,13,2
20190627/user2/user2-2-54-r6.dat,2,2,54,6
20190627/user2/user2-2-9-r4.dat,2,2,9,4
20190627/user2/user2-2-97-r1.dat,2,2,97,1
20190627/user2/user2-3-89-r2.dat,2,3,89,2
20190627/user2/user2-2-5-r4.dat,2,2,5,4
20190627/user2/user2-3-64-r4.dat,2,3,64,4
20190627/user2/user2-2-44-r6.dat,2,2,44,6
20190627/user2/user2-4-53-r2.dat,2,4,53,2
20190627/user2/user2-4-48-r4.dat,2,4,48,4
20190627/user2/user2-2-16-r3.dat,2,2,16,3
20190627/user2/user2-1-70-r4.dat,2,1,70,4
20190627/user2/user2-2-4-r4.dat,2,2,4,4
20190627/user2/user2-4-73-r4.dat,2,4,73,4
20190627/user2/user2-4-5-r4.dat,2,4,5,4
20190627/user2/user2-4-60-r2.dat,2,4,60,2
20190627/user2/user2-1-9-r5.dat,2,1,9,5
20190627/user2/user2-1-21-r2.dat,2,1,21,2
20190627/user2/user2-3-55-r3.dat,2,3,55,3
20190627/user2/user2-3-51-r3.dat,2,3,51,3
20190627/user2/user2-2-42-r4.dat,2,2,42,4
20190627/user2/user2-1-25-r5.dat,2,1,25,5
20190627/user2/user2-1-86-r3.dat,2,1,86,3
20190627/user2/user2-4-47-r3.dat,2,4,47,3
20190627/user2/user2-4-81-r3.dat,2,4,81,3
20190627/user2/user2-2-48-r6.dat,2,2,48,6
20190627/user2/user2-4-26-r6.dat,2,4,26,6
20190627/user2/user2-2-52-r1.dat,2,2,52,1
20190627/user2/user2-1-83-r1.dat,2,1,83,1
20190627/user2/user2-1-70-r1.dat,2,1,70,1
20190627/user2/user2-2-69-r4.dat,2,2,69,4
20190627/user2/user2-2-15-r6.dat,2,2,15,6
20190627/user2/user2-2-25-r3.dat,2,2,25,3
20190627/user2/user2-2-19-r2.dat,2,2,19,2
20190627/user2/user2-2-15-r2.dat,2,2,15,2
20190627/user2/user2-3-28-r3.dat,2,3,28,3
20190627/user2/user2-3-16-r6.dat,2,3,16,6
20190627/user2/user2-4-12-r6.dat,2,4,12,6
20190627/user2/user2-3-8-r4.dat,2,3,8,4
20190627/user2/user2-1-60-r6.dat,2,1,60,6
20190627/user2/user2-1-66-r2.dat,2,1,66,2
20190627/user2/user2-3-49-r5.dat,2,3,49,5
20190627/user2/user2-2-55-r5.dat,2,2,55,5
20190627/user2/user2-1-55-r4.dat,2,1,55,4
20190627/user2/user2-1-46-r2.dat,2,1,46,2
20190627/user2/user2-1-39-r4.dat,2,1,39,4
20190627/user2/user2-1-50-r4.dat,2,1,50,4
20190627/user2/user2-3-89-r5.dat,2,3,89,5
20190627/user2/user2-2-95-r2.dat,2,2,95,2
20190627/user2/user2-2-95-r3.dat,2,2,95,3
20190627/user2/user2-2-46-r5.dat,2,2,46,5
20190627/user2/user2-1-9-r4.dat,2,1,9,4
20190627/user2/user2-4-11-r1.dat,2,4,11,1
20190627/user2/user2-4-51-r3.dat,2,4,51,3
20190627/user2/user2-4-87-r5.dat,2,4,87,5
20190627/user2/user2-4-63-r3.dat,2,4,63,3
20190627/user2/user2-4-69-r2.dat,2,4,69,2
20190627/user2/user2-4-78-r4.dat,2,4,78,4
20190627/user2/user2-4-67-r1.dat,2,4,67,1
20190627/user2/user2-3-80-r5.dat,2,3,80,5
20190627/user2/user2-2-22-r2.dat,2,2,22,2
20190627/user2/user2-4-69-r6.dat,2,4,69,6
20190627/user2/user2-2-41-r4.dat,2,2,41,4
20190627/user2/user2-1-52-r4.dat,2,1,52,4
20190627/user2/user2-4-60-r1.dat,2,4,60,1
20190627/user2/user2-3-34-r1.dat,2,3,34,1
20190627/user2/user2-4-35-r2.dat,2,4,35,2
20190627/user2/user2-3-64-r6.dat,2,3,64,6
20190627/user2/user2-2-41-r2.dat,2,2,41,2
20190627/user2/user2-2-21-r5.dat,2,2,21,5
20190627/user2/user2-2-9-r3.dat,2,2,9,3
20190627/user2/user2-4-97-r3.dat,2,4,97,3
20190627/user2/user2-3-18-r2.dat,2,3,18,2
20190627/user2/user2-3-54-r2.dat,2,3,54,2
20190627/user2/user2-4-91-r2.dat,2,4,91,2
20190627/user2/user2-3-79-r5.dat,2,3,79,5
20190627/user2/user2-4-100-r5.dat,2,4,100,5
20190627/user2/user2-1-23-r1.dat,2,1,23,1
20190627/user2/user2-4-25-r6.dat,2,4,25,6
20190627/user2/user2-1-91-r3.dat,2,1,91,3
20190627/user2/user2-3-17-r6.dat,2,3,17,6
20190627/user2/user2-4-66-r2.dat,2,4,66,2
20190627/user2/user2-2-53-r3.dat,2,2,53,3
20190627/user2/user2-1-42-r1.dat,2,1,42,1
20190627/user2/user2-3-47-r6.dat,2,3,47,6
20190627/user2/user2-3-56-r1.dat,2,3,56,1
20190627/user2/user2-3-48-r2.dat,2,3,48,2
20190627/user2/user2-2-100-r3.dat,2,2,100,3
20190627/user2/user2-2-40-r2.dat,2,2,40,2
20190627/user2/user2-4-37-r1.dat,2,4,37,1
20190627/user2/user2-1-20-r5.dat,2,1,20,5
20190627/user2/user2-4-83-r4.dat,2,4,83,4
20190627/user2/user2-4-11-r5.dat,2,4,11,5
20190627/user2/user2-2-26-r6.dat,2,2,26,6
20190627/user2/user2-4-3-r2.dat,2,4,3,2
20190627/user2/user2-2-23-r3.dat,2,2,23,3
20190627/user2/user2-2-45-r6.dat,2,2,45,6
20190627/user2/user2-3-16-r1.dat,2,3,16,1
20190627/user2/user2-2-72-r1.dat,2,2,72,1
20190627/user2/user2-2-78-r1.dat,2,2,78,1
20190627/user2/user2-1-35-r1.dat,2,1,35,1
20190627/user2/user2-4-53-r4.dat,2,4,53,4
20190627/user2/user2-1-100-r5.dat,2,1,100,5
20190627/user2/user2-1-33-r2.dat,2,1,33,2
20190627/user2/user2-1-38-r6.dat,2,1,38,6
20190627/user2/user2-2-68-r6.dat,2,2,68,6
20190627/user2/user2-3-17-r4.dat,2,3,17,4
20190627/user2/user2-3-24-r1.dat,2,3,24,1
20190627/user2/user2-1-45-r6.dat,2,1,45,6
20190627/user2/user2-4-55-r2.dat,2,4,55,2
20190627/user2/user2-1-46-r1.dat,2,1,46,1
20190627/user2/user2-1-20-r1.dat,2,1,20,1
20190627/user2/user2-3-20-r4.dat,2,3,20,4
20190627/user2/user2-3-36-r2.dat,2,3,36,2
20190627/user2/user2-4-61-r6.dat,2,4,61,6
20190627/user2/user2-1-45-r4.dat,2,1,45,4
20190627/user2/user2-4-30-r4.dat,2,4,30,4
20190627/user2/user2-4-42-r5.dat,2,4,42,5
20190627/user2/user2-3-73-r6.dat,2,3,73,6
20190627/user2/user2-3-29-r1.dat,2,3,29,1
20190627/user2/user2-2-25-r6.dat,2,2,25,6
20190627/user2/user2-3-91-r2.dat,2,3,91,2
20190627/user2/user2-4-64-r4.dat,2,4,64,4
20190627/user2/user2-1-49-r1.dat,2,1,49,1
20190627/user2/user2-3-24-r4.dat,2,3,24,4
20190627/user2/user2-3-96-r4.dat,2,3,96,4
20190627/user2/user2-3-63-r2.dat,2,3,63,2
20190627/user2/user2-2-86-r4.dat,2,2,86,4
20190627/user2/user2-2-97-r2.dat,2,2,97,2
20190627/user2/user2-1-49-r3.dat,2,1,49,3
20190627/user2/user2-1-27-r6.dat,2,1,27,6
20190627/user2/user2-1-40-r6.dat,2,1,40,6
20190627/user2/user2-2-68-r1.dat,2,2,68,1
20190627/user2/user2-3-12-r1.dat,2,3,12,1
20190627/user2/user2-3-27-r5.dat,2,3,27,5
20190627/user2/user2-2-69-r2.dat,2,2,69,2
20190627/user2/user2-2-53-r5.dat,2,2,53,5
20190627/user2/user2-2-75-r4.dat,2,2,75,4
20190627/user2/user2-4-26-r1.dat,2,4,26,1
20190627/user2/user2-1-93-r4.dat,2,1,93,4
20190627/user2/user2-3-13-r6.dat,2,3,13,6
20190627/user2/user2-1-87-r2.dat,2,1,87,2
20190627/user2/user2-3-46-r4.dat,2,3,46,4
20190627/user2/user2-3-43-r6.dat,2,3,43,6
20190627/user2/user2-1-47-r1.dat,2,1,47,1
20190627/user2/user2-2-86-r1.dat,2,2,86,1
20190627/user2/user2-4-1-r5.dat,2,4,1,5
20190627/user2/user2-2-21-r1.dat,2,2,21,1
20190627/user2/user2-1-60-r5.dat,2,1,60,5
20190627/user2/user2-3-82-r3.dat,2,3,82,3
20190627/user2/user2-1-10-r5.dat,2,1,10,5
20190627/user2/user2-4-20-r1.dat,2,4,20,1
20190627/user2/user2-3-27-r1.dat,2,3,27,1
20190627/user2/user2-3-13-r3.dat,2,3,13,3
20190627/user2/user2-2-66-r2.dat,2,2,66,2
20190627/user2/user2-2-69-r6.dat,2,2,69,6
20190627/user2/user2-2-21-r4.dat,2,2,21,4
20190627/user2/user2-4-28-r1.dat,2,4,28,1
20190627/user2/user2-2-24-r2.dat,2,2,24,2
20190627/user2/user2-4-79-r1.dat,2,4,79,1
20190627/user2/user2-3-89-r1.dat,2,3,89,1
20190627/user2/user2-2-62-r6.dat,2,2,62,6
20190627/user2/user2-4-19-r2.dat,2,4,19,2
20190627/user2/user2-4-68-r1.dat,2,4,68,1
20190627/user2/user2-1-85-r5.dat,2,1,85,5
20190627/user2/user2-1-5-r1.dat,2,1,5,1
20190627/user2/user2-2-37-r2.dat,2,2,37,2
20190627/user2/user2-4-44-r2.dat,2,4,44,2
20190627/user2/user2-2-96-r4.dat,2,2,96,4
20190627/user2/user2-2-45-r4.dat,2,2,45,4
20190627/user2/user2-1-16-r1.dat,2,1,16,1
20190627/user2/user2-3-78-r5.dat,2,3,78,5
20190627/user2/user2-4-9-r4.dat,2,4,9,4
20190627/user2/user2-1-54-r4.dat,2,1,54,4
20190627/user2/user2-3-9-r6.dat,2,3,9,6
20190627/user2/user2-3-89-r3.dat,2,3,89,3
20190627/user2/user2-3-65-r6.dat,2,3,65,6
20190627/user2/user2-1-74-r3.dat,2,1,74,3
20190627/user2/user2-3-24-r6.dat,2,3,24,6
20190627/user2/user2-1-17-r5.dat,2,1,17,5
20190627/user2/user2-4-89-r5.dat,2,4,89,5
20190627/user2/user2-2-84-r6.dat,2,2,84,6
20190627/user2/user2-2-12-r1.dat,2,2,12,1
20190627/user2/user2-3-63-r4.dat,2,3,63,4
20190627/user2/user2-4-86-r1.dat,2,4,86,1
20190627/user2/user2-3-13-r1.dat,2,3,13,1
20190627/user2/user2-3-60-r4.dat,2,3,60,4
20190627/user2/user2-4-86-r3.dat,2,4,86,3
20190627/user2/user2-2-78-r5.dat,2,2,78,5
20190627/user2/user2-4-87-r2.dat,2,4,87,2
20190627/user2/user2-4-95-r4.dat,2,4,95,4
20190627/user2/user2-1-84-r4.dat,2,1,84,4
20190627/user2/user2-4-16-r6.dat,2,4,16,6
20190627/user2/user2-4-19-r3.dat,2,4,19,3
20190627/user2/user2-4-26-r4.dat,2,4,26,4
20190627/user2/user2-2-27-r4.dat,2,2,27,4
20190627/user2/user2-1-72-r2.dat,2,1,72,2
20190627/user2/user2-1-72-r6.dat,2,1,72,6
20190627/user2/user2-3-57-r2.dat,2,3,57,2
20190627/user2/user2-3-62-r1.dat,2,3,62,1
20190627/user2/user2-1-19-r4.dat,2,1,19,4
20190627/user2/user2-4-70-r4.dat,2,4,70,4
20190627/user2/user2-4-68-r5.dat,2,4,68,5
20190627/user2/user2-3-7-r6.dat,2,3,7,6
20190627/user2/user2-3-5-r3.dat,2,3,5,3
20190627/user2/user2-2-22-r3.dat,2,2,22,3
20190627/user2/user2-3-97-r4.dat,2,3,97,4
20190627/user2/user2-2-96-r2.dat,2,2,96,2
20190627/user2/user2-2-79-r2.dat,2,2,79,2
20190627/user2/user2-3-66-r2.dat,2,3,66,2
20190627/user2/user2-1-27-r2.dat,2,1,27,2
20190627/user2/user2-1-35-r6.dat,2,1,35,6
20190627/user2/user2-4-94-r6.dat,2,4,94,6
20190627/user2/user2-4-99-r5.dat,2,4,99,5
20190627/user2/user2-4-6-r2.dat,2,4,6,2
20190627/user2/user2-1-39-r6.dat,2,1,39,6
20190627/user2/user2-1-24-r3.dat,2,1,24,3
20190627/user2/user2-3-50-r5.dat,2,3,50,5
20190627/user2/user2-3-78-r6.dat,2,3,78,6
20190627/user2/user2-3-13-r4.dat,2,3,13,4
20190627/user2/user2-1-51-r3.dat,2,1,51,3
20190627/user2/user2-4-84-r6.dat,2,4,84,6
20190627/user2/user2-3-38-r2.dat,2,3,38,2
20190627/user2/user2-1-17-r2.dat,2,1,17,2
20190627/user2/user2-2-46-r1.dat,2,2,46,1
20190627/user2/user2-3-21-r2.dat,2,3,21,2
20190627/user2/user2-4-100-r2.dat,2,4,100,2
20190627/user2/user2-1-72-r3.dat,2,1,72,3
20190627/user2/user2-1-73-r2.dat,2,1,73,2
20190627/user2/user2-1-26-r1.dat,2,1,26,1
20190627/user2/user2-1-62-r4.dat,2,1,62,4
20190627/user2/user2-4-87-r3.dat,2,4,87,3
20190627/user2/user2-2-67-r2.dat,2,2,67,2
20190627/user2/user2-4-3-r1.dat,2,4,3,1
20190627/user2/user2-3-42-r1.dat,2,3,42,1
20190627/user2/user2-3-40-r6.dat,2,3,40,6
20190627/user2/user2-2-55-r4.dat,2,2,55,4
20190627/user2/user2-2-64-r4.dat,2,2,64,4
20190627/user2/user2-4-79-r2.dat,2,4,79,2
20190627/user2/user2-3-90-r5.dat,2,3,90,5
20190627/user2/user2-2-39-r6.dat,2,2,39,6
20190627/user2/user2-4-77-r4.dat,2,4,77,4
20190627/user2/user2-1-41-r4.dat,2,1,41,4
20190627/user2/user2-3-75-r2.dat,2,3,75,2
20190627/user2/user2-1-85-r3.dat,2,1,85,3
20190627/user2/user2-2-56-r1.dat,2,2,56,1
20190627/user2/user2-4-23-r1.dat,2,4,23,1
20190627/user2/user2-3-88-r5.dat,2,3,88,5
20190627/user2/user2-1-63-r2.dat,2,1,63,2
20190627/user2/user2-2-74-r4.dat,2,2,74,4
20190627/user2/user2-3-39-r6.dat,2,3,39,6
20190627/user2/user2-1-21-r4.dat,2,1,21,4
20190627/user2/user2-1-43-r4.dat,2,1,43,4
20190627/user2/user2-1-17-r3.dat,2,1,17,3
20190627/user2/user2-3-5-r5.dat,2,3,5,5
20190627/user2/user2-2-67-r6.dat,2,2,67,6
20190627/user2/user2-3-33-r5.dat,2,3,33,5
20190627/user2/user2-3-61-r2.dat,2,3,61,2
20190627/user2/user2-3-67-r2.dat,2,3,67,2
20190627/user2/user2-3-19-r4.dat,2,3,19,4
20190627/user2/user2-3-88-r6.dat,2,3,88,6
20190627/user2/user2-1-57-r3.dat,2,1,57,3
20190627/user2/user2-3-18-r6.dat,2,3,18,6
20190627/user2/user2-4-37-r2.dat,2,4,37,2
20190627/user2/user2-2-33-r5.dat,2,2,33,5
20190627/user2/user2-2-92-r2.dat,2,2,92,2
20190627/user2/user2-1-24-r1.dat,2,1,24,1
20190627/user2/user2-1-12-r6.dat,2,1,12,6
20190627/user2/user2-4-10-r6.dat,2,4,10,6
20190627/user2/user2-3-42-r6.dat,2,3,42,6
20190627/user2/user2-3-1-r6.dat,2,3,1,6
20190627/user2/user2-2-58-r1.dat,2,2,58,1
20190627/user2/user2-4-66-r4.dat,2,4,66,4
20190627/user2/user2-3-34-r4.dat,2,3,34,4
20190627/user2/user2-3-69-r6.dat,2,3,69,6
20190627/user2/user2-2-2-r1.dat,2,2,2,1
20190627/user2/user2-1-50-r2.dat,2,1,50,2
20190627/user2/user2-1-91-r6.dat,2,1,91,6
20190627/user2/user2-3-40-r1.dat,2,3,40,1
20190627/user2/user2-3-83-r1.dat,2,3,83,1
20190627/user2/user2-2-26-r5.dat,2,2,26,5
20190627/user2/user2-1-18-r2.dat,2,1,18,2
20190627/user2/user2-2-60-r1.dat,2,2,60,1
20190627/user2/user2-1-6-r5.dat,2,1,6,5
20190627/user2/user2-2-42-r6.dat,2,2,42,6
20190627/user2/user2-2-8-r2.dat,2,2,8,2
20190627/user2/user2-4-36-r2.dat,2,4,36,2
20190627/user2/user2-2-34-r3.dat,2,2,34,3
20190627/user2/user2-2-98-r2.dat,2,2,98,2
20190627/user2/user2-3-28-r5.dat,2,3,28,5
20190627/user2/user2-4-30-r1.dat,2,4,30,1
20190627/user2/user2-3-39-r3.dat,2,3,39,3
20190627/user2/user2-2-18-r1.dat,2,2,18,1
20190627/user2/user2-4-44-r1.dat,2,4,44,1
20190627/user2/user2-2-81-r4.dat,2,2,81,4
20190627/user2/user2-4-63-r1.dat,2,4,63,1
20190627/user2/user2-4-71-r2.dat,2,4,71,2
20190627/user2/user2-3-65-r2.dat,2,3,65,2
20190627/user2/user2-3-62-r6.dat,2,3,62,6
20190627/user2/user2-4-20-r6.dat,2,4,20,6
20190627/user2/user2-3-66-r4.dat,2,3,66,4
20190627/user2/user2-3-83-r5.dat,2,3,83,5
20190627/user2/user2-4-77-r3.dat,2,4,77,3
20190627/user2/user2-4-75-r3.dat,2,4,75,3
20190627/user2/user2-3-46-r1.dat,2,3,46,1
20190627/user2/user2-1-58-r2.dat,2,1,58,2
20190627/user2/user2-4-13-r4.dat,2,4,13,4
20190627/user2/user2-2-94-r4.dat,2,2,94,4
20190627/user2/user2-2-14-r6.dat,2,2,14,6
20190627/user2/user2-3-84-r5.dat,2,3,84,5
20190627/user2/user2-3-49-r4.dat,2,3,49,4
20190627/user2/user2-3-85-r6.dat,2,3,85,6
20190627/user2/user2-1-43-r3.dat,2,1,43,3
20190627/user2/user2-4-24-r2.dat,2,4,24,2
20190627/user2/user2-2-7-r3.dat,2,2,7,3
20190627/user2/user2-3-54-r6.dat,2,3,54,6
20190627/user2/user2-1-72-r4.dat,2,1,72,4
20190627/user2/user2-2-88-r4.dat,2,2,88,4
20190627/user2/user2-4-28-r6.dat,2,4,28,6
20190627/user2/user2-1-55-r2.dat,2,1,55,2
20190627/user2/user2-3-41-r5.dat,2,3,41,5
20190627/user2/user2-2-81-r6.dat,2,2,81,6
20190627/user2/user2-1-89-r6.dat,2,1,89,6
20190627/user2/user2-1-71-r4.dat,2,1,71,4
20190627/user2/user2-4-44-r5.dat,2,4,44,5
20190627/user2/user2-1-72-r1.dat,2,1,72,1
20190627/user2/user2-4-27-r4.dat,2,4,27,4
20190627/user2/user2-2-44-r1.dat,2,2,44,1
20190627/user2/user2-2-100-r2.dat,2,2,100,2
20190627/user2/user2-2-96-r1.dat,2,2,96,1
20190627/user2/user2-4-32-r6.dat,2,4,32,6
20190627/user2/user2-3-81-r2.dat,2,3,81,2
20190627/user2/user2-4-96-r1.dat,2,4,96,1
20190627/user2/user2-4-96-r5.dat,2,4,96,5
20190627/user2/user2-4-17-r2.dat,2,4,17,2
20190627/user2/user2-3-82-r1.dat,2,3,82,1
20190627/user2/user2-3-81-r1.dat,2,3,81,1
20190627/user2/user2-2-32-r5.dat,2,2,32,5
20190627/user2/user2-4-71-r5.dat,2,4,71,5
20190627/user2/user2-1-94-r5.dat,2,1,94,5
20190627/user2/user2-1-36-r2.dat,2,1,36,2
20190627/user2/user2-1-90-r1.dat,2,1,90,1
20190627/user2/user2-3-17-r3.dat,2,3,17,3
20190627/user2/user2-2-3-r2.dat,2,2,3,2
20190627/user2/user2-4-64-r5.dat,2,4,64,5
20190627/user2/user2-4-27-r3.dat,2,4,27,3
20190627/user2/user2-2-83-r1.dat,2,2,83,1
20190627/user2/user2-4-4-r6.dat,2,4,4,6
20190627/user2/user2-2-32-r3.dat,2,2,32,3
20190627/user2/user2-4-15-r6.dat,2,4,15,6
20190627/user2/user2-3-80-r4.dat,2,3,80,4
20190627/user2/user2-3-93-r1.dat,2,3,93,1
20190627/user2/user2-2-77-r4.dat,2,2,77,4
20190627/user2/user2-2-9-r6.dat,2,2,9,6
20190627/user2/user2-3-67-r5.dat,2,3,67,5
20190627/user2/user2-3-34-r2.dat,2,3,34,2
20190627/user2/user2-4-8-r5.dat,2,4,8,5
20190627/user2/user2-3-25-r4.dat,2,3,25,4
20190627/user2/user2-4-78-r1.dat,2,4,78,1
20190627/user2/user2-2-63-r3.dat,2,2,63,3
20190627/user2/user2-2-52-r6.dat,2,2,52,6
20190627/user2/user2-3-31-r3.dat,2,3,31,3
20190627/user2/user2-3-2-r5.dat,2,3,2,5
20190627/user2/user2-3-53-r6.dat,2,3,53,6
20190627/user2/user2-1-35-r4.dat,2,1,35,4
20190627/user2/user2-4-90-r1.dat,2,4,90,1
20190627/user2/user2-4-72-r6.dat,2,4,72,6
20190627/user2/user2-4-88-r6.dat,2,4,88,6
20190627/user2/user2-1-92-r1.dat,2,1,92,1
20190627/user2/user2-2-50-r5.dat,2,2,50,5
20190627/user2/user2-1-27-r4.dat,2,1,27,4
20190627/user2/user2-4-24-r1.dat,2,4,24,1
20190627/user2/user2-1-37-r1.dat,2,1,37,1
20190627/user2/user2-4-100-r4.dat,2,4,100,4
20190627/user2/user2-2-47-r6.dat,2,2,47,6
20190627/user2/user2-2-71-r4.dat,2,2,71,4
20190627/user2/user2-4-79-r6.dat,2,4,79,6
20190627/user2/user2-4-13-r2.dat,2,4,13,2
20190627/user2/user2-4-57-r5.dat,2,4,57,5
20190627/user2/user2-4-80-r5.dat,2,4,80,5
20190627/user2/user2-4-95-r1.dat,2,4,95,1
20190627/user2/user2-3-73-r3.dat,2,3,73,3
20190627/user2/user2-1-37-r2.dat,2,1,37,2
20190627/user2/user2-4-90-r6.dat,2,4,90,6
20190627/user2/user2-1-2-r3.dat,2,1,2,3
20190627/user2/user2-4-1-r6.dat,2,4,1,6
20190627/user2/user2-3-56-r5.dat,2,3,56,5
20190627/user2/user2-2-91-r4.dat,2,2,91,4
20190627/user2/user2-3-86-r4.dat,2,3,86,4
20190627/user2/user2-3-79-r1.dat,2,3,79,1
20190627/user2/user2-4-54-r5.dat,2,4,54,5
20190627/user2/user2-3-97-r6.dat,2,3,97,6
20190627/user2/user2-4-93-r4.dat,2,4,93,4
20190627/user2/user2-2-45-r2.dat,2,2,45,2
20190627/user2/user2-4-22-r1.dat,2,4,22,1
20190627/user2/user2-3-100-r2.dat,2,3,100,2
20190627/user2/user2-4-40-r3.dat,2,4,40,3
20190627/user2/user2-2-8-r6.dat,2,2,8,6
20190627/user2/user2-2-20-r5.dat,2,2,20,5
20190627/user2/user2-2-3-r1.dat,2,2,3,1
20190627/user2/user2-1-58-r5.dat,2,1,58,5
20190627/user2/user2-1-91-r4.dat,2,1,91,4
20190627/user2/user2-4-55-r1.dat,2,4,55,1
20190627/user2/user2-4-42-r1.dat,2,4,42,1
20190627/user2/user2-1-71-r3.dat,2,1,71,3
20190627/user2/user2-4-16-r2.dat,2,4,16,2
20190627/user2/user2-3-84-r2.dat,2,3,84,2
20190627/user2/user2-1-90-r6.dat,2,1,90,6
20190627/user2/user2-2-83-r5.dat,2,2,83,5
20190627/user2/user2-3-12-r2.dat,2,3,12,2
20190627/user2/user2-1-78-r2.dat,2,1,78,2
20190627/user2/user2-1-82-r6.dat,2,1,82,6
20190627/user2/user2-3-46-r3.dat,2,3,46,3
20190627/user2/user2-1-10-r3.dat,2,1,10,3
20190627/user2/user2-1-50-r3.dat,2,1,50,3
20190627/user2/user2-3-29-r2.dat,2,3,29,2
20190627/user2/user2-3-6-r6.dat,2,3,6,6
20190627/user2/user2-1-36-r3.dat,2,1,36,3
20190627/user2/user2-2-37-r1.dat,2,2,37,1
20190627/user2/user2-1-13-r5.dat,2,1,13,5
20190627/user2/user2-1-53-r5.dat,2,1,53,5
20190627/user2/user2-2-11-r1.dat,2,2,11,1
20190627/user2/user2-3-51-r5.dat,2,3,51,5
20190627/user2/user2-3-58-r1.dat,2,3,58,1
20190627/user2/user2-4-3-r5.dat,2,4,3,5
20190627/user2/user2-2-35-r5.dat,2,2,35,5
20190627/user2/user2-4-18-r2.dat,2,4,18,2
20190627/user2/user2-3-78-r2.dat,2,3,78,2
20190627/user2/user2-2-37-r3.dat,2,2,37,3
20190627/user2/user2-4-21-r6.dat,2,4,21,6
20190627/user2/user2-4-40-r2.dat,2,4,40,2
20190627/user2/user2-4-93-r1.dat,2,4,93,1
20190627/user2/user2-2-17-r2.dat,2,2,17,2
20190627/user2/user2-4-98-r3.dat,2,4,98,3
20190627/user2/user2-4-73-r3.dat,2,4,73,3
20190627/user2/user2-3-92-r5.dat,2,3,92,5
20190627/user2/user2-4-14-r2.dat,2,4,14,2
20190627/user2/user2-1-58-r6.dat,2,1,58,6
20190627/user2/user2-3-20-r1.dat,2,3,20,1
20190627/user2/user2-4-46-r2.dat,2,4,46,2
20190627/user2/user2-3-95-r2.dat,2,3,95,2
20190627/user2/user2-2-38-r4.dat,2,2,38,4
20190627/user2/user2-3-11-r2.dat,2,3,11,2
20190627/user2/user2-3-52-r2.dat,2,3,52,2
20190627/user2/user2-2-38-r2.dat,2,2,38,2
20190627/user2/user2-2-55-r3.dat,2,2,55,3
20190627/user2/user2-4-9-r5.dat,2,4,9,5
20190627/user2/user2-4-29-r2.dat,2,4,29,2
20190627/user2/user2-3-75-r6.dat,2,3,75,6
20190627/user2/user2-4-29-r3.dat,2,4,29,3
20190627/user2/user2-1-51-r4.dat,2,1,51,4
20190627/user2/user2-1-7-r6.dat,2,1,7,6
20190627/user2/user2-4-9-r6.dat,2,4,9,6
20190627/user2/user2-2-28-r5.dat,2,2,28,5
20190627/user2/user2-1-91-r1.dat,2,1,91,1
20190627/user2/user2-2-45-r1.dat,2,2,45,1
20190627/user2/user2-3-50-r2.dat,2,3,50,2
20190627/user2/user2-2-19-r3.dat,2,2,19,3
20190627/user2/user2-2-99-r2.dat,2,2,99,2
20190627/user2/user2-1-14-r3.dat,2,1,14,3
20190627/user2/user2-3-57-r1.dat,2,3,57,1
20190627/user2/user2-4-91-r5.dat,2,4,91,5
20190627/user2/user2-2-65-r5.dat,2,2,65,5
20190627/user2/user2-3-11-r1.dat,2,3,11,1
20190627/user2/user2-4-85-r5.dat,2,4,85,5
20190627/user2/user2-3-26-r4.dat,2,3,26,4
20190627/user2/user2-2-63-r5.dat,2,2,63,5
20190627/user2/user2-4-31-r3.dat,2,4,31,3
20190627/user2/user2-1-89-r4.dat,2,1,89,4
20190627/user2/user2-4-55-r3.dat,2,4,55,3
20190627/user2/user2-3-70-r5.dat,2,3,70,5
20190627/user2/user2-2-47-r1.dat,2,2,47,1
20190627/user2/user2-3-87-r4.dat,2,3,87,4
20190627/user2/user2-3-100-r1.dat,2,3,100,1
20190627/user2/user2-3-16-r4.dat,2,3,16,4
20190627/user2/user2-3-6-r3.dat,2,3,6,3
20190627/user2/user2-2-76-r5.dat,2,2,76,5
20190627/user2/user2-1-25-r1.dat,2,1,25,1
20190627/user2/user2-2-72-r3.dat,2,2,72,3
20190627/user2/user2-3-51-r1.dat,2,3,51,1
20190627/user2/user2-3-35-r4.dat,2,3,35,4
20190627/user2/user2-4-24-r6.dat,2,4,24,6
20190627/user2/user2-2-50-r2.dat,2,2,50,2
20190627/user2/user2-3-98-r3.dat,2,3,98,3
20190627/user2/user2-1-95-r5.dat,2,1,95,5
20190627/user2/user2-2-7-r1.dat,2,2,7,1
20190627/user2/user2-2-21-r3.dat,2,2,21,3
20190627/user2/user2-2-72-r2.dat,2,2,72,2
20190627/user2/user2-4-18-r6.dat,2,4,18,6
20190627/user2/user2-3-87-r3.dat,2,3,87,3
20190627/user2/user2-2-80-r2.dat,2,2,80,2
20190627/user2/user2-4-78-r3.dat,2,4,78,3
20190627/user2/user2-2-3-r6.dat,2,2,3,6
20190627/user2/user2-3-54-r4.dat,2,3,54,4
20190627/user2/user2-2-7-r2.dat,2,2,7,2
20190627/user2/user2-1-25-r4.dat,2,1,25,4
20190627/user2/user2-1-95-r2.dat,2,1,95,2
20190627/user2/user2-4-29-r4.dat,2,4,29,4
20190627/user2/user2-4-2-r3.dat,2,4,2,3
20190627/user2/user2-4-19-r5.dat,2,4,19,5
20190627/user2/user2-2-51-r2.dat,2,2,51,2
20190627/user2/user2-3-23-r1.dat,2,3,23,1
20190627/user2/user2-2-58-r5.dat,2,2,58,5
20190627/user2/user2-2-14-r2.dat,2,2,14,2
20190627/user2/user2-1-16-r3.dat,2,1,16,3
20190627/user2/user2-1-55-r3.dat,2,1,55,3
20190627/user2/user2-4-49-r4.dat,2,4,49,4
20190627/user2/user2-3-19-r6.dat,2,3,19,6
20190627/user2/user2-4-5-r2.dat,2,4,5,2
20190627/user2/user2-4-38-r3.dat,2,4,38,3
20190627/user2/user2-1-61-r1.dat,2,1,61,1
20190627/user2/user2-3-11-r3.dat,2,3,11,3
20190627/user2/user2-2-51-r6.dat,2,2,51,6
20190627/user2/user2-4-31-r6.dat,2,4,31,6
20190627/user2/user2-4-53-r3.dat,2,4,53,3
20190627/user2/user2-2-6-r2.dat,2,2,6,2
20190627/user2/user2-1-47-r6.dat,2,1,47,6
20190627/user2/user2-2-88-r1.dat,2,2,88,1
20190627/user2/user2-2-12-r2.dat,2,2,12,2
20190627/user2/user2-4-39-r3.dat,2,4,39,3
20190627/user2/user2-1-53-r4.dat,2,1,53,4
20190627/user2/user2-2-21-r6.dat,2,2,21,6
20190627/user2/user2-2-36-r1.dat,2,2,36,1
20190627/user2/user2-2-12-r3.dat,2,2,12,3
20190627/user2/user2-2-83-r2.dat,2,2,83,2
20190627/user2/user2-4-15-r2.dat,2,4,15,2
20190627/user2/user2-4-60-r3.dat,2,4,60,3
20190627/user2/user2-1-67-r1.dat,2,1,67,1
20190627/user2/user2-2-21-r2.dat,2,2,21,2
20190627/user2/user2-1-89-r1.dat,2,1,89,1
20190627/user2/user2-1-92-r3.dat,2,1,92,3
20190627/user2/user2-3-61-r4.dat,2,3,61,4
20190627/user2/user2-3-32-r1.dat,2,3,32,1
20190627/user2/user2-1-54-r3.dat,2,1,54,3
20190627/user2/user2-2-37-r6.dat,2,2,37,6
20190627/user2/user2-3-47-r2.dat,2,3,47,2
20190627/user2/user2-1-51-r2.dat,2,1,51,2
20190627/user2/user2-1-8-r2.dat,2,1,8,2
20190627/user2/user2-3-41-r2.dat,2,3,41,2
20190627/user2/user2-1-55-r1.dat,2,1,55,1
20190627/user2/user2-2-57-r1.dat,2,2,57,1
20190627/user2/user2-3-36-r6.dat,2,3,36,6
20190627/user2/user2-2-2-r5.dat,2,2,2,5
20190627/user2/user2-4-35-r3.dat,2,4,35,3
20190627/user2/user2-2-30-r6.dat,2,2,30,6
20190627/user2/user2-3-91-r6.dat,2,3,91,6
20190627/user2/user2-4-40-r1.dat,2,4,40,1
20190627/user2/user2-3-64-r3.dat,2,3,64,3
20190627/user2/user2-1-69-r6.dat,2,1,69,6
20190627/user2/user2-4-15-r4.dat,2,4,15,4
20190627/user2/user2-4-25-r5.dat,2,4,25,5
20190627/user2/user2-1-86-r2.dat,2,1,86,2
20190627/user2/user2-1-62-r6.dat,2,1,62,6
20190627/user2/user2-3-13-r5.dat,2,3,13,5
20190627/user2/user2-2-18-r4.dat,2,2,18,4
20190627/user2/user2-4-76-r2.dat,2,4,76,2
20190627/user2/user2-3-74-r4.dat,2,3,74,4
20190627/user2/user2-4-47-r2.dat,2,4,47,2
20190627/user2/user2-2-69-r3.dat,2,2,69,3
20190627/user2/user2-4-60-r5.dat,2,4,60,5
20190627/user2/user2-2-44-r4.dat,2,2,44,4
20190627/user2/user2-4-68-r6.dat,2,4,68,6
20190627/user2/user2-1-77-r2.dat,2,1,77,2
20190627/user2/user2-4-80-r1.dat,2,4,80,1
20190627/user2/user2-1-90-r3.dat,2,1,90,3
20190627/user2/user2-1-90-r5.dat,2,1,90,5
20190627/user2/user2-3-21-r5.dat,2,3,21,5
20190627/user2/user2-4-76-r4.dat,2,4,76,4
20190627/user2/user2-3-94-r2.dat,2,3,94,2
20190627/user2/user2-4-44-r4.dat,2,4,44,4
20190627/user2/user2-4-36-r6.dat,2,4,36,6
20190627/user2/user2-4-38-r5.dat,2,4,38,5
20190627/user2/user2-2-30-r2.dat,2,2,30,2
20190627/user2/user2-3-66-r1.dat,2,3,66,1
20190627/user2/user2-4-13-r1.dat,2,4,13,1
20190627/user2/user2-3-85-r2.dat,2,3,85,2
20190627/user2/user2-3-1-r5.dat,2,3,1,5
20190627/user2/user2-4-92-r4.dat,2,4,92,4
20190627/user2/user2-4-11-r2.dat,2,4,11,2
20190627/user2/user2-1-29-r3.dat,2,1,29,3
20190627/user2/user2-1-32-r3.dat,2,1,32,3
20190627/user2/user2-4-28-r2.dat,2,4,28,2
20190627/user2/user2-3-37-r6.dat,2,3,37,6
20190627/user2/user2-1-7-r1.dat,2,1,7,1
20190627/user2/user2-2-56-r2.dat,2,2,56,2
20190627/user2/user2-1-15-r1.dat,2,1,15,1
20190627/user2/user2-1-69-r3.dat,2,1,69,3
20190627/user2/user2-4-74-r1.dat,2,4,74,1
20190627/user2/user2-2-92-r1.dat,2,2,92,1
20190627/user2/user2-4-9-r3.dat,2,4,9,3
20190627/user2/user2-2-19-r6.dat,2,2,19,6
20190627/user2/user2-2-48-r5.dat,2,2,48,5
20190627/user2/user2-2-84-r1.dat,2,2,84,1
20190627/user2/user2-3-31-r5.dat,2,3,31,5
20190627/user2/user2-3-99-r4.dat,2,3,99,4
20190627/user2/user2-1-99-r4.dat,2,1,99,4
20190627/user2/user2-2-43-r3.dat,2,2,43,3
20190627/user2/user2-4-1-r4.dat,2,4,1,4
20190627/user2/user2-2-2-r6.dat,2,2,2,6
20190627/user2/user2-4-8-r4.dat,2,4,8,4
20190627/user2/user2-2-57-r6.dat,2,2,57,6
20190627/user2/user2-1-98-r6.dat,2,1,98,6
20190627/user2/user2-3-30-r4.dat,2,3,30,4
20190627/user2/user2-4-29-r1.dat,2,4,29,1
20190627/user2/user2-3-78-r4.dat,2,3,78,4
20190627/user2/user2-2-100-r6.dat,2,2,100,6
20190627/user2/user2-2-65-r3.dat,2,2,65,3
20190627/user2/user2-1-49-r6.dat,2,1,49,6
20190627/user2/user2-1-93-r6.dat,2,1,93,6
20190627/user2/user2-1-82-r4.dat,2,1,82,4
20190627/user2/user2-1-82-r3.dat,2,1,82,3
20190627/user2/user2-4-98-r2.dat,2,4,98,2
20190627/user2/user2-2-60-r3.dat,2,2,60,3
20190627/user2/user2-4-17-r3.dat,2,4,17,3
20190627/user2/user2-2-18-r2.dat,2,2,18,2
20190627/user2/user2-3-21-r1.dat,2,3,21,1
20190627/user2/user2-1-28-r3.dat,2,1,28,3
20190627/user2/user2-3-92-r1.dat,2,3,92,1
20190627/user2/user2-4-67-r2.dat,2,4,67,2
20190627/user2/user2-4-92-r1.dat,2,4,92,1
20190627/user2/user2-2-89-r6.dat,2,2,89,6
20190627/user2/user2-1-87-r4.dat,2,1,87,4
20190627/user2/user2-1-83-r2.dat,2,1,83,2
20190627/user2/user2-1-97-r4.dat,2,1,97,4
20190627/user2/user2-3-74-r1.dat,2,3,74,1
20190627/user2/user2-3-97-r5.dat,2,3,97,5
20190627/user2/user2-4-3-r3.dat,2,4,3,3
20190627/user2/user2-3-37-r4.dat,2,3,37,4
20190627/user2/user2-4-45-r1.dat,2,4,45,1
20190627/user2/user2-2-29-r1.dat,2,2,29,1
20190627/user2/user2-2-79-r5.dat,2,2,79,5
20190627/user2/user2-4-54-r1.dat,2,4,54,1
20190627/user2/user2-1-64-r4.dat,2,1,64,4
20190627/user2/user2-2-74-r5.dat,2,2,74,5
20190627/user2/user2-3-27-r4.dat,2,3,27,4
20190627/user2/user2-4-99-r2.dat,2,4,99,2
20190627/user2/user2-3-7-r2.dat,2,3,7,2
20190627/user2/user2-4-56-r2.dat,2,4,56,2
20190627/user2/user2-4-73-r1.dat,2,4,73,1
20190627/user2/user2-4-62-r4.dat,2,4,62,4
20190627/user2/user2-2-39-r5.dat,2,2,39,5
20190627/user2/user2-2-81-r5.dat,2,2,81,5
20190627/user2/user2-1-97-r5.dat,2,1,97,5
20190627/user2/user2-3-92-r3.dat,2,3,92,3
20190627/user2/user2-2-97-r5.dat,2,2,97,5
20190627/user2/user2-4-42-r6.dat,2,4,42,6
20190627/user2/user2-4-6-r5.dat,2,4,6,5
20190627/user2/user2-1-11-r1.dat,2,1,11,1
20190627/user2/user2-2-90-r3.dat,2,2,90,3
20190627/user2/user2-2-29-r5.dat,2,2,29,5
20190627/user2/user2-1-80-r5.dat,2,1,80,5
20190627/user2/user2-2-22-r6.dat,2,2,22,6
20190627/user2/user2-4-89-r4.dat,2,4,89,4
20190627/user2/user2-1-6-r1.dat,2,1,6,1
20190627/user2/user2-3-9-r5.dat,2,3,9,5
20190627/user2/user2-4-63-r4.dat,2,4,63,4
20190627/user2/user2-4-37-r5.dat,2,4,37,5
20190627/user2/user2-4-62-r6.dat,2,4,62,6
20190627/user2/user2-2-35-r2.dat,2,2,35,2
20190627/user2/user2-3-93-r5.dat,2,3,93,5
20190627/user2/user2-4-70-r5.dat,2,4,70,5
20190627/user2/user2-2-62-r4.dat,2,2,62,4
20190627/user2/user2-1-40-r1.dat,2,1,40,1
20190627/user2/user2-4-93-r2.dat,2,4,93,2
20190627/user2/user2-3-30-r3.dat,2,3,30,3
20190627/user2/user2-2-24-r1.dat,2,2,24,1
20190627/user2/user2-2-28-r4.dat,2,2,28,4
20190627/user2/user2-1-57-r1.dat,2,1,57,1
20190627/user2/user2-4-45-r4.dat,2,4,45,4
20190627/user2/user2-1-51-r6.dat,2,1,51,6
20190627/user2/user2-1-86-r5.dat,2,1,86,5
20190627/user2/user2-3-96-r2.dat,2,3,96,2
20190627/user2/user2-1-24-r5.dat,2,1,24,5
20190627/user2/user2-1-98-r1.dat,2,1,98,1
20190627/user2/user2-3-86-r2.dat,2,3,86,2
20190627/user2/user2-3-21-r6.dat,2,3,21,6
20190627/user2/user2-3-20-r5.dat,2,3,20,5
20190627/user2/user2-2-8-r1.dat,2,2,8,1
20190627/user2/user2-1-41-r3.dat,2,1,41,3
20190627/user2/user2-3-81-r5.dat,2,3,81,5
20190627/user2/user2-4-53-r5.dat,2,4,53,5
20190627/user2/user2-3-6-r1.dat,2,3,6,1
20190627/user2/user2-1-84-r3.dat,2,1,84,3
20190627/user2/user2-1-69-r5.dat,2,1,69,5
20190627/user2/user2-3-61-r1.dat,2,3,61,1
20190627/user2/user2-1-20-r3.dat,2,1,20,3
20190627/user2/user2-3-63-r1.dat,2,3,63,1
20190627/user2/user2-2-50-r4.dat,2,2,50,4
20190627/user2/user2-3-87-r5.dat,2,3,87,5
20190627/user2/user2-4-41-r4.dat,2,4,41,4
20190627/user2/user2-4-50-r1.dat,2,4,50,1
20190627/user2/user2-3-76-r3.dat,2,3,76,3
20190627/user2/user2-3-29-r3.dat,2,3,29,3
20190627/user2/user2-4-21-r2.dat,2,4,21,2
20190627/user2/user2-4-95-r5.dat,2,4,95,5
20190627/user2/user2-2-73-r4.dat,2,2,73,4
20190627/user2/user2-3-8-r3.dat,2,3,8,3
20190627/user2/user2-3-53-r3.dat,2,3,53,3
20190627/user2/user2-4-5-r3.dat,2,4,5,3
20190627/user2/user2-3-59-r5.dat,2,3,59,5
20190627/user2/user2-1-16-r6.dat,2,1,16,6
20190627/user2/user2-2-95-r4.dat,2,2,95,4
20190627/user2/user2-1-66-r4.dat,2,1,66,4
20190627/user2/user2-2-55-r6.dat,2,2,55,6
20190627/user2/user2-4-29-r5.dat,2,4,29,5
20190627/user2/user2-1-65-r5.dat,2,1,65,5
20190627/user2/user2-1-90-r2.dat,2,1,90,2
20190627/user2/user2-2-42-r1.dat,2,2,42,1
20190627/user2/user2-3-22-r3.dat,2,3,22,3
20190627/user2/user2-4-51-r4.dat,2,4,51,4
20190627/user2/user2-3-40-r2.dat,2,3,40,2
20190627/user2/user2-4-27-r2.dat,2,4,27,2
20190627/user2/user2-4-82-r3.dat,2,4,82,3
20190627/user2/user2-4-12-r1.dat,2,4,12,1
20190627/user2/user2-2-59-r2.dat,2,2,59,2
20190627/user2/user2-3-38-r5.dat,2,3,38,5
20190627/user2/user2-1-29-r1.dat,2,1,29,1
20190627/user2/user2-4-75-r5.dat,2,4,75,5
20190627/user2/user2-4-39-r2.dat,2,4,39,2
20190627/user2/user2-4-38-r1.dat,2,4,38,1
20190627/user2/user2-3-99-r5.dat,2,3,99,5
20190627/user2/user2-4-11-r4.dat,2,4,11,4
20190627/user2/user2-4-85-r4.dat,2,4,85,4
20190627/user2/user2-2-52-r4.dat,2,2,52,4
20190627/user2/user2-2-91-r2.dat,2,2,91,2
20190627/user2/user2-1-40-r3.dat,2,1,40,3
20190627/user2/user2-3-1-r2.dat,2,3,1,2
20190627/user2/user2-4-11-r3.dat,2,4,11,3
20190627/user2/user2-1-51-r1.dat,2,1,51,1
20190627/user2/user2-3-52-r5.dat,2,3,52,5
20190627/user2/user2-1-47-r2.dat,2,1,47,2
20190627/user2/user2-4-20-r4.dat,2,4,20,4
20190627/user2/user2-2-7-r5.dat,2,2,7,5
20190627/user2/user2-2-30-r3.dat,2,2,30,3
20190627/user2/user2-1-36-r1.dat,2,1,36,1
20190627/user2/user2-1-53-r3.dat,2,1,53,3
20190627/user2/user2-1-76-r3.dat,2,1,76,3
20190627/user2/user2-1-14-r2.dat,2,1,14,2
20190627/user2/user2-2-69-r1.dat,2,2,69,1
20190627/user2/user2-2-37-r5.dat,2,2,37,5
20190627/user2/user2-3-47-r3.dat,2,3,47,3
20190627/user2/user2-3-80-r2.dat,2,3,80,2
20190627/user2/user2-4-3-r4.dat,2,4,3,4
20190627/user2/user2-4-52-r5.dat,2,4,52,5
20190627/user2/user2-2-100-r4.dat,2,2,100,4
20190627/user2/user2-2-4-r5.dat,2,2,4,5
20190627/user2/user2-1-47-r5.dat,2,1,47,5
20190627/user2/user2-1-15-r5.dat,2,1,15,5
20190627/user2/user2-4-35-r6.dat,2,4,35,6
20190627/user2/user2-1-86-r6.dat,2,1,86,6
20190627/user2/user2-4-44-r6.dat,2,4,44,6
20190627/user2/user2-4-40-r6.dat,2,4,40,6
20190627/user2/user2-4-41-r6.dat,2,4,41,6
20190627/user2/user2-3-15-r1.dat,2,3,15,1
20190627/user2/user2-2-51-r1.dat,2,2,51,1
20190627/user2/user2-4-33-r3.dat,2,4,33,3
20190627/user2/user2-1-33-r3.dat,2,1,33,3
20190627/user2/user2-4-93-r5.dat,2,4,93,5
20190627/user2/user2-3-90-r2.dat,2,3,90,2
20190627/user2/user2-3-64-r2.dat,2,3,64,2
20190627/user2/user2-2-72-r4.dat,2,2,72,4
20190627/user2/user2-2-67-r4.dat,2,2,67,4
20190627/user2/user2-1-45-r1.dat,2,1,45,1
20190627/user2/user2-2-98-r3.dat,2,2,98,3
20190627/user2/user2-1-97-r3.dat,2,1,97,3
20190627/user2/user2-3-39-r1.dat,2,3,39,1
20190627/user2/user2-4-50-r4.dat,2,4,50,4
20190627/user2/user2-1-40-r4.dat,2,1,40,4
20190627/user2/user2-3-91-r3.dat,2,3,91,3
20190627/user2/user2-1-56-r6.dat,2,1,56,6
20190627/user2/user2-3-29-r5.dat,2,3,29,5
20190627/user2/user2-1-45-r5.dat,2,1,45,5
20190627/user2/user2-1-32-r1.dat,2,1,32,1
20190627/user2/user2-3-19-r3.dat,2,3,19,3
20190627/user2/user2-1-3-r4.dat,2,1,3,4
20190627/user2/user2-3-75-r1.dat,2,3,75,1
20190627/user2/user2-4-50-r5.dat,2,4,50,5
20190627/user2/user2-2-1-r2.dat,2,2,1,2
20190627/user2/user2-4-77-r5.dat,2,4,77,5
20190627/user2/user2-4-92-r3.dat,2,4,92,3
20190627/user2/user2-1-63-r6.dat,2,1,63,6
20190627/user2/user2-1-22-r4.dat,2,1,22,4
20190627/user2/user2-1-40-r2.dat,2,1,40,2
20190627/user2/user2-1-56-r2.dat,2,1,56,2
20190627/user2/user2-3-95-r6.dat,2,3,95,6
20190627/user2/user2-3-20-r3.dat,2,3,20,3
20190627/user2/user2-2-20-r3.dat,2,2,20,3
20190627/user2/user2-1-86-r4.dat,2,1,86,4
20190627/user2/user2-3-59-r6.dat,2,3,59,6
20190627/user2/user2-4-75-r4.dat,2,4,75,4
20190627/user2/user2-2-50-r6.dat,2,2,50,6
20190627/user2/user2-4-38-r6.dat,2,4,38,6
20190627/user2/user2-1-48-r6.dat,2,1,48,6
20190627/user2/user2-1-2-r6.dat,2,1,2,6
20190627/user2/user2-2-14-r4.dat,2,2,14,4
20190627/user2/user2-2-97-r3.dat,2,2,97,3
20190627/user2/user2-3-74-r6.dat,2,3,74,6
20190627/user2/user2-3-75-r4.dat,2,3,75,4
20190627/user2/user2-2-71-r1.dat,2,2,71,1
20190627/user2/user2-1-50-r5.dat,2,1,50,5
20190627/user2/user2-2-36-r6.dat,2,2,36,6
20190627/user2/user2-4-10-r5.dat,2,4,10,5
20190627/user2/user2-4-64-r1.dat,2,4,64,1
20190627/user2/user2-4-2-r6.dat,2,4,2,6
20190627/user2/user2-3-10-r2.dat,2,3,10,2
20190627/user2/user2-2-42-r3.dat,2,2,42,3
20190627/user2/user2-4-52-r2.dat,2,4,52,2
20190627/user2/user2-1-67-r6.dat,2,1,67,6
20190627/user2/user2-1-94-r6.dat,2,1,94,6
20190627/user2/user2-1-41-r6.dat,2,1,41,6
20190627/user2/user2-1-8-r6.dat,2,1,8,6
20190627/user2/user2-1-77-r3.dat,2,1,77,3
20190627/user2/user2-4-78-r5.dat,2,4,78,5
20190627/user2/user2-4-6-r6.dat,2,4,6,6
20190627/user2/user2-3-33-r3.dat,2,3,33,3
20190627/user2/user2-3-5-r2.dat,2,3,5,2
20190627/user2/user2-2-13-r5.dat,2,2,13,5
20190627/user2/user2-4-69-r4.dat,2,4,69,4
20190627/user2/user2-2-86-r5.dat,2,2,86,5
20190627/user2/user2-4-71-r3.dat,2,4,71,3
20190627/user2/user2-4-8-r3.dat,2,4,8,3
20190627/user2/user2-3-29-r6.dat,2,3,29,6
20190627/user2/user2-2-96-r5.dat,2,2,96,5
20190627/user2/user2-4-31-r2.dat,2,4,31,2
20190627/user2/user2-3-94-r4.dat,2,3,94,4
20190627/user2/user2-3-44-r2.dat,2,3,44,2
20190627/user2/user2-3-10-r1.dat,2,3,10,1
20190627/user2/user2-1-87-r5.dat,2,1,87,5
20190627/user2/user2-4-72-r3.dat,2,4,72,3
20190627/user2/user2-4-77-r6.dat,2,4,77,6
20190627/user2/user2-1-67-r3.dat,2,1,67,3
20190627/user2/user2-3-30-r5.dat,2,3,30,5
20190627/user2/user2-4-68-r3.dat,2,4,68,3
20190627/user2/user2-4-99-r6.dat,2,4,99,6
20190627/user2/user2-2-79-r1.dat,2,2,79,1
20190627/user2/user2-3-49-r2.dat,2,3,49,2
20190627/user2/user2-3-37-r3.dat,2,3,37,3
20190627/user2/user2-3-59-r1.dat,2,3,59,1
20190627/user2/user2-2-5-r6.dat,2,2,5,6
20190627/user2/user2-3-28-r2.dat,2,3,28,2
20190627/user2/user2-1-57-r4.dat,2,1,57,4
20190627/user2/user2-1-37-r5.dat,2,1,37,5
20190627/user2/user2-1-81-r6.dat,2,1,81,6
20190627/user2/user2-1-19-r6.dat,2,1,19,6
20190627/user2/user2-2-6-r1.dat,2,2,6,1
20190627/user2/user2-4-91-r4.dat,2,4,91,4
20190627/user2/user2-4-45-r2.dat,2,4,45,2
20190627/user2/user2-2-67-r1.dat,2,2,67,1
20190627/user2/user2-3-94-r6.dat,2,3,94,6
20190627/user2/user2-3-22-r4.dat,2,3,22,4
20190627/user2/user2-2-31-r6.dat,2,2,31,6
20190627/user2/user2-1-61-r4.dat,2,1,61,4
20190627/user2/user2-2-59-r1.dat,2,2,59,1
20190627/user2/user2-3-1-r3.dat,2,3,1,3
20190627/user2/user2-2-60-r5.dat,2,2,60,5
20190627/user2/user2-2-79-r4.dat,2,2,79,4
20190627/user2/user2-2-61-r1.dat,2,2,61,1
20190627/user2/user2-2-70-r3.dat,2,2,70,3
20190627/user2/user2-3-2-r2.dat,2,3,2,2
20190627/user2/user2-1-64-r2.dat,2,1,64,2
20190627/user2/user2-1-75-r5.dat,2,1,75,5
20190627/user2/user2-3-85-r1.dat,2,3,85,1
20190627/user2/user2-1-23-r6.dat,2,1,23,6
20190627/user2/user2-2-51-r3.dat,2,2,51,3
20190627/user2/user2-1-23-r5.dat,2,1,23,5
20190627/user2/user2-2-20-r1.dat,2,2,20,1
20190627/user2/user2-3-73-r5.dat,2,3,73,5
20190627/user2/user2-2-53-r1.dat,2,2,53,1
20190627/user2/user2-2-1-r1.dat,2,2,1,1
20190627/user2/user2-1-43-r1.dat,2,1,43,1
20190627/user2/user2-3-14-r1.dat,2,3,14,1
20190627/user2/user2-1-23-r2.dat,2,1,23,2
20190627/user2/user2-2-64-r2.dat,2,2,64,2
20190627/user2/user2-1-30-r1.dat,2,1,30,1
20190627/user2/user2-4-38-r4.dat,2,4,38,4
20190627/user2/user2-1-25-r3.dat,2,1,25,3
20190627/user2/user2-1-3-r2.dat,2,1,3,2
20190627/user2/user2-2-28-r2.dat,2,2,28,2
20190627/user2/user2-3-48-r5.dat,2,3,48,5
20190627/user2/user2-4-91-r3.dat,2,4,91,3
20190627/user2/user2-2-20-r2.dat,2,2,20,2
20190627/user2/user2-2-89-r3.dat,2,2,89,3
20190627/user2/user2-2-70-r5.dat,2,2,70,5
20190627/user2/user2-2-6-r4.dat,2,2,6,4
20190627/user2/user2-3-58-r6.dat,2,3,58,6
20190627/user2/user2-3-83-r3.dat,2,3,83,3
20190627/user2/user2-2-75-r6.dat,2,2,75,6
20190627/user2/user2-1-41-r2.dat,2,1,41,2
20190627/user2/user2-3-10-r3.dat,2,3,10,3
20190627/user2/user2-2-23-r6.dat,2,2,23,6
20190627/user2/user2-4-33-r4.dat,2,4,33,4
20190627/user2/user2-2-14-r5.dat,2,2,14,5
20190627/user2/user2-3-62-r5.dat,2,3,62,5
20190627/user2/user2-4-83-r1.dat,2,4,83,1
20190627/user2/user2-4-32-r3.dat,2,4,32,3
20190627/user2/user2-4-21-r1.dat,2,4,21,1
20190627/user2/user2-1-99-r6.dat,2,1,99,6
20190627/user2/user2-1-26-r5.dat,2,1,26,5
20190627/user2/user2-3-14-r6.dat,2,3,14,6
20190627/user2/user2-4-87-r6.dat,2,4,87,6
20190627/user2/user2-1-86-r1.dat,2,1,86,1
20190627/user2/user2-4-69-r3.dat,2,4,69,3
20190627/user2/user2-3-4-r3.dat,2,3,4,3
20190627/user2/user2-2-22-r1.dat,2,2,22,1
20190627/user2/user2-2-34-r6.dat,2,2,34,6
20190627/user2/user2-1-82-r1.dat,2,1,82,1
20190627/user2/user2-2-11-r5.dat,2,2,11,5
20190627/user2/user2-1-49-r2.dat,2,1,49,2
20190627/user2/user2-3-48-r6.dat,2,3,48,6
20190627/user2/user2-4-59-r1.dat,2,4,59,1
20190627/user2/user2-3-65-r4.dat,2,3,65,4
20190627/user2/user2-3-90-r3.dat,2,3,90,3
20190627/user2/user2-1-65-r3.dat,2,1,65,3
20190627/user2/user2-1-34-r4.dat,2,1,34,4
20190627/user2/user2-3-12-r3.dat,2,3,12,3
20190627/user2/user2-2-70-r2.dat,2,2,70,2
20190627/user2/user2-1-58-r3.dat,2,1,58,3
20190627/user2/user2-4-63-r2.dat,2,4,63,2
20190627/user2/user2-2-26-r3.dat,2,2,26,3
20190627/user2/user2-4-29-r6.dat,2,4,29,6
20190627/user2/user2-1-31-r4.dat,2,1,31,4
20190627/user2/user2-2-52-r2.dat,2,2,52,2
20190627/user2/user2-2-13-r1.dat,2,2,13,1
20190627/user2/user2-1-32-r4.dat,2,1,32,4
20190627/user2/user2-3-25-r3.dat,2,3,25,3
20190627/user2/user2-1-66-r5.dat,2,1,66,5
20190627/user2/user2-1-12-r5.dat,2,1,12,5
20190627/user2/user2-1-34-r1.dat,2,1,34,1
20190627/user2/user2-4-4-r5.dat,2,4,4,5
20190627/user2/user2-3-88-r3.dat,2,3,88,3
20190627/user2/user2-2-72-r5.dat,2,2,72,5
20190627/user2/user2-2-59-r3.dat,2,2,59,3
20190627/user2/user2-3-45-r1.dat,2,3,45,1
20190627/user2/user2-4-67-r3.dat,2,4,67,3
20190627/user2/user2-3-21-r4.dat,2,3,21,4
20190627/user2/user2-4-72-r1.dat,2,4,72,1
20190627/user2/user2-4-51-r2.dat,2,4,51,2
20190627/user2/user2-4-30-r2.dat,2,4,30,2
20190627/user2/user2-4-41-r2.dat,2,4,41,2
20190627/user2/user2-1-34-r3.dat,2,1,34,3
20190627/user2/user2-2-10-r6.dat,2,2,10,6
20190627/user2/user2-4-94-r4.dat,2,4,94,4
20190627/user2/user2-4-90-r5.dat,2,4,90,5
20190627/user2/user2-1-35-r5.dat,2,1,35,5
20190627/user2/user2-1-57-r6.dat,2,1,57,6
20190627/user2/user2-4-28-r3.dat,2,4,28,3
20190627/user2/user2-1-97-r6.dat,2,1,97,6
20190627/user2/user2-1-69-r1.dat,2,1,69,1
20190627/user2/user2-1-44-r3.dat,2,1,44,3
20190627/user2/user2-1-29-r5.dat,2,1,29,5
20190627/user2/user2-3-44-r6.dat,2,3,44,6
20190627/user2/user2-3-72-r3.dat,2,3,72,3
20190627/user2/user2-3-53-r5.dat,2,3,53,5
20190627/user2/user2-1-11-r5.dat,2,1,11,5
20190627/user2/user2-1-15-r6.dat,2,1,15,6
20190627/user2/user2-1-26-r2.dat,2,1,26,2
20190627/user2/user2-1-19-r2.dat,2,1,19,2
20190627/user2/user2-1-21-r1.dat,2,1,21,1
20190627/user2/user2-4-14-r5.dat,2,4,14,5
20190627/user2/user2-1-98-r5.dat,2,1,98,5
20190627/user2/user2-1-14-r1.dat,2,1,14,1
20190627/user2/user2-3-26-r3.dat,2,3,26,3
20190627/user2/user2-1-77-r5.dat,2,1,77,5
20190627/user2/user2-2-1-r3.dat,2,2,1,3
20190627/user2/user2-1-56-r5.dat,2,1,56,5
20190627/user2/user2-4-61-r2.dat,2,4,61,2
20190627/user2/user2-4-24-r4.dat,2,4,24,4
20190627/user2/user2-1-94-r2.dat,2,1,94,2
20190627/user2/user2-2-75-r5.dat,2,2,75,5
20190627/user2/user2-1-8-r3.dat,2,1,8,3
20190627/user2/user2-1-15-r4.dat,2,1,15,4
20190627/user2/user2-3-5-r6.dat,2,3,5,6
20190627/user2/user2-3-32-r3.dat,2,3,32,3
20190627/user2/user2-2-99-r3.dat,2,2,99,3
20190627/user2/user2-2-65-r2.dat,2,2,65,2
20190627/user2/user2-4-32-r4.dat,2,4,32,4
20190627/user2/user2-4-66-r1.dat,2,4,66,1
20190627/user2/user2-4-34-r1.dat,2,4,34,1
20190627/user2/user2-3-79-r3.dat,2,3,79,3
20190627/user2/user2-1-80-r6.dat,2,1,80,6
20190627/user2/user2-2-91-r6.dat,2,2,91,6
20190627/user2/user2-4-8-r1.dat,2,4,8,1
20190627/user2/user2-2-10-r1.dat,2,2,10,1
20190627/user2/user2-2-3-r3.dat,2,2,3,3
20190627/user2/user2-4-58-r3.dat,2,4,58,3
20190627/user2/user2-2-84-r2.dat,2,2,84,2
20190627/user2/user2-4-62-r5.dat,2,4,62,5
20190627/user2/user2-2-28-r6.dat,2,2,28,6
20190627/user2/user2-1-70-r2.dat,2,1,70,2
20190627/user2/user2-2-38-r3.dat,2,2,38,3
20190627/user2/user2-4-12-r2.dat,2,4,12,2
20190627/user2/user2-1-83-r6.dat,2,1,83,6
20190627/user2/user2-2-13-r2.dat,2,2,13,2
20190627/user2/user2-3-11-r6.dat,2,3,11,6
20190627/user2/user2-3-67-r6.dat,2,3,67,6
20190627/user2/user2-3-11-r4.dat,2,3,11,4
20190627/user2/user2-4-80-r2.dat,2,4,80,2
20190627/user2/user2-4-85-r6.dat,2,4,85,6
20190627/user2/user2-2-87-r4.dat,2,2,87,4
20190627/user2/user2-1-59-r4.dat,2,1,59,4
20190627/user2/user2-3-38-r1.dat,2,3,38,1
20190627/user2/user2-3-15-r4.dat,2,3,15,4
20190627/user2/user2-4-44-r3.dat,2,4,44,3
20190627/user2/user2-4-89-r1.dat,2,4,89,1
20190627/user2/user2-2-63-r6.dat,2,2,63,6
20190627/user2/user2-2-39-r2.dat,2,2,39,2
20190627/user2/user2-1-55-r6.dat,2,1,55,6
20190627/user2/user2-3-92-r6.dat,2,3,92,6
20190627/user2/user2-1-79-r5.dat,2,1,79,5
20190627/user2/user2-4-25-r4.dat,2,4,25,4
20190627/user2/user2-4-73-r6.dat,2,4,73,6
20190627/user2/user2-3-95-r4.dat,2,3,95,4
20190627/user2/user2-1-96-r3.dat,2,1,96,3
20190627/user2/user2-2-20-r6.dat,2,2,20,6
20190627/user2/user2-4-25-r2.dat,2,4,25,2
20190627/user2/user2-1-41-r5.dat,2,1,41,5
20190627/user2/user2-4-43-r2.dat,2,4,43,2
20190627/user2/user2-3-30-r1.dat,2,3,30,1
20190627/user2/user2-2-81-r3.dat,2,2,81,3
20190627/user2/user2-1-85-r2.dat,2,1,85,2
20190627/user2/user2-1-3-r5.dat,2,1,3,5
20190627/user2/user2-3-90-r6.dat,2,3,90,6
20190627/user2/user2-2-46-r3.dat,2,2,46,3
20190627/user2/user2-4-99-r4.dat,2,4,99,4
20190627/user2/user2-1-75-r3.dat,2,1,75,3
20190627/user2/user2-4-33-r2.dat,2,4,33,2
20190627/user2/user2-4-52-r4.dat,2,4,52,4
20190627/user2/user2-2-1-r6.dat,2,2,1,6
20190627/user2/user2-2-23-r5.dat,2,2,23,5
20190627/user2/user2-1-3-r6.dat,2,1,3,6
20190627/user2/user2-2-11-r4.dat,2,2,11,4
20190627/user2/user2-4-97-r5.dat,2,4,97,5
20190627/user2/user2-2-49-r5.dat,2,2,49,5
20190627/user2/user2-1-71-r1.dat,2,1,71,1
20190627/user2/user2-1-9-r1.dat,2,1,9,1
20190627/user2/user2-3-68-r5.dat,2,3,68,5
20190627/user2/user2-3-5-r1.dat,2,3,5,1
20190627/user2/user2-3-10-r6.dat,2,3,10,6
20190627/user2/user2-3-8-r5.dat,2,3,8,5
20190627/user2/user2-3-22-r1.dat,2,3,22,1
20190627/user2/user2-3-86-r6.dat,2,3,86,6
20190627/user2/user2-3-14-r2.dat,2,3,14,2
20190627/user2/user2-2-68-r3.dat,2,2,68,3
20190627/user2/user2-1-60-r2.dat,2,1,60,2
20190627/user2/user2-1-21-r5.dat,2,1,21,5
20190627/user2/user2-1-73-r1.dat,2,1,73,1
20190627/user2/user2-1-76-r6.dat,2,1,76,6
20190627/user2/user2-2-96-r6.dat,2,2,96,6
20190627/user2/user2-1-74-r4.dat,2,1,74,4
20190627/user2/user2-2-73-r3.dat,2,2,73,3
20190627/user2/user2-1-60-r3.dat,2,1,60,3
20190627/user2/user2-1-85-r1.dat,2,1,85,1
20190627/user2/user2-1-75-r6.dat,2,1,75,6
20190627/user2/user2-1-66-r6.dat,2,1,66,6
20190627/user2/user2-4-10-r4.dat,2,4,10,4
20190627/user2/user2-4-9-r2.dat,2,4,9,2
20190627/user2/user2-4-83-r5.dat,2,4,83,5
20190627/user2/user2-1-59-r6.dat,2,1,59,6
20190627/user2/user2-1-65-r1.dat,2,1,65,1
20190627/user2/user2-1-52-r6.dat,2,1,52,6
20190627/user2/user2-3-19-r5.dat,2,3,19,5
20190627/user2/user2-4-46-r4.dat,2,4,46,4
20190627/user2/user2-3-100-r3.dat,2,3,100,3
20190627/user2/user2-2-48-r3.dat,2,2,48,3
20190627/user2/user2-4-20-r3.dat,2,4,20,3
20190627/user2/user2-1-7-r3.dat,2,1,7,3
20190627/user2/user2-2-78-r3.dat,2,2,78,3
20190627/user2/user2-3-75-r3.dat,2,3,75,3
20190627/user2/user2-2-49-r2.dat,2,2,49,2
20190627/user2/user2-4-7-r5.dat,2,4,7,5
20190627/user2/user2-4-74-r6.dat,2,4,74,6
20190627/user2/user2-3-35-r1.dat,2,3,35,1
20190627/user2/user2-1-4-r6.dat,2,1,4,6
20190627/user2/user2-3-71-r6.dat,2,3,71,6
20190627/user2/user2-2-6-r6.dat,2,2,6,6
20190627/user2/user2-3-48-r3.dat,2,3,48,3
20190627/user2/user2-3-40-r5.dat,2,3,40,5
20190627/user2/user2-2-61-r3.dat,2,2,61,3
20190627/user2/user2-2-77-r1.dat,2,2,77,1
20190627/user2/user2-1-64-r3.dat,2,1,64,3
20190627/user2/user2-2-26-r1.dat,2,2,26,1
20190627/user2/user2-3-11-r5.dat,2,3,11,5
20190627/user2/user2-1-28-r1.dat,2,1,28,1
20190627/user2/user2-1-18-r4.dat,2,1,18,4
20190627/user2/user2-3-48-r1.dat,2,3,48,1
20190627/user2/user2-4-21-r5.dat,2,4,21,5
20190627/user2/user2-1-30-r3.dat,2,1,30,3
20190627/user2/user2-1-34-r5.dat,2,1,34,5
20190627/user2/user2-1-5-r5.dat,2,1,5,5
20190627/user2/user2-3-53-r4.dat,2,3,53,4
20190627/user2/user2-3-94-r5.dat,2,3,94,5
20190627/user2/user2-3-50-r1.dat,2,3,50,1
20190627/user2/user2-1-73-r4.dat,2,1,73,4
20190627/user2/user2-1-89-r5.dat,2,1,89,5
20190627/user2/user2-1-59-r3.dat,2,1,59,3
20190627/user2/user2-2-2-r2.dat,2,2,2,2
20190627/user2/user2-1-76-r4.dat,2,1,76,4
20190627/user2/user2-1-32-r2.dat,2,1,32,2
20190627/user2/user2-1-36-r5.dat,2,1,36,5
20190627/user2/user2-4-34-r6.dat,2,4,34,6
20190627/user2/user2-1-2-r4.dat,2,1,2,4
20190627/user2/user2-2-66-r3.dat,2,2,66,3
20190627/user2/user2-1-2-r5.dat,2,1,2,5
20190627/user2/user2-3-76-r4.dat,2,3,76,4
20190627/user2/user2-4-69-r1.dat,2,4,69,1
20190627/user2/user2-2-17-r1.dat,2,2,17,1
20190627/user2/user2-2-82-r4.dat,2,2,82,4
20190627/user2/user2-1-26-r3.dat,2,1,26,3
20190627/user2/user2-1-4-r5.dat,2,1,4,5
20190627/user2/user2-3-69-r4.dat,2,3,69,4
20190627/user2/user2-4-94-r5.dat,2,4,94,5
20190627/user2/user2-2-87-r2.dat,2,2,87,2
20190627/user2/user2-1-64-r1.dat,2,1,64,1
20190627/user2/user2-3-60-r3.dat,2,3,60,3
20190627/user2/user2-4-1-r2.dat,2,4,1,2
20190627/user2/user2-4-54-r3.dat,2,4,54,3
20190627/user2/user2-1-100-r1.dat,2,1,100,1
20190627/user2/user2-1-65-r6.dat,2,1,65,6
20190627/user2/user2-3-22-r2.dat,2,3,22,2
20190627/user2/user2-4-71-r1.dat,2,4,71,1
20190627/user2/user2-1-11-r6.dat,2,1,11,6
20190627/user2/user2-4-74-r2.dat,2,4,74,2
20190627/user2/user2-4-93-r3.dat,2,4,93,3
20190627/user2/user2-2-19-r1.dat,2,2,19,1
20190627/user2/user2-3-57-r4.dat,2,3,57,4
20190627/user2/user2-4-15-r5.dat,2,4,15,5
20190627/user2/user2-2-34-r1.dat,2,2,34,1
20190627/user2/user2-2-47-r2.dat,2,2,47,2
20190627/user2/user2-2-93-r4.dat,2,2,93,4
20190627/user2/user2-4-62-r2.dat,2,4,62,2
20190627/user2/user2-2-2-r3.dat,2,2,2,3
20190627/user2/user2-1-76-r1.dat,2,1,76,1
20190627/user2/user2-2-31-r5.dat,2,2,31,5
20190627/user2/user2-1-12-r3.dat,2,1,12,3
20190627/user2/user2-1-79-r1.dat,2,1,79,1
20190627/user2/user2-3-14-r5.dat,2,3,14,5
20190627/user2/user2-3-57-r5.dat,2,3,57,5
20190627/user2/user2-1-79-r4.dat,2,1,79,4
20190627/user2/user2-3-25-r5.dat,2,3,25,5
20190627/user2/user2-2-52-r3.dat,2,2,52,3
20190627/user2/user2-3-7-r3.dat,2,3,7,3
20190627/user2/user2-1-97-r2.dat,2,1,97,2
20190627/user2/user2-2-61-r5.dat,2,2,61,5
20190627/user2/user2-1-44-r6.dat,2,1,44,6
20190627/user2/user2-1-57-r2.dat,2,1,57,2
20190627/user2/user2-1-83-r3.dat,2,1,83,3
20190627/user2/user2-3-37-r1.dat,2,3,37,1
20190627/user2/user2-1-1-r6.dat,2,1,1,6
20190627/user2/user2-3-72-r6.dat,2,3,72,6
20190627/user2/user2-1-9-r2.dat,2,1,9,2
20190627/user2/user2-2-3-r5.dat,2,2,3,5
20190627/user2/user2-3-6-r2.dat,2,3,6,2
20190627/user2/user2-1-52-r1.dat,2,1,52,1
20190627/user2/user2-1-59-r2.dat,2,1,59,2
20190627/user2/user2-1-45-r3.dat,2,1,45,3
20190627/user2/user2-4-7-r6.dat,2,4,7,6
20190627/user2/user2-3-49-r3.dat,2,3,49,3
20190627/user2/user2-3-76-r6.dat,2,3,76,6
20190627/user2/user2-2-67-r3.dat,2,2,67,3
20190627/user2/user2-2-77-r5.dat,2,2,77,5
20190627/user2/user2-2-19-r5.dat,2,2,19,5
20190627/user2/user2-3-62-r3.dat,2,3,62,3
20190627/user2/user2-3-27-r6.dat,2,3,27,6
20190627/user2/user2-1-15-r3.dat,2,1,15,3
20190627/user2/user2-2-5-r5.dat,2,2,5,5
20190627/user2/user2-2-33-r2.dat,2,2,33,2
20190627/user2/user2-3-84-r1.dat,2,3,84,1
20190627/user2/user2-3-32-r4.dat,2,3,32,4
20190627/user2/user2-3-85-r4.dat,2,3,85,4
20190627/user2/user2-3-53-r2.dat,2,3,53,2
20190627/user2/user2-3-8-r1.dat,2,3,8,1
20190627/user2/user2-3-9-r4.dat,2,3,9,4
20190627/user2/user2-1-13-r4.dat,2,1,13,4
20190627/user2/user2-1-75-r1.dat,2,1,75,1
20190627/user2/user2-1-31-r6.dat,2,1,31,6
20190627/user2/user2-4-77-r2.dat,2,4,77,2
20190627/user2/user2-2-58-r6.dat,2,2,58,6
20190627/user2/user2-3-65-r5.dat,2,3,65,5
20190627/user2/user2-3-66-r6.dat,2,3,66,6
20190627/user2/user2-2-74-r6.dat,2,2,74,6
20190627/user2/user2-2-32-r6.dat,2,2,32,6
20190627/user2/user2-3-70-r1.dat,2,3,70,1
20190627/user2/user2-3-88-r1.dat,2,3,88,1
20190627/user2/user2-1-44-r1.dat,2,1,44,1
20190627/user2/user2-2-89-r1.dat,2,2,89,1
20190627/user2/user2-3-23-r5.dat,2,3,23,5
20190627/user2/user2-1-13-r1.dat,2,1,13,1
20190627/user2/user2-3-42-r2.dat,2,3,42,2
20190627/user2/user2-4-95-r2.dat,2,4,95,2
20190627/user2/user2-3-79-r2.dat,2,3,79,2
20190627/user2/user2-2-67-r5.dat,2,2,67,5
20190627/user2/user2-3-68-r3.dat,2,3,68,3
20190627/user2/user2-4-53-r1.dat,2,4,53,1
20190627/user2/user2-4-56-r6.dat,2,4,56,6
20190627/user2/user2-2-75-r1.dat,2,2,75,1
20190627/user2/user2-1-64-r5.dat,2,1,64,5
20190627/user2/user2-2-57-r5.dat,2,2,57,5
20190627/user2/user2-1-84-r6.dat,2,1,84,6
20190627/user2/user2-4-49-r3.dat,2,4,49,3
20190627/user2/user2-3-77-r2.dat,2,3,77,2
20190627/user2/user2-3-36-r4.dat,2,3,36,4
20190627/user2/user2-1-60-r4.dat,2,1,60,4
20190627/user2/user2-2-35-r3.dat,2,2,35,3
20190627/user2/user2-1-68-r4.dat,2,1,68,4
20190627/user2/user2-3-2-r3.dat,2,3,2,3
20190627/user2/user2-1-44-r2.dat,2,1,44,2
20190627/user2/user2-3-34-r5.dat,2,3,34,5
20190627/user2/user2-1-13-r6.dat,2,1,13,6
20190627/user2/user2-1-41-r1.dat,2,1,41,1
20190627/user2/user2-3-94-r1.dat,2,3,94,1
20190627/user2/user2-2-48-r2.dat,2,2,48,2
20190627/user2/user2-4-48-r2.dat,2,4,48,2
20190627/user2/user2-3-80-r1.dat,2,3,80,1
20190627/user2/user2-1-85-r4.dat,2,1,85,4
20190627/user2/user2-2-66-r1.dat,2,2,66,1
20190627/user2/user2-4-71-r4.dat,2,4,71,4
20190627/user2/user2-2-54-r2.dat,2,2,54,2
20190627/user2/user2-4-52-r3.dat,2,4,52,3
20190627/user2/user2-2-29-r3.dat,2,2,29,3
20190627/user2/user2-4-2-r2.dat,2,4,2,2
20190627/user2/user2-3-68-r1.dat,2,3,68,1
20190627/user2/user2-3-58-r4.dat,2,3,58,4
20190627/user2/user2-2-71-r2.dat,2,2,71,2
20190627/user2/user2-4-6-r1.dat,2,4,6,1
20190627/user2/user2-1-77-r6.dat,2,1,77,6
20190627/user2/user2-3-50-r4.dat,2,3,50,4
20190627/user2/user2-2-66-r5.dat,2,2,66,5
20190627/user2/user2-2-19-r4.dat,2,2,19,4
20190627/user2/user2-3-14-r4.dat,2,3,14,4
20190627/user2/user2-4-81-r4.dat,2,4,81,4
20190627/user2/user2-4-71-r6.dat,2,4,71,6
20190627/user2/user2-2-30-r5.dat,2,2,30,5
20190627/user2/user2-1-74-r6.dat,2,1,74,6
20190627/user2/user2-4-30-r6.dat,2,4,30,6
20190627/user2/user2-1-9-r3.dat,2,1,9,3
20190627/user2/user2-1-29-r6.dat,2,1,29,6
20190627/user2/user2-3-60-r2.dat,2,3,60,2
20190627/user2/user2-4-43-r4.dat,2,4,43,4
20190627/user2/user2-2-56-r4.dat,2,2,56,4
20190627/user2/user2-2-77-r2.dat,2,2,77,2
20190627/user2/user2-2-8-r5.dat,2,2,8,5
20190627/user2/user2-2-46-r6.dat,2,2,46,6
20190627/user2/user2-1-87-r3.dat,2,1,87,3
20190627/user2/user2-1-68-r1.dat,2,1,68,1
20190627/user2/user2-4-68-r2.dat,2,4,68,2
20190627/user2/user2-1-3-r1.dat,2,1,3,1
20190627/user2/user2-4-10-r1.dat,2,4,10,1
20190627/user2/user2-3-4-r1.dat,2,3,4,1
20190627/user2/user2-1-94-r4.dat,2,1,94,4
20190627/user2/user2-1-19-r1.dat,2,1,19,1
20190627/user2/user2-2-69-r5.dat,2,2,69,5
20190627/user2/user2-1-16-r4.dat,2,1,16,4
20190627/user2/user2-3-49-r1.dat,2,3,49,1
20190627/user2/user2-4-37-r4.dat,2,4,37,4
20190627/user2/user2-3-81-r6.dat,2,3,81,6
20190627/user2/user2-4-57-r2.dat,2,4,57,2
20190627/user2/user2-4-22-r2.dat,2,4,22,2
20190627/user2/user2-1-75-r2.dat,2,1,75,2
20190627/user2/user2-2-99-r6.dat,2,2,99,6
20190627/user2/user2-4-55-r5.dat,2,4,55,5
20190627/user2/user2-1-5-r3.dat,2,1,5,3
20190627/user2/user2-2-73-r1.dat,2,2,73,1
20190627/user2/user2-1-39-r3.dat,2,1,39,3
20190627/user2/user2-2-72-r6.dat,2,2,72,6
20190627/user2/user2-3-18-r3.dat,2,3,18,3
20190627/user2/user2-2-33-r1.dat,2,2,33,1
20190627/user2/user2-4-22-r3.dat,2,4,22,3
20190627/user2/user2-1-93-r5.dat,2,1,93,5
20190627/user2/user2-1-35-r2.dat,2,1,35,2
20190627/user2/user2-1-60-r1.dat,2,1,60,1
20190627/user2/user2-2-91-r3.dat,2,2,91,3
20190627/user2/user2-1-93-r1.dat,2,1,93,1
20190627/user2/user2-4-35-r5.dat,2,4,35,5
20190627/user2/user2-2-47-r5.dat,2,2,47,5
20190627/user2/user2-1-79-r2.dat,2,1,79,2
20190627/user2/user2-3-15-r5.dat,2,3,15,5
20190627/user2/user2-3-3-r2.dat,2,3,3,2
20190627/user2/user2-1-67-r2.dat,2,1,67,2
20190627/user2/user2-2-60-r2.dat,2,2,60,2
20190627/user2/user2-4-36-r5.dat,2,4,36,5
20190627/user2/user2-3-9-r2.dat,2,3,9,2
20190627/user2/user2-3-83-r6.dat,2,3,83,6
20190627/user2/user2-1-82-r2.dat,2,1,82,2
20190627/user2/user2-3-4-r4.dat,2,3,4,4
20190627/user2/user2-3-98-r6.dat,2,3,98,6
20190627/user2/user2-3-6-r4.dat,2,3,6,4
20190627/user2/user2-4-27-r6.dat,2,4,27,6
20190627/user2/user2-2-31-r2.dat,2,2,31,2
20190627/user2/user2-3-66-r5.dat,2,3,66,5
20190627/user2/user2-4-14-r1.dat,2,4,14,1
20190627/user2/user2-2-74-r1.dat,2,2,74,1
20190627/user2/user2-1-92-r6.dat,2,1,92,6
20190627/user2/user2-2-83-r3.dat,2,2,83,3
20190627/user2/user2-3-18-r4.dat,2,3,18,4
20190627/user2/user2-3-76-r5.dat,2,3,76,5
20190627/user2/user2-2-89-r4.dat,2,2,89,4
20190627/user2/user2-4-97-r2.dat,2,4,97,2
20190627/user2/user2-1-7-r4.dat,2,1,7,4
20190627/user2/user2-4-63-r5.dat,2,4,63,5
20190627/user2/user2-3-28-r6.dat,2,3,28,6
20190627/user2/user2-2-42-r5.dat,2,2,42,5
20190627/user2/user2-3-71-r1.dat,2,3,71,1
20190627/user2/user2-3-72-r4.dat,2,3,72,4
20190627/user2/user2-3-57-r6.dat,2,3,57,6
20190627/user2/user2-3-87-r6.dat,2,3,87,6
20190627/user2/user2-4-8-r2.dat,2,4,8,2
20190627/user2/user2-3-70-r3.dat,2,3,70,3
20190627/user2/user2-2-62-r2.dat,2,2,62,2
20190627/user2/user2-2-36-r5.dat,2,2,36,5
20190627/user2/user2-2-80-r3.dat,2,2,80,3
20190627/user2/user2-1-81-r3.dat,2,1,81,3
20190627/user2/user2-1-73-r6.dat,2,1,73,6
20190627/user2/user2-2-44-r2.dat,2,2,44,2
20190627/user2/user2-4-41-r1.dat,2,4,41,1
20190627/user2/user2-1-78-r1.dat,2,1,78,1
20190627/user2/user2-3-80-r6.dat,2,3,80,6
20190627/user2/user2-1-56-r1.dat,2,1,56,1
20190627/user2/user2-1-92-r5.dat,2,1,92,5
20190627/user2/user2-1-87-r6.dat,2,1,87,6
20190627/user2/user2-2-38-r1.dat,2,2,38,1
20190627/user2/user2-4-61-r4.dat,2,4,61,4
20190627/user2/user2-3-70-r4.dat,2,3,70,4
20190627/user2/user2-2-16-r6.dat,2,2,16,6
20190627/user2/user2-4-14-r3.dat,2,4,14,3
20190627/user2/user2-2-86-r6.dat,2,2,86,6
20190627/user2/user2-4-85-r2.dat,2,4,85,2
20190627/user2/user2-3-46-r2.dat,2,3,46,2
20190627/user2/user2-2-82-r1.dat,2,2,82,1
20190627/user2/user2-4-99-r1.dat,2,4,99,1
20190627/user2/user2-1-62-r1.dat,2,1,62,1
20190627/user2/user2-2-59-r6.dat,2,2,59,6
20190627/user2/user2-2-98-r5.dat,2,2,98,5
20190627/user2/user2-4-15-r1.dat,2,4,15,1
20190627/user2/user2-1-53-r2.dat,2,1,53,2
20190627/user2/user2-4-57-r6.dat,2,4,57,6
20190627/user2/user2-4-61-r5.dat,2,4,61,5
20190627/user2/user2-2-93-r6.dat,2,2,93,6
20190627/user2/user2-1-28-r4.dat,2,1,28,4
20190627/user2/user2-2-80-r6.dat,2,2,80,6
20190627/user2/user2-1-96-r2.dat,2,1,96,2
20190627/user2/user2-4-20-r2.dat,2,4,20,2
20190627/user2/user2-2-24-r5.dat,2,2,24,5
20190627/user2/user2-3-49-r6.dat,2,3,49,6
20190627/user2/user2-3-56-r6.dat,2,3,56,6
20190627/user2/user2-4-35-r4.dat,2,4,35,4
20190627/user2/user2-1-42-r6.dat,2,1,42,6
20190627/user2/user2-1-20-r4.dat,2,1,20,4
20190627/user2/user2-1-80-r4.dat,2,1,80,4
20190627/user2/user2-4-88-r2.dat,2,4,88,2
20190627/user2/user2-3-56-r2.dat,2,3,56,2
20190627/user2/user2-3-75-r5.dat,2,3,75,5
20190627/user2/user2-4-65-r3.dat,2,4,65,3
20190627/user2/user2-3-98-r2.dat,2,3,98,2
20190627/user2/user2-4-7-r2.dat,2,4,7,2
20190627/user2/user2-4-43-r6.dat,2,4,43,6
20190627/user2/user2-1-82-r5.dat,2,1,82,5
20190627/user2/user2-2-16-r2.dat,2,2,16,2
20190627/user2/user2-2-71-r6.dat,2,2,71,6
20190627/user2/user2-4-76-r3.dat,2,4,76,3
20190627/user2/user2-3-52-r3.dat,2,3,52,3
20190627/user2/user2-3-6-r5.dat,2,3,6,5
20190627/user2/user2-3-17-r2.dat,2,3,17,2
20190627/user2/user2-2-96-r3.dat,2,2,96,3
20190627/user2/user2-2-5-r3.dat,2,2,5,3
20190627/user2/user2-4-82-r1.dat,2,4,82,1
20190627/user2/user2-4-92-r5.dat,2,4,92,5
20190627/user2/user2-3-97-r3.dat,2,3,97,3
20190627/user2/user2-1-71-r2.dat,2,1,71,2
20190627/user2/user2-3-46-r6.dat,2,3,46,6
20190627/user2/user2-3-96-r6.dat,2,3,96,6
20190627/user2/user2-3-15-r3.dat,2,3,15,3
20190627/user2/user2-1-76-r5.dat,2,1,76,5
20190627/user2/user2-2-18-r5.dat,2,2,18,5
20190627/user2/user2-2-58-r4.dat,2,2,58,4
20190627/user2/user2-2-7-r4.dat,2,2,7,4
20190627/user2/user2-3-56-r4.dat,2,3,56,4
20190627/user2/user2-2-43-r5.dat,2,2,43,5
20190627/user2/user2-3-78-r1.dat,2,3,78,1
20190627/user2/user2-1-8-r1.dat,2,1,8,1
20190627/user2/user2-3-1-r1.dat,2,3,1,1
20190627/user2/user2-4-43-r3.dat,2,4,43,3
20190627/user2/user2-2-62-r3.dat,2,2,62,3
20190627/user2/user2-3-47-r1.dat,2,3,47,1
20190627/user2/user2-1-36-r6.dat,2,1,36,6
20190627/user2/user2-2-26-r2.dat,2,2,26,2
20190627/user2/user2-1-16-r5.dat,2,1,16,5
20190627/user2/user2-4-95-r6.dat,2,4,95,6
20190627/user2/user2-3-73-r1.dat,2,3,73,1
20190627/user2/user2-3-41-r3.dat,2,3,41,3
20190627/user2/user2-2-84-r3.dat,2,2,84,3
20190627/user2/user2-1-46-r4.dat,2,1,46,4
20190627/user2/user2-4-74-r4.dat,2,4,74,4
20190627/user2/user2-4-98-r6.dat,2,4,98,6
20190627/user2/user2-4-31-r1.dat,2,4,31,1
20190627/user2/user2-3-92-r2.dat,2,3,92,2
20190627/user2/user2-3-98-r4.dat,2,3,98,4
20190627/user2/user2-3-38-r4.dat,2,3,38,4
20190627/user2/user2-2-41-r5.dat,2,2,41,5
20190627/user2/user2-2-7-r6.dat,2,2,7,6
20190627/user2/user2-4-96-r3.dat,2,4,96,3
20190627/user2/user2-4-59-r5.dat,2,4,59,5
20190627/user2/user2-3-67-r4.dat,2,3,67,4
20190627/user2/user2-1-71-r5.dat,2,1,71,5
20190627/user2/user2-4-47-r1.dat,2,4,47,1
20190627/user2/user2-4-56-r4.dat,2,4,56,4
20190627/user2/user2-2-41-r1.dat,2,2,41,1
20190627/user2/user2-1-6-r3.dat,2,1,6,3
20190627/user2/user2-4-41-r5.dat,2,4,41,5
20190627/user2/user2-3-55-r2.dat,2,3,55,2
20190627/user2/user2-3-3-r6.dat,2,3,3,6
20190627/user2/user2-4-28-r4.dat,2,4,28,4
20190627/user2/user2-1-94-r1.dat,2,1,94,1
20190627/user2/user2-2-62-r1.dat,2,2,62,1
20190627/user2/user2-2-47-r3.dat,2,2,47,3
20190627/user2/user2-1-22-r5.dat,2,1,22,5
20190627/user2/user2-3-85-r3.dat,2,3,85,3
20190627/user2/user2-1-81-r2.dat,2,1,81,2
20190627/user2/user2-1-91-r5.dat,2,1,91,5
20190627/user2/user2-3-7-r1.dat,2,3,7,1
20190627/user2/user2-3-95-r3.dat,2,3,95,3
20190627/user2/user2-4-7-r3.dat,2,4,7,3
20190627/user2/user2-1-57-r5.dat,2,1,57,5
20190627/user2/user2-4-64-r6.dat,2,4,64,6
20190627/user2/user2-4-4-r4.dat,2,4,4,4
20190627/user2/user2-4-47-r6.dat,2,4,47,6
20190627/user2/user2-2-35-r6.dat,2,2,35,6
20190627/user2/user2-3-12-r5.dat,2,3,12,5
20190627/user2/user2-4-62-r1.dat,2,4,62,1
20190627/user2/user2-3-22-r5.dat,2,3,22,5
20190627/user2/user2-1-83-r4.dat,2,1,83,4
20190627/user2/user2-2-22-r4.dat,2,2,22,4
20190627/user2/user2-2-49-r4.dat,2,2,49,4
20190627/user2/user2-4-91-r1.dat,2,4,91,1
20190627/user2/user2-3-23-r3.dat,2,3,23,3
20190627/user2/user2-4-39-r6.dat,2,4,39,6
20190627/user2/user2-4-57-r1.dat,2,4,57,1
20190627/user2/user2-2-40-r3.dat,2,2,40,3
20190627/user2/user2-3-26-r6.dat,2,3,26,6
20190627/user2/user2-3-55-r6.dat,2,3,55,6
20190627/user2/user2-1-61-r5.dat,2,1,61,5
20190627/user2/user2-3-59-r4.dat,2,3,59,4
20190627/user2/user2-4-56-r1.dat,2,4,56,1
20190627/user2/user2-2-55-r1.dat,2,2,55,1
20190627/user2/user2-3-94-r3.dat,2,3,94,3
20190627/user2/user2-2-74-r2.dat,2,2,74,2
20190627/user2/user2-3-25-r2.dat,2,3,25,2
20190627/user2/user2-2-23-r2.dat,2,2,23,2
20190627/user2/user2-2-16-r1.dat,2,2,16,1
20190627/user2/user2-4-33-r1.dat,2,4,33,1
20190627/user2/user2-2-45-r5.dat,2,2,45,5
20190627/user2/user2-2-39-r1.dat,2,2,39,1
20190627/user2/user2-4-94-r1.dat,2,4,94,1
20190627/user2/user2-1-27-r1.dat,2,1,27,1
20190627/user2/user2-2-6-r5.dat,2,2,6,5
20190627/user2/user2-1-48-r1.dat,2,1,48,1
20190627/user2/user2-1-25-r6.dat,2,1,25,6
20190627/user2/user2-1-98-r3.dat,2,1,98,3
20190627/user2/user2-1-94-r3.dat,2,1,94,3
20190627/user2/user2-4-16-r5.dat,2,4,16,5
20190627/user2/user2-3-24-r5.dat,2,3,24,5
20190627/user2/user2-2-95-r1.dat,2,2,95,1
20190627/user2/user2-4-10-r2.dat,2,4,10,2
20190627/user2/user2-4-83-r6.dat,2,4,83,6
20190627/user2/user2-4-40-r5.dat,2,4,40,5
20190627/user2/user2-2-32-r2.dat,2,2,32,2
20190627/user2/user2-2-94-r2.dat,2,2,94,2
20190627/user2/user2-1-75-r4.dat,2,1,75,4
20190627/user2/user2-2-15-r5.dat,2,2,15,5
20190627/user2/user2-1-80-r3.dat,2,1,80,3
20190627/user2/user2-4-68-r4.dat,2,4,68,4
20190627/user2/user2-2-4-r6.dat,2,2,4,6
20190627/user2/user2-3-73-r4.dat,2,3,73,4
20190627/user2/user2-3-87-r1.dat,2,3,87,1
20190627/user2/user2-2-4-r1.dat,2,2,4,1
20190627/user2/user2-3-15-r6.dat,2,3,15,6
20190627/user2/user2-3-16-r2.dat,2,3,16,2
20190627/user2/user2-2-73-r2.dat,2,2,73,2
20190627/user2/user2-1-100-r4.dat,2,1,100,4
20190627/user2/user2-1-6-r2.dat,2,1,6,2
20190627/user2/user2-3-15-r2.dat,2,3,15,2
20190627/user2/user2-1-62-r3.dat,2,1,62,3
20190627/user2/user2-3-44-r5.dat,2,3,44,5
20190627/user2/user2-4-100-r1.dat,2,4,100,1
20190627/user2/user2-4-59-r4.dat,2,4,59,4
20190627/user2/user2-3-77-r4.dat,2,3,77,4
20190627/user2/user2-4-79-r5.dat,2,4,79,5
20190627/user2/user2-4-57-r3.dat,2,4,57,3
20190627/user2/user2-2-82-r6.dat,2,2,82,6
20190627/user2/user2-4-74-r3.dat,2,4,74,3
20190627/user2/user2-3-17-r1.dat,2,3,17,1
20190627/user2/user2-4-70-r6.dat,2,4,70,6
20190627/user2/user2-2-35-r4.dat,2,2,35,4
20190627/user2/user2-2-66-r6.dat,2,2,66,6
20190627/user2/user2-4-26-r3.dat,2,4,26,3
20190627/user2/user2-2-63-r2.dat,2,2,63,2
20190627/user2/user2-1-1-r5.dat,2,1,1,5
20190627/user2/user2-4-64-r2.dat,2,4,64,2
20190627/user2/user2-3-4-r2.dat,2,3,4,2
20190627/user2/user2-4-53-r6.dat,2,4,53,6
20190627/user2/user2-4-96-r4.dat,2,4,96,4
20190627/user2/user2-4-16-r3.dat,2,4,16,3
20190627/user2/user2-2-9-r1.dat,2,2,9,1
20190627/user2/user2-3-89-r4.dat,2,3,89,4
20190627/user2/user2-3-100-r5.dat,2,3,100,5
20190627/user2/user2-1-96-r4.dat,2,1,96,4
20190627/user2/user2-4-97-r4.dat,2,4,97,4
20190627/user2/user2-1-59-r5.dat,2,1,59,5
20190627/user2/user2-3-39-r5.dat,2,3,39,5
20190627/user2/user2-1-1-r1.dat,2,1,1,1
20190627/user2/user2-2-36-r3.dat,2,2,36,3
20190627/user2/user2-4-83-r2.dat,2,4,83,2
20190627/user2/user2-2-80-r4.dat,2,2,80,4
20190627/user2/user2-3-45-r2.dat,2,3,45,2
20190627/user2/user2-2-54-r4.dat,2,2,54,4
20190627/user2/user2-1-42-r4.dat,2,1,42,4
20190627/user2/user2-3-97-r2.dat,2,3,97,2
20190627/user2/user2-4-34-r5.dat,2,4,34,5
20190627/user2/user2-4-58-r6.dat,2,4,58,6
20190627/user2/user2-3-76-r1.dat,2,3,76,1
20190627/user2/user2-4-92-r6.dat,2,4,92,6
20190627/user2/user2-3-54-r3.dat,2,3,54,3
20190627/user2/user2-2-70-r4.dat,2,2,70,4
20190627/user2/user2-3-8-r2.dat,2,3,8,2
20190627/user2/user2-4-7-r4.dat,2,4,7,4
20190627/user2/user2-4-59-r6.dat,2,4,59,6
20190627/user2/user2-4-67-r5.dat,2,4,67,5
20190627/user2/user2-2-13-r3.dat,2,2,13,3
20190627/user2/user2-4-34-r4.dat,2,4,34,4
20190627/user2/user2-1-66-r3.dat,2,1,66,3
20190627/user2/user2-3-52-r1.dat,2,3,52,1
20190627/user2/user2-4-62-r3.dat,2,4,62,3
20190627/user2/user2-3-31-r4.dat,2,3,31,4
20190627/user2/user2-4-85-r3.dat,2,4,85,3
20190627/user2/user2-4-6-r4.dat,2,4,6,4
20190627/user2/user2-2-48-r1.dat,2,2,48,1
20190627/user2/user2-1-88-r6.dat,2,1,88,6
20190627/user2/user2-2-43-r1.dat,2,2,43,1
20190627/user2/user2-3-68-r4.dat,2,3,68,4
20190627/user2/user2-1-88-r2.dat,2,1,88,2
20190627/user2/user2-1-19-r3.dat,2,1,19,3
20190627/user2/user2-1-31-r5.dat,2,1,31,5
20190627/user2/user2-3-35-r2.dat,2,3,35,2
20190627/user2/user2-1-20-r6.dat,2,1,20,6
20190627/user2/user2-1-2-r1.dat,2,1,2,1
20190627/user2/user2-1-10-r4.dat,2,1,10,4
20190627/user2/user2-3-27-r3.dat,2,3,27,3
20190627/user2/user2-2-17-r6.dat,2,2,17,6
20190627/user2/user2-4-61-r3.dat,2,4,61,3
20190627/user2/user2-4-38-r2.dat,2,4,38,2
20190627/user2/user2-2-37-r4.dat,2,2,37,4
20190627/user2/user2-3-82-r2.dat,2,3,82,2
20190627/user2/user2-2-39-r4.dat,2,2,39,4
20190627/user2/user2-1-56-r4.dat,2,1,56,4
20190627/user2/user2-4-78-r6.dat,2,4,78,6
20190627/user2/user2-3-45-r4.dat,2,3,45,4
20190627/user2/user2-2-29-r6.dat,2,2,29,6
20190627/user2/user2-4-75-r6.dat,2,4,75,6
20190627/user2/user2-2-76-r4.dat,2,2,76,4
20190627/user2/user2-4-48-r3.dat,2,4,48,3
20190627/user2/user2-3-32-r6.dat,2,3,32,6
20190627/user2/user2-1-85-r6.dat,2,1,85,6
20190627/user2/user2-1-5-r4.dat,2,1,5,4
20190627/user2/user2-2-9-r5.dat,2,2,9,5
20190627/user2/user2-3-95-r5.dat,2,3,95,5
20190627/user2/user2-3-60-r1.dat,2,3,60,1
20190627/user2/user2-3-52-r6.dat,2,3,52,6
20190627/user2/user2-3-45-r5.dat,2,3,45,5
20190627/user2/user2-2-86-r2.dat,2,2,86,2
20190627/user2/user2-1-4-r4.dat,2,1,4,4
20190627/user2/user2-2-16-r5.dat,2,2,16,5
20190627/user2/user2-4-11-r6.dat,2,4,11,6
20190627/user2/user2-2-31-r1.dat,2,2,31,1
20190627/user2/user2-2-93-r3.dat,2,2,93,3
20190627/user2/user2-4-97-r6.dat,2,4,97,6
20190627/user2/user2-4-88-r3.dat,2,4,88,3
20190627/user2/user2-3-48-r4.dat,2,3,48,4
20190627/user2/user2-3-24-r3.dat,2,3,24,3
20190627/user2/user2-2-97-r6.dat,2,2,97,6
20190627/user2/user2-2-40-r4.dat,2,2,40,4
20190627/user2/user2-2-78-r6.dat,2,2,78,6
20190627/user2/user2-2-54-r1.dat,2,2,54,1
20190627/user2/user2-3-97-r1.dat,2,3,97,1
20190627/user2/user2-2-85-r2.dat,2,2,85,2
20190627/user2/user2-1-73-r5.dat,2,1,73,5
20190627/user2/user2-3-100-r6.dat,2,3,100,6
20190627/user2/user2-1-49-r4.dat,2,1,49,4
20190627/user2/user2-4-39-r1.dat,2,4,39,1
20190627/user2/user2-3-79-r4.dat,2,3,79,4
20190627/user2/user2-3-64-r1.dat,2,3,64,1
20190627/user2/user2-1-100-r6.dat,2,1,100,6
20190627/user2/user2-2-57-r3.dat,2,2,57,3
20190627/user2/user2-4-97-r1.dat,2,4,97,1
20190627/user2/user2-2-66-r4.dat,2,2,66,4
20190627/user2/user2-3-67-r1.dat,2,3,67,1
20190627/user2/user2-2-5-r1.dat,2,2,5,1
20190627/user2/user2-4-46-r1.dat,2,4,46,1
20190627/user2/user2-4-48-r5.dat,2,4,48,5
20190627/user2/user2-3-81-r4.dat,2,3,81,4
20190627/user2/user2-2-42-r2.dat,2,2,42,2
20190627/user2/user2-3-2-r1.dat,2,3,2,1
20190627/user2/user2-3-12-r6.dat,2,3,12,6
20190627/user2/user2-4-81-r2.dat,2,4,81,2
20190627/user2/user2-4-81-r1.dat,2,4,81,1
20190627/user2/user2-1-47-r3.dat,2,1,47,3
20190627/user2/user2-1-62-r5.dat,2,1,62,5
20190627/user2/user2-3-59-r2.dat,2,3,59,2
20190627/user2/user2-2-44-r5.dat,2,2,44,5
20190627/user2/user2-4-86-r6.dat,2,4,86,6
20190627/user2/user2-4-51-r1.dat,2,4,51,1
20190627/user2/user2-2-2-r4.dat,2,2,2,4
20190627/user2/user2-4-26-r5.dat,2,4,26,5
20190627/user2/user2-3-19-r2.dat,2,3,19,2
20190627/user2/user2-1-6-r4.dat,2,1,6,4
20190627/user2/user2-2-88-r5.dat,2,2,88,5
20190627/user2/user2-3-77-r1.dat,2,3,77,1
20190627/user2/user2-1-68-r5.dat,2,1,68,5
20190627/user2/user2-1-5-r2.dat,2,1,5,2
20190627/user2/user2-3-69-r3.dat,2,3,69,3
20190627/user2/user2-4-25-r1.dat,2,4,25,1
20190627/user2/user2-1-46-r6.dat,2,1,46,6
20190627/user2/user2-3-51-r4.dat,2,3,51,4
20190627/user2/user2-1-12-r1.dat,2,1,12,1
20190627/user2/user2-2-80-r5.dat,2,2,80,5
20190627/user2/user2-2-35-r1.dat,2,2,35,1
20190627/user2/user2-4-80-r4.dat,2,4,80,4
20190627/user2/user2-4-16-r1.dat,2,4,16,1
20190627/user2/user2-3-58-r3.dat,2,3,58,3
20190627/user2/user2-4-66-r5.dat,2,4,66,5
20190627/user2/user2-3-36-r5.dat,2,3,36,5
20190627/user2/user2-1-47-r4.dat,2,1,47,4
20190627/user2/user2-1-52-r2.dat,2,1,52,2
20190627/user2/user2-1-72-r5.dat,2,1,72,5
20190627/user2/user2-4-77-r1.dat,2,4,77,1
20190627/user2/user2-4-39-r5.dat,2,4,39,5
20190627/user2/user2-1-9-r6.dat,2,1,9,6
20190627/user2/user2-1-92-r2.dat,2,1,92,2
20190627/user2/user2-3-99-r6.dat,2,3,99,6
20190627/user2/user2-4-61-r1.dat,2,4,61,1
20190627/user2/user2-4-8-r6.dat,2,4,8,6
20190627/user2/user2-3-33-r4.dat,2,3,33,4
20190627/user2/user2-1-77-r1.dat,2,1,77,1
20190627/user2/user2-2-61-r4.dat,2,2,61,4
20190627/user2/user2-2-87-r5.dat,2,2,87,5
20190627/user2/user2-1-31-r2.dat,2,1,31,2
20190627/user2/user2-4-34-r3.dat,2,4,34,3
20190627/user2/user2-1-63-r1.dat,2,1,63,1
20190627/user2/user2-1-28-r6.dat,2,1,28,6
20190627/user2/user2-1-13-r3.dat,2,1,13,3
20190627/user2/user2-4-4-r2.dat,2,4,4,2
20190627/user2/user2-2-36-r2.dat,2,2,36,2
20190627/user2/user2-4-14-r6.dat,2,4,14,6
20190627/user2/user2-1-65-r2.dat,2,1,65,2
20190627/user2/user2-2-85-r3.dat,2,2,85,3
20190627/user2/user2-4-33-r5.dat,2,4,33,5
20190627/user2/user2-4-96-r2.dat,2,4,96,2
20190627/user2/user2-4-93-r6.dat,2,4,93,6
20190627/user2/user2-3-5-r4.dat,2,3,5,4
20190627/user2/user2-2-76-r1.dat,2,2,76,1
20190627/user2/user2-4-86-r5.dat,2,4,86,5
20190627/user2/user2-2-13-r6.dat,2,2,13,6
20190627/user2/user2-2-38-r6.dat,2,2,38,6
20190627/user2/user2-3-67-r3.dat,2,3,67,3
20190627/user2/user2-1-39-r2.dat,2,1,39,2
20190627/user2/user2-2-56-r6.dat,2,2,56,6
20190627/user2/user2-4-54-r6.dat,2,4,54,6
20190627/user2/user2-2-24-r3.dat,2,2,24,3
20190627/user2/user2-4-23-r4.dat,2,4,23,4
20190627/user2/user2-1-69-r4.dat,2,1,69,4
20190719/user10/user10-3-8-r2.dat,10,3,8,2
20190719/user10/user10-2-38-r6.dat,10,2,38,6
20190719/user10/user10-3-7-r6.dat,10,3,7,6
20190719/user10/user10-1-38-r2.dat,10,1,38,2
20190719/user10/user10-2-23-r4.dat,10,2,23,4
20190719/user10/user10-4-9-r5.dat,10,4,9,5
20190719/user10/user10-1-19-r3.dat,10,1,19,3
20190719/user10/user10-1-49-r5.dat,10,1,49,5
20190719/user10/user10-4-18-r6.dat,10,4,18,6
20190719/user10/user10-3-7-r2.dat,10,3,7,2
20190719/user10/user10-1-40-r6.dat,10,1,40,6
20190719/user10/user10-2-7-r6.dat,10,2,7,6
20190719/user10/user10-3-27-r5.dat,10,3,27,5
20190719/user10/user10-1-37-r3.dat,10,1,37,3
20190719/user10/user10-3-13-r2.dat,10,3,13,2
20190719/user10/user10-4-26-r1.dat,10,4,26,1
20190719/user10/user10-1-39-r5.dat,10,1,39,5
20190719/user10/user10-1-29-r4.dat,10,1,29,4
20190719/user10/user10-1-41-r3.dat,10,1,41,3
20190719/user10/user10-2-47-r4.dat,10,2,47,4
20190719/user10/user10-2-17-r6.dat,10,2,17,6
20190719/user10/user10-4-17-r2.dat,10,4,17,2
20190719/user10/user10-4-34-r4.dat,10,4,34,4
20190719/user10/user10-4-14-r5.dat,10,4,14,5
20190719/user10/user10-3-22-r1.dat,10,3,22,1
20190719/user10/user10-1-41-r6.dat,10,1,41,6
20190719/user10/user10-2-50-r1.dat,10,2,50,1
20190719/user10/user10-2-32-r1.dat,10,2,32,1
20190719/user10/user10-4-47-r3.dat,10,4,47,3
20190719/user10/user10-1-43-r6.dat,10,1,43,6
20190719/user10/user10-1-47-r5.dat,10,1,47,5
20190719/user10/user10-4-41-r3.dat,10,4,41,3
20190719/user10/user10-1-1-r4.dat,10,1,1,4
20190719/user10/user10-3-21-r2.dat,10,3,21,2
20190719/user10/user10-3-48-r2.dat,10,3,48,2
20190719/user10/user10-1-33-r3.dat,10,1,33,3
20190719/user10/user10-1-45-r3.dat,10,1,45,3
20190719/user10/user10-1-27-r1.dat,10,1,27,1
20190719/user10/user10-1-46-r6.dat,10,1,46,6
20190719/user10/user10-1-39-r1.dat,10,1,39,1
20190719/user10/user10-1-26-r1.dat,10,1,26,1
20190719/user10/user10-2-2-r2.dat,10,2,2,2
20190719/user10/user10-1-39-r3.dat,10,1,39,3
20190719/user10/user10-1-27-r3.dat,10,1,27,3
20190719/user10/user10-3-4-r1.dat,10,3,4,1
20190719/user10/user10-4-30-r1.dat,10,4,30,1
20190719/user10/user10-3-48-r3.dat,10,3,48,3
20190719/user10/user10-2-3-r3.dat,10,2,3,3
20190719/user10/user10-1-26-r5.dat,10,1,26,5
20190719/user10/user10-3-4-r2.dat,10,3,4,2
20190719/user10/user10-4-28-r4.dat,10,4,28,4
20190719/user10/user10-1-19-r4.dat,10,1,19,4
20190719/user10/user10-3-28-r5.dat,10,3,28,5
20190719/user10/user10-2-25-r2.dat,10,2,25,2
20190719/user10/user10-1-34-r5.dat,10,1,34,5
20190719/user10/user10-4-46-r1.dat,10,4,46,1
20190719/user10/user10-4-18-r1.dat,10,4,18,1
20190719/user10/user10-3-17-r1.dat,10,3,17,1
20190719/user10/user10-4-12-r1.dat,10,4,12,1
20190719/user10/user10-4-7-r3.dat,10,4,7,3
20190719/user10/user10-4-6-r1.dat,10,4,6,1
20190719/user10/user10-1-21-r6.dat,10,1,21,6
20190719/user10/user10-3-43-r2.dat,10,3,43,2
20190719/user10/user10-3-41-r5.dat,10,3,41,5
20190719/user10/user10-2-19-r6.dat,10,2,19,6
20190719/user10/user10-1-11-r1.dat,10,1,11,1
20190719/user10/user10-3-35-r3.dat,10,3,35,3
20190719/user10/user10-4-27-r4.dat,10,4,27,4
20190719/user10/user10-1-30-r5.dat,10,1,30,5
20190719/user10/user10-3-5-r1.dat,10,3,5,1
20190719/user10/user10-3-6-r1.dat,10,3,6,1
20190719/user10/user10-1-16-r5.dat,10,1,16,5
20190719/user10/user10-2-13-r1.dat,10,2,13,1
20190719/user10/user10-4-1-r3.dat,10,4,1,3
20190719/user10/user10-3-14-r6.dat,10,3,14,6
20190719/user10/user10-4-5-r1.dat,10,4,5,1
20190719/user10/user10-4-4-r5.dat,10,4,4,5
20190719/user10/user10-1-13-r2.dat,10,1,13,2
20190719/user10/user10-3-47-r5.dat,10,3,47,5
20190719/user10/user10-1-24-r1.dat,10,1,24,1
20190719/user10/user10-4-12-r2.dat,10,4,12,2
20190719/user10/user10-3-33-r4.dat,10,3,33,4
20190719/user10/user10-2-29-r2.dat,10,2,29,2
20190719/user10/user10-1-35-r6.dat,10,1,35,6
20190719/user10/user10-1-20-r4.dat,10,1,20,4
20190719/user10/user10-1-34-r4.dat,10,1,34,4
20190719/user10/user10-4-12-r6.dat,10,4,12,6
20190719/user10/user10-1-18-r3.dat,10,1,18,3
20190719/user10/user10-2-40-r6.dat,10,2,40,6
20190719/user10/user10-1-48-r2.dat,10,1,48,2
20190719/user10/user10-2-28-r2.dat,10,2,28,2
20190719/user10/user10-3-9-r6.dat,10,3,9,6
20190719/user10/user10-2-18-r3.dat,10,2,18,3
20190719/user10/user10-3-14-r5.dat,10,3,14,5
20190719/user10/user10-1-49-r3.dat,10,1,49,3
20190719/user10/user10-3-22-r4.dat,10,3,22,4
20190719/user10/user10-1-35-r1.dat,10,1,35,1
20190719/user10/user10-3-15-r2.dat,10,3,15,2
20190719/user10/user10-3-30-r4.dat,10,3,30,4
20190719/user10/user10-1-14-r3.dat,10,1,14,3
20190719/user10/user10-2-21-r4.dat,10,2,21,4
20190719/user10/user10-4-27-r1.dat,10,4,27,1
20190719/user10/user10-2-42-r2.dat,10,2,42,2
20190719/user10/user10-2-28-r6.dat,10,2,28,6
20190719/user10/user10-3-20-r5.dat,10,3,20,5
20190719/user10/user10-3-11-r1.dat,10,3,11,1
20190719/user10/user10-2-4-r1.dat,10,2,4,1
20190719/user10/user10-3-37-r6.dat,10,3,37,6
20190719/user10/user10-3-18-r2.dat,10,3,18,2
20190719/user10/user10-4-19-r2.dat,10,4,19,2
20190719/user10/user10-1-46-r4.dat,10,1,46,4
20190719/user10/user10-1-9-r5.dat,10,1,9,5
20190719/user10/user10-4-17-r1.dat,10,4,17,1
20190719/user10/user10-2-40-r3.dat,10,2,40,3
20190719/user10/user10-1-25-r1.dat,10,1,25,1
20190719/user10/user10-2-18-r6.dat,10,2,18,6
20190719/user10/user10-4-47-r5.dat,10,4,47,5
20190719/user10/user10-2-5-r5.dat,10,2,5,5
20190719/user10/user10-2-42-r3.dat,10,2,42,3
20190719/user10/user10-1-44-r3.dat,10,1,44,3
20190719/user10/user10-3-33-r1.dat,10,3,33,1
20190719/user10/user10-3-49-r3.dat,10,3,49,3
20190719/user10/user10-3-8-r6.dat,10,3,8,6
20190719/user10/user10-4-12-r3.dat,10,4,12,3
20190719/user10/user10-4-13-r6.dat,10,4,13,6
20190719/user10/user10-3-1-r4.dat,10,3,1,4
20190719/user10/user10-3-44-r4.dat,10,3,44,4
20190719/user10/user10-4-50-r3.dat,10,4,50,3
20190719/user10/user10-3-9-r2.dat,10,3,9,2
20190719/user10/user10-2-34-r5.dat,10,2,34,5
20190719/user10/user10-2-47-r5.dat,10,2,47,5
20190719/user10/user10-2-31-r1.dat,10,2,31,1
20190719/user10/user10-4-18-r4.dat,10,4,18,4
20190719/user10/user10-4-45-r3.dat,10,4,45,3
20190719/user10/user10-4-16-r3.dat,10,4,16,3
20190719/user10/user10-2-35-r6.dat,10,2,35,6
20190719/user10/user10-2-45-r1.dat,10,2,45,1
20190719/user10/user10-4-42-r6.dat,10,4,42,6
20190719/user10/user10-2-27-r1.dat,10,2,27,1
20190719/user10/user10-3-11-r4.dat,10,3,11,4
20190719/user10/user10-2-46-r3.dat,10,2,46,3
20190719/user10/user10-2-12-r1.dat,10,2,12,1
20190719/user10/user10-3-15-r3.dat,10,3,15,3
20190719/user10/user10-3-46-r2.dat,10,3,46,2
20190719/user10/user10-1-6-r4.dat,10,1,6,4
20190719/user10/user10-1-10-r3.dat,10,1,10,3
20190719/user10/user10-2-4-r5.dat,10,2,4,5
20190719/user10/user10-1-6-r3.dat,10,1,6,3
20190719/user10/user10-2-10-r4.dat,10,2,10,4
20190719/user10/user10-1-22-r4.dat,10,1,22,4
20190719/user10/user10-4-35-r4.dat,10,4,35,4
20190719/user10/user10-4-41-r2.dat,10,4,41,2
20190719/user10/user10-3-43-r5.dat,10,3,43,5
20190719/user10/user10-2-28-r4.dat,10,2,28,4
20190719/user10/user10-1-28-r4.dat,10,1,28,4
20190719/user10/user10-3-42-r2.dat,10,3,42,2
20190719/user10/user10-1-22-r2.dat,10,1,22,2
20190719/user10/user10-1-6-r2.dat,10,1,6,2
20190719/user10/user10-2-14-r1.dat,10,2,14,1
20190719/user10/user10-3-41-r4.dat,10,3,41,4
20190719/user10/user10-1-36-r3.dat,10,1,36,3
20190719/user10/user10-4-1-r2.dat,10,4,1,2
20190719/user10/user10-2-45-r2.dat,10,2,45,2
20190719/user10/user10-4-29-r3.dat,10,4,29,3
20190719/user10/user10-1-40-r3.dat,10,1,40,3
20190719/user10/user10-4-45-r6.dat,10,4,45,6
20190719/user10/user10-1-28-r6.dat,10,1,28,6
20190719/user10/user10-1-41-r2.dat,10,1,41,2
20190719/user10/user10-3-25-r5.dat,10,3,25,5
20190719/user10/user10-4-5-r5.dat,10,4,5,5
20190719/user10/user10-3-47-r4.dat,10,3,47,4
20190719/user10/user10-4-31-r6.dat,10,4,31,6
20190719/user10/user10-4-27-r3.dat,10,4,27,3
20190719/user10/user10-2-26-r3.dat,10,2,26,3
20190719/user10/user10-3-6-r3.dat,10,3,6,3
20190719/user10/user10-2-33-r4.dat,10,2,33,4
20190719/user10/user10-3-9-r4.dat,10,3,9,4
20190719/user10/user10-2-43-r5.dat,10,2,43,5
20190719/user10/user10-4-41-r4.dat,10,4,41,4
20190719/user10/user10-4-15-r4.dat,10,4,15,4
20190719/user10/user10-2-9-r6.dat,10,2,9,6
20190719/user10/user10-3-5-r6.dat,10,3,5,6
20190719/user10/user10-4-37-r6.dat,10,4,37,6
20190719/user10/user10-1-31-r3.dat,10,1,31,3
20190719/user10/user10-2-9-r1.dat,10,2,9,1
20190719/user10/user10-4-33-r2.dat,10,4,33,2
20190719/user10/user10-2-48-r4.dat,10,2,48,4
20190719/user10/user10-1-49-r1.dat,10,1,49,1
20190719/user10/user10-4-29-r4.dat,10,4,29,4
20190719/user10/user10-3-22-r6.dat,10,3,22,6
20190719/user10/user10-3-46-r3.dat,10,3,46,3
20190719/user10/user10-4-36-r5.dat,10,4,36,5
20190719/user10/user10-2-46-r1.dat,10,2,46,1
20190719/user10/user10-1-6-r5.dat,10,1,6,5
20190719/user10/user10-4-31-r4.dat,10,4,31,4
20190719/user10/user10-3-21-r6.dat,10,3,21,6
20190719/user10/user10-1-13-r5.dat,10,1,13,5
20190719/user10/user10-3-7-r4.dat,10,3,7,4
20190719/user10/user10-4-11-r2.dat,10,4,11,2
20190719/user10/user10-2-4-r6.dat,10,2,4,6
20190719/user10/user10-2-9-r2.dat,10,2,9,2
20190719/user10/user10-4-33-r4.dat,10,4,33,4
20190719/user10/user10-1-38-r1.dat,10,1,38,1
20190719/user10/user10-2-23-r5.dat,10,2,23,5
20190719/user10/user10-1-31-r5.dat,10,1,31,5
20190719/user10/user10-3-25-r2.dat,10,3,25,2
20190719/user10/user10-4-44-r1.dat,10,4,44,1
20190719/user10/user10-4-2-r2.dat,10,4,2,2
20190719/user10/user10-4-29-r2.dat,10,4,29,2
20190719/user10/user10-3-50-r1.dat,10,3,50,1
20190719/user10/user10-1-31-r1.dat,10,1,31,1
20190719/user10/user10-1-36-r6.dat,10,1,36,6
20190719/user10/user10-1-6-r6.dat,10,1,6,6
20190719/user10/user10-2-34-r2.dat,10,2,34,2
20190719/user10/user10-1-25-r2.dat,10,1,25,2
20190719/user10/user10-2-46-r4.dat,10,2,46,4
20190719/user10/user10-4-39-r4.dat,10,4,39,4
20190719/user10/user10-4-34-r2.dat,10,4,34,2
20190719/user10/user10-4-32-r2.dat,10,4,32,2
20190719/user10/user10-4-23-r1.dat,10,4,23,1
20190719/user10/user10-3-36-r5.dat,10,3,36,5
20190719/user10/user10-1-16-r4.dat,10,1,16,4
20190719/user10/user10-3-46-r6.dat,10,3,46,6
20190719/user10/user10-1-33-r6.dat,10,1,33,6
20190719/user10/user10-1-9-r6.dat,10,1,9,6
20190719/user10/user10-1-21-r2.dat,10,1,21,2
20190719/user10/user10-2-23-r6.dat,10,2,23,6
20190719/user10/user10-2-24-r3.dat,10,2,24,3
20190719/user10/user10-4-24-r4.dat,10,4,24,4
20190719/user10/user10-3-29-r4.dat,10,3,29,4
20190719/user10/user10-3-5-r3.dat,10,3,5,3
20190719/user10/user10-3-8-r5.dat,10,3,8,5
20190719/user10/user10-1-36-r2.dat,10,1,36,2
20190719/user10/user10-4-25-r3.dat,10,4,25,3
20190719/user10/user10-2-29-r4.dat,10,2,29,4
20190719/user10/user10-3-12-r1.dat,10,3,12,1
20190719/user10/user10-1-28-r2.dat,10,1,28,2
20190719/user10/user10-2-33-r6.dat,10,2,33,6
20190719/user10/user10-4-26-r4.dat,10,4,26,4
20190719/user10/user10-3-45-r4.dat,10,3,45,4
20190719/user10/user10-2-14-r6.dat,10,2,14,6
20190719/user10/user10-2-19-r5.dat,10,2,19,5
20190719/user10/user10-4-37-r3.dat,10,4,37,3
20190719/user10/user10-3-9-r3.dat,10,3,9,3
20190719/user10/user10-1-28-r5.dat,10,1,28,5
20190719/user10/user10-2-9-r3.dat,10,2,9,3
20190719/user10/user10-2-37-r1.dat,10,2,37,1
20190719/user10/user10-2-47-r2.dat,10,2,47,2
20190719/user10/user10-2-30-r3.dat,10,2,30,3
20190719/user10/user10-1-50-r6.dat,10,1,50,6
20190719/user10/user10-3-42-r1.dat,10,3,42,1
20190719/user10/user10-3-26-r6.dat,10,3,26,6
20190719/user10/user10-4-14-r1.dat,10,4,14,1
20190719/user10/user10-3-44-r1.dat,10,3,44,1
20190719/user10/user10-1-23-r4.dat,10,1,23,4
20190719/user10/user10-4-18-r2.dat,10,4,18,2
20190719/user10/user10-1-49-r6.dat,10,1,49,6
20190719/user10/user10-4-7-r6.dat,10,4,7,6
20190719/user10/user10-1-17-r4.dat,10,1,17,4
20190719/user10/user10-4-23-r5.dat,10,4,23,5
20190719/user10/user10-1-23-r2.dat,10,1,23,2
20190719/user10/user10-3-42-r3.dat,10,3,42,3
20190719/user10/user10-4-25-r6.dat,10,4,25,6
20190719/user10/user10-4-33-r1.dat,10,4,33,1
20190719/user10/user10-4-15-r5.dat,10,4,15,5
20190719/user10/user10-3-26-r3.dat,10,3,26,3
20190719/user10/user10-2-17-r4.dat,10,2,17,4
20190719/user10/user10-1-3-r4.dat,10,1,3,4
20190719/user10/user10-2-5-r1.dat,10,2,5,1
20190719/user10/user10-3-41-r2.dat,10,3,41,2
20190719/user10/user10-1-13-r1.dat,10,1,13,1
20190719/user10/user10-3-15-r6.dat,10,3,15,6
20190719/user10/user10-2-22-r1.dat,10,2,22,1
20190719/user10/user10-4-48-r3.dat,10,4,48,3
20190719/user10/user10-1-12-r3.dat,10,1,12,3
20190719/user10/user10-3-1-r2.dat,10,3,1,2
20190719/user10/user10-4-17-r3.dat,10,4,17,3
20190719/user10/user10-2-2-r3.dat,10,2,2,3
20190719/user10/user10-4-24-r5.dat,10,4,24,5
20190719/user10/user10-1-14-r4.dat,10,1,14,4
20190719/user10/user10-1-48-r3.dat,10,1,48,3
20190719/user10/user10-1-47-r1.dat,10,1,47,1
20190719/user10/user10-3-49-r4.dat,10,3,49,4
20190719/user10/user10-1-48-r4.dat,10,1,48,4
20190719/user10/user10-1-7-r6.dat,10,1,7,6
20190719/user10/user10-2-21-r2.dat,10,2,21,2
20190719/user10/user10-2-6-r5.dat,10,2,6,5
20190719/user10/user10-2-12-r6.dat,10,2,12,6
20190719/user10/user10-2-1-r4.dat,10,2,1,4
20190719/user10/user10-4-39-r3.dat,10,4,39,3
20190719/user10/user10-2-2-r5.dat,10,2,2,5
20190719/user10/user10-1-2-r2.dat,10,1,2,2
20190719/user10/user10-3-38-r2.dat,10,3,38,2
20190719/user10/user10-2-49-r5.dat,10,2,49,5
20190719/user10/user10-4-33-r3.dat,10,4,33,3
20190719/user10/user10-4-14-r3.dat,10,4,14,3
20190719/user10/user10-2-5-r3.dat,10,2,5,3
20190719/user10/user10-2-18-r4.dat,10,2,18,4
20190719/user10/user10-1-7-r1.dat,10,1,7,1
20190719/user10/user10-2-48-r3.dat,10,2,48,3
20190719/user10/user10-3-24-r2.dat,10,3,24,2
20190719/user10/user10-3-21-r5.dat,10,3,21,5
20190719/user10/user10-1-38-r4.dat,10,1,38,4
20190719/user10/user10-2-8-r6.dat,10,2,8,6
20190719/user10/user10-3-24-r1.dat,10,3,24,1
20190719/user10/user10-2-31-r4.dat,10,2,31,4
20190719/user10/user10-4-48-r4.dat,10,4,48,4
20190719/user10/user10-2-39-r5.dat,10,2,39,5
20190719/user10/user10-3-20-r4.dat,10,3,20,4
20190719/user10/user10-1-1-r6.dat,10,1,1,6
20190719/user10/user10-2-13-r4.dat,10,2,13,4
20190719/user10/user10-4-37-r2.dat,10,4,37,2
20190719/user10/user10-3-39-r5.dat,10,3,39,5
20190719/user10/user10-3-27-r1.dat,10,3,27,1
20190719/user10/user10-1-21-r4.dat,10,1,21,4
20190719/user10/user10-2-25-r5.dat,10,2,25,5
20190719/user10/user10-3-36-r4.dat,10,3,36,4
20190719/user10/user10-2-28-r3.dat,10,2,28,3
20190719/user10/user10-3-26-r1.dat,10,3,26,1
20190719/user10/user10-2-39-r3.dat,10,2,39,3
20190719/user10/user10-2-23-r3.dat,10,2,23,3
20190719/user10/user10-2-35-r5.dat,10,2,35,5
20190719/user10/user10-1-45-r1.dat,10,1,45,1
20190719/user10/user10-4-48-r2.dat,10,4,48,2
20190719/user10/user10-4-10-r1.dat,10,4,10,1
20190719/user10/user10-3-34-r4.dat,10,3,34,4
20190719/user10/user10-1-41-r5.dat,10,1,41,5
20190719/user10/user10-3-36-r1.dat,10,3,36,1
20190719/user10/user10-2-29-r6.dat,10,2,29,6
20190719/user10/user10-4-19-r6.dat,10,4,19,6
20190719/user10/user10-3-28-r6.dat,10,3,28,6
20190719/user10/user10-2-33-r3.dat,10,2,33,3
20190719/user10/user10-3-16-r6.dat,10,3,16,6
20190719/user10/user10-1-17-r2.dat,10,1,17,2
20190719/user10/user10-1-27-r2.dat,10,1,27,2
20190719/user10/user10-4-15-r3.dat,10,4,15,3
20190719/user10/user10-1-11-r2.dat,10,1,11,2
20190719/user10/user10-2-9-r5.dat,10,2,9,5
20190719/user10/user10-1-29-r3.dat,10,1,29,3
20190719/user10/user10-4-47-r2.dat,10,4,47,2
20190719/user10/user10-2-31-r3.dat,10,2,31,3
20190719/user10/user10-3-25-r6.dat,10,3,25,6
20190719/user10/user10-1-44-r5.dat,10,1,44,5
20190719/user10/user10-2-12-r5.dat,10,2,12,5
20190719/user10/user10-3-4-r5.dat,10,3,4,5
20190719/user10/user10-4-28-r5.dat,10,4,28,5
20190719/user10/user10-2-36-r1.dat,10,2,36,1
20190719/user10/user10-4-28-r2.dat,10,4,28,2
20190719/user10/user10-4-6-r3.dat,10,4,6,3
20190719/user10/user10-4-38-r3.dat,10,4,38,3
20190719/user10/user10-2-45-r4.dat,10,2,45,4
20190719/user10/user10-1-18-r6.dat,10,1,18,6
20190719/user10/user10-4-11-r6.dat,10,4,11,6
20190719/user10/user10-4-23-r2.dat,10,4,23,2
20190719/user10/user10-1-3-r1.dat,10,1,3,1
20190719/user10/user10-4-21-r5.dat,10,4,21,5
20190719/user10/user10-3-45-r3.dat,10,3,45,3
20190719/user10/user10-2-10-r5.dat,10,2,10,5
20190719/user10/user10-2-50-r4.dat,10,2,50,4
20190719/user10/user10-4-30-r4.dat,10,4,30,4
20190719/user10/user10-1-29-r5.dat,10,1,29,5
20190719/user10/user10-1-44-r1.dat,10,1,44,1
20190719/user10/user10-3-18-r3.dat,10,3,18,3
20190719/user10/user10-2-50-r3.dat,10,2,50,3
20190719/user10/user10-3-46-r5.dat,10,3,46,5
20190719/user10/user10-3-22-r3.dat,10,3,22,3
20190719/user10/user10-4-8-r3.dat,10,4,8,3
20190719/user10/user10-1-16-r2.dat,10,1,16,2
20190719/user10/user10-1-32-r6.dat,10,1,32,6
20190719/user10/user10-1-36-r5.dat,10,1,36,5
20190719/user10/user10-4-30-r6.dat,10,4,30,6
20190719/user10/user10-3-40-r5.dat,10,3,40,5
20190719/user10/user10-3-36-r3.dat,10,3,36,3
20190719/user10/user10-1-44-r6.dat,10,1,44,6
20190719/user10/user10-1-16-r6.dat,10,1,16,6
20190719/user10/user10-1-15-r4.dat,10,1,15,4
20190719/user10/user10-3-28-r2.dat,10,3,28,2
20190719/user10/user10-3-17-r6.dat,10,3,17,6
20190719/user10/user10-4-37-r4.dat,10,4,37,4
20190719/user10/user10-2-22-r5.dat,10,2,22,5
20190719/user10/user10-3-10-r1.dat,10,3,10,1
20190719/user10/user10-4-35-r3.dat,10,4,35,3
20190719/user10/user10-3-34-r5.dat,10,3,34,5
20190719/user10/user10-2-43-r3.dat,10,2,43,3
20190719/user10/user10-3-34-r1.dat,10,3,34,1
20190719/user10/user10-4-2-r5.dat,10,4,2,5
20190719/user10/user10-2-26-r6.dat,10,2,26,6
20190719/user10/user10-4-48-r6.dat,10,4,48,6
20190719/user10/user10-2-47-r1.dat,10,2,47,1
20190719/user10/user10-4-7-r4.dat,10,4,7,4
20190719/user10/user10-2-1-r6.dat,10,2,1,6
20190719/user10/user10-3-24-r5.dat,10,3,24,5
20190719/user10/user10-2-35-r4.dat,10,2,35,4
20190719/user10/user10-3-24-r6.dat,10,3,24,6
20190719/user10/user10-2-49-r3.dat,10,2,49,3
20190719/user10/user10-4-49-r1.dat,10,4,49,1
20190719/user10/user10-1-37-r1.dat,10,1,37,1
20190719/user10/user10-4-46-r4.dat,10,4,46,4
20190719/user10/user10-2-6-r3.dat,10,2,6,3
20190719/user10/user10-1-12-r2.dat,10,1,12,2
20190719/user10/user10-3-48-r4.dat,10,3,48,4
20190719/user10/user10-3-17-r2.dat,10,3,17,2
20190719/user10/user10-3-35-r1.dat,10,3,35,1
20190719/user10/user10-1-30-r6.dat,10,1,30,6
20190719/user10/user10-1-28-r1.dat,10,1,28,1
20190719/user10/user10-3-40-r6.dat,10,3,40,6
20190719/user10/user10-1-30-r2.dat,10,1,30,2
20190719/user10/user10-4-30-r3.dat,10,4,30,3
20190719/user10/user10-4-24-r3.dat,10,4,24,3
20190719/user10/user10-1-32-r4.dat,10,1,32,4
20190719/user10/user10-4-38-r2.dat,10,4,38,2
20190719/user10/user10-3-8-r4.dat,10,3,8,4
20190719/user10/user10-4-39-r6.dat,10,4,39,6
20190719/user10/user10-4-13-r2.dat,10,4,13,2
20190719/user10/user10-2-49-r2.dat,10,2,49,2
20190719/user10/user10-2-46-r6.dat,10,2,46,6
20190719/user10/user10-3-2-r6.dat,10,3,2,6
20190719/user10/user10-4-6-r2.dat,10,4,6,2
20190719/user10/user10-3-46-r1.dat,10,3,46,1
20190719/user10/user10-4-29-r5.dat,10,4,29,5
20190719/user10/user10-2-49-r1.dat,10,2,49,1
20190719/user10/user10-1-47-r6.dat,10,1,47,6
20190719/user10/user10-2-1-r1.dat,10,2,1,1
20190719/user10/user10-1-4-r5.dat,10,1,4,5
20190719/user10/user10-3-30-r2.dat,10,3,30,2
20190719/user10/user10-3-33-r5.dat,10,3,33,5
20190719/user10/user10-4-8-r2.dat,10,4,8,2
20190719/user10/user10-3-30-r5.dat,10,3,30,5
20190719/user10/user10-3-3-r3.dat,10,3,3,3
20190719/user10/user10-4-46-r6.dat,10,4,46,6
20190719/user10/user10-1-13-r4.dat,10,1,13,4
20190719/user10/user10-2-33-r2.dat,10,2,33,2
20190719/user10/user10-4-7-r2.dat,10,4,7,2
20190719/user10/user10-3-12-r2.dat,10,3,12,2
20190719/user10/user10-1-44-r4.dat,10,1,44,4
20190719/user10/user10-1-3-r6.dat,10,1,3,6
20190719/user10/user10-2-17-r3.dat,10,2,17,3
20190719/user10/user10-2-15-r4.dat,10,2,15,4
20190719/user10/user10-1-10-r5.dat,10,1,10,5
20190719/user10/user10-1-41-r1.dat,10,1,41,1
20190719/user10/user10-1-31-r4.dat,10,1,31,4
20190719/user10/user10-3-8-r1.dat,10,3,8,1
20190719/user10/user10-1-28-r3.dat,10,1,28,3
20190719/user10/user10-4-6-r5.dat,10,4,6,5
20190719/user10/user10-4-13-r4.dat,10,4,13,4
20190719/user10/user10-2-10-r1.dat,10,2,10,1
20190719/user10/user10-4-20-r3.dat,10,4,20,3
20190719/user10/user10-4-22-r4.dat,10,4,22,4
20190719/user10/user10-4-43-r1.dat,10,4,43,1
20190719/user10/user10-2-41-r2.dat,10,2,41,2
20190719/user10/user10-1-29-r6.dat,10,1,29,6
20190719/user10/user10-3-20-r2.dat,10,3,20,2
20190719/user10/user10-2-2-r4.dat,10,2,2,4
20190719/user10/user10-1-2-r3.dat,10,1,2,3
20190719/user10/user10-4-32-r1.dat,10,4,32,1
20190719/user10/user10-3-15-r5.dat,10,3,15,5
20190719/user10/user10-4-44-r4.dat,10,4,44,4
20190719/user10/user10-1-41-r4.dat,10,1,41,4
20190719/user10/user10-1-48-r5.dat,10,1,48,5
20190719/user10/user10-4-22-r2.dat,10,4,22,2
20190719/user10/user10-4-28-r3.dat,10,4,28,3
20190719/user10/user10-2-33-r1.dat,10,2,33,1
20190719/user10/user10-4-2-r3.dat,10,4,2,3
20190719/user10/user10-4-31-r3.dat,10,4,31,3
20190719/user10/user10-3-34-r6.dat,10,3,34,6
20190719/user10/user10-2-37-r5.dat,10,2,37,5
20190719/user10/user10-4-42-r2.dat,10,4,42,2
20190719/user10/user10-2-8-r3.dat,10,2,8,3
20190719/user10/user10-2-4-r3.dat,10,2,4,3
20190719/user10/user10-2-20-r2.dat,10,2,20,2
20190719/user10/user10-2-38-r1.dat,10,2,38,1
20190719/user10/user10-1-20-r6.dat,10,1,20,6
20190719/user10/user10-2-41-r5.dat,10,2,41,5
20190719/user10/user10-2-24-r5.dat,10,2,24,5
20190719/user10/user10-3-41-r1.dat,10,3,41,1
20190719/user10/user10-1-46-r2.dat,10,1,46,2
20190719/user10/user10-3-30-r1.dat,10,3,30,1
20190719/user10/user10-2-32-r4.dat,10,2,32,4
20190719/user10/user10-1-4-r3.dat,10,1,4,3
20190719/user10/user10-2-9-r4.dat,10,2,9,4
20190719/user10/user10-2-40-r5.dat,10,2,40,5
20190719/user10/user10-1-34-r1.dat,10,1,34,1
20190719/user10/user10-3-37-r4.dat,10,3,37,4
20190719/user10/user10-3-30-r3.dat,10,3,30,3
20190719/user10/user10-1-32-r2.dat,10,1,32,2
20190719/user10/user10-3-1-r6.dat,10,3,1,6
20190719/user10/user10-4-5-r2.dat,10,4,5,2
20190719/user10/user10-3-10-r4.dat,10,3,10,4
20190719/user10/user10-3-43-r1.dat,10,3,43,1
20190719/user10/user10-2-21-r3.dat,10,2,21,3
20190719/user10/user10-1-45-r4.dat,10,1,45,4
20190719/user10/user10-3-34-r3.dat,10,3,34,3
20190719/user10/user10-4-45-r1.dat,10,4,45,1
20190719/user10/user10-1-47-r2.dat,10,1,47,2
20190719/user10/user10-3-5-r4.dat,10,3,5,4
20190719/user10/user10-2-16-r2.dat,10,2,16,2
20190719/user10/user10-4-16-r2.dat,10,4,16,2
20190719/user10/user10-3-48-r6.dat,10,3,48,6
20190719/user10/user10-1-19-r5.dat,10,1,19,5
20190719/user10/user10-4-24-r2.dat,10,4,24,2
20190719/user10/user10-2-25-r1.dat,10,2,25,1
20190719/user10/user10-2-36-r3.dat,10,2,36,3
20190719/user10/user10-3-19-r4.dat,10,3,19,4
20190719/user10/user10-1-19-r6.dat,10,1,19,6
20190719/user10/user10-1-32-r1.dat,10,1,32,1
20190719/user10/user10-2-27-r6.dat,10,2,27,6
20190719/user10/user10-1-42-r1.dat,10,1,42,1
20190719/user10/user10-2-32-r2.dat,10,2,32,2
20190719/user10/user10-3-45-r1.dat,10,3,45,1
20190719/user10/user10-1-13-r6.dat,10,1,13,6
20190719/user10/user10-3-33-r3.dat,10,3,33,3
20190719/user10/user10-4-25-r1.dat,10,4,25,1
20190719/user10/user10-2-26-r4.dat,10,2,26,4
20190719/user10/user10-4-42-r5.dat,10,4,42,5
20190719/user10/user10-3-24-r4.dat,10,3,24,4
20190719/user10/user10-2-20-r1.dat,10,2,20,1
20190719/user10/user10-4-10-r2.dat,10,4,10,2
20190719/user10/user10-2-42-r1.dat,10,2,42,1
20190719/user10/user10-3-20-r6.dat,10,3,20,6
20190719/user10/user10-4-50-r2.dat,10,4,50,2
20190719/user10/user10-3-13-r6.dat,10,3,13,6
20190719/user10/user10-1-11-r6.dat,10,1,11,6
20190719/user10/user10-3-35-r2.dat,10,3,35,2
20190719/user10/user10-2-30-r6.dat,10,2,30,6
20190719/user10/user10-1-50-r1.dat,10,1,50,1
20190719/user10/user10-2-14-r2.dat,10,2,14,2
20190719/user10/user10-3-21-r3.dat,10,3,21,3
20190719/user10/user10-4-28-r6.dat,10,4,28,6
20190719/user10/user10-3-32-r6.dat,10,3,32,6
20190719/user10/user10-2-25-r4.dat,10,2,25,4
20190719/user10/user10-3-14-r4.dat,10,3,14,4
20190719/user10/user10-4-23-r6.dat,10,4,23,6
20190719/user10/user10-3-35-r4.dat,10,3,35,4
20190719/user10/user10-4-20-r4.dat,10,4,20,4
20190719/user10/user10-3-40-r1.dat,10,3,40,1
20190719/user10/user10-1-24-r3.dat,10,1,24,3
20190719/user10/user10-1-8-r5.dat,10,1,8,5
20190719/user10/user10-3-16-r5.dat,10,3,16,5
20190719/user10/user10-3-47-r3.dat,10,3,47,3
20190719/user10/user10-2-43-r1.dat,10,2,43,1
20190719/user10/user10-4-35-r5.dat,10,4,35,5
20190719/user10/user10-2-13-r5.dat,10,2,13,5
20190719/user10/user10-4-26-r3.dat,10,4,26,3
20190719/user10/user10-2-50-r2.dat,10,2,50,2
20190719/user10/user10-4-20-r5.dat,10,4,20,5
20190719/user10/user10-1-7-r2.dat,10,1,7,2
20190719/user10/user10-3-24-r3.dat,10,3,24,3
20190719/user10/user10-4-49-r3.dat,10,4,49,3
20190719/user10/user10-2-28-r5.dat,10,2,28,5
20190719/user10/user10-3-21-r1.dat,10,3,21,1
20190719/user10/user10-1-35-r5.dat,10,1,35,5
20190719/user10/user10-2-28-r1.dat,10,2,28,1
20190719/user10/user10-1-3-r5.dat,10,1,3,5
20190719/user10/user10-2-21-r1.dat,10,2,21,1
20190719/user10/user10-4-46-r5.dat,10,4,46,5
20190719/user10/user10-1-23-r3.dat,10,1,23,3
20190719/user10/user10-4-36-r1.dat,10,4,36,1
20190719/user10/user10-1-50-r4.dat,10,1,50,4
20190719/user10/user10-2-32-r3.dat,10,2,32,3
20190719/user10/user10-1-5-r6.dat,10,1,5,6
20190719/user10/user10-1-35-r4.dat,10,1,35,4
20190719/user10/user10-2-24-r6.dat,10,2,24,6
20190719/user10/user10-2-11-r1.dat,10,2,11,1
20190719/user10/user10-2-30-r1.dat,10,2,30,1
20190719/user10/user10-2-26-r5.dat,10,2,26,5
20190719/user10/user10-1-42-r4.dat,10,1,42,4
20190719/user10/user10-4-31-r1.dat,10,4,31,1
20190719/user10/user10-3-33-r6.dat,10,3,33,6
20190719/user10/user10-3-39-r4.dat,10,3,39,4
20190719/user10/user10-3-27-r6.dat,10,3,27,6
20190719/user10/user10-4-15-r2.dat,10,4,15,2
20190719/user10/user10-4-8-r6.dat,10,4,8,6
20190719/user10/user10-1-48-r6.dat,10,1,48,6
20190719/user10/user10-4-10-r4.dat,10,4,10,4
20190719/user10/user10-1-8-r1.dat,10,1,8,1
20190719/user10/user10-4-45-r2.dat,10,4,45,2
20190719/user10/user10-3-23-r4.dat,10,3,23,4
20190719/user10/user10-4-14-r2.dat,10,4,14,2
20190719/user10/user10-4-40-r3.dat,10,4,40,3
20190719/user10/user10-2-8-r5.dat,10,2,8,5
20190719/user10/user10-4-3-r1.dat,10,4,3,1
20190719/user10/user10-1-50-r3.dat,10,1,50,3
20190719/user10/user10-3-49-r5.dat,10,3,49,5
20190719/user10/user10-4-30-r2.dat,10,4,30,2
20190719/user10/user10-3-36-r2.dat,10,3,36,2
20190719/user10/user10-4-36-r6.dat,10,4,36,6
20190719/user10/user10-4-49-r6.dat,10,4,49,6
20190719/user10/user10-3-37-r1.dat,10,3,37,1
20190719/user10/user10-4-24-r6.dat,10,4,24,6
20190719/user10/user10-1-4-r2.dat,10,1,4,2
20190719/user10/user10-2-13-r6.dat,10,2,13,6
20190719/user10/user10-3-46-r4.dat,10,3,46,4
20190719/user10/user10-4-40-r1.dat,10,4,40,1
20190719/user10/user10-2-31-r6.dat,10,2,31,6
20190719/user10/user10-2-30-r4.dat,10,2,30,4
20190719/user10/user10-2-44-r3.dat,10,2,44,3
20190719/user10/user10-2-1-r2.dat,10,2,1,2
20190719/user10/user10-4-32-r3.dat,10,4,32,3
20190719/user10/user10-1-29-r1.dat,10,1,29,1
20190719/user10/user10-3-27-r4.dat,10,3,27,4
20190719/user10/user10-3-27-r2.dat,10,3,27,2
20190719/user10/user10-2-19-r2.dat,10,2,19,2
20190719/user10/user10-4-45-r4.dat,10,4,45,4
20190719/user10/user10-3-1-r1.dat,10,3,1,1
20190719/user10/user10-1-37-r2.dat,10,1,37,2
20190719/user10/user10-4-38-r6.dat,10,4,38,6
20190719/user10/user10-3-19-r5.dat,10,3,19,5
20190719/user10/user10-1-34-r3.dat,10,1,34,3
20190719/user10/user10-1-12-r4.dat,10,1,12,4
20190719/user10/user10-4-23-r3.dat,10,4,23,3
20190719/user10/user10-3-45-r5.dat,10,3,45,5
20190719/user10/user10-1-5-r3.dat,10,1,5,3
20190719/user10/user10-1-15-r6.dat,10,1,15,6
20190719/user10/user10-1-22-r1.dat,10,1,22,1
20190719/user10/user10-4-8-r1.dat,10,4,8,1
20190719/user10/user10-1-4-r4.dat,10,1,4,4
20190719/user10/user10-4-39-r5.dat,10,4,39,5
20190719/user10/user10-4-50-r4.dat,10,4,50,4
20190719/user10/user10-3-49-r6.dat,10,3,49,6
20190719/user10/user10-2-16-r5.dat,10,2,16,5
20190719/user10/user10-3-3-r4.dat,10,3,3,4
20190719/user10/user10-2-36-r6.dat,10,2,36,6
20190719/user10/user10-4-40-r2.dat,10,4,40,2
20190719/user10/user10-3-38-r5.dat,10,3,38,5
20190719/user10/user10-4-41-r6.dat,10,4,41,6
20190719/user10/user10-3-39-r2.dat,10,3,39,2
20190719/user10/user10-4-4-r1.dat,10,4,4,1
20190719/user10/user10-4-26-r5.dat,10,4,26,5
20190719/user10/user10-4-1-r6.dat,10,4,1,6
20190719/user10/user10-2-7-r5.dat,10,2,7,5
20190719/user10/user10-1-3-r2.dat,10,1,3,2
20190719/user10/user10-3-23-r5.dat,10,3,23,5
20190719/user10/user10-4-1-r1.dat,10,4,1,1
20190719/user10/user10-1-43-r4.dat,10,1,43,4
20190719/user10/user10-1-39-r6.dat,10,1,39,6
20190719/user10/user10-4-43-r2.dat,10,4,43,2
20190719/user10/user10-1-5-r4.dat,10,1,5,4
20190719/user10/user10-2-45-r3.dat,10,2,45,3
20190719/user10/user10-2-25-r6.dat,10,2,25,6
20190719/user10/user10-2-41-r1.dat,10,2,41,1
20190719/user10/user10-3-49-r2.dat,10,3,49,2
20190719/user10/user10-4-21-r3.dat,10,4,21,3
20190719/user10/user10-3-29-r1.dat,10,3,29,1
20190719/user10/user10-1-22-r3.dat,10,1,22,3
20190719/user10/user10-4-38-r1.dat,10,4,38,1
20190719/user10/user10-4-17-r4.dat,10,4,17,4
20190719/user10/user10-3-33-r2.dat,10,3,33,2
20190719/user10/user10-2-24-r1.dat,10,2,24,1
20190719/user10/user10-1-2-r1.dat,10,1,2,1
20190719/user10/user10-2-29-r3.dat,10,2,29,3
20190719/user10/user10-3-23-r1.dat,10,3,23,1
20190719/user10/user10-2-43-r2.dat,10,2,43,2
20190719/user10/user10-1-10-r6.dat,10,1,10,6
20190719/user10/user10-4-7-r1.dat,10,4,7,1
20190719/user10/user10-1-21-r5.dat,10,1,21,5
20190719/user10/user10-1-17-r6.dat,10,1,17,6
20190719/user10/user10-2-24-r2.dat,10,2,24,2
20190719/user10/user10-3-16-r2.dat,10,3,16,2
20190719/user10/user10-4-2-r1.dat,10,4,2,1
20190719/user10/user10-2-25-r3.dat,10,2,25,3
20190719/user10/user10-1-39-r4.dat,10,1,39,4
20190719/user10/user10-1-4-r1.dat,10,1,4,1
20190719/user10/user10-2-7-r4.dat,10,2,7,4
20190719/user10/user10-1-18-r1.dat,10,1,18,1
20190719/user10/user10-2-17-r2.dat,10,2,17,2
20190719/user10/user10-3-30-r6.dat,10,3,30,6
20190719/user10/user10-1-30-r4.dat,10,1,30,4
20190719/user10/user10-3-41-r3.dat,10,3,41,3
20190719/user10/user10-4-21-r2.dat,10,4,21,2
20190719/user10/user10-4-34-r6.dat,10,4,34,6
20190719/user10/user10-4-11-r1.dat,10,4,11,1
20190719/user10/user10-1-46-r3.dat,10,1,46,3
20190719/user10/user10-1-45-r5.dat,10,1,45,5
20190719/user10/user10-3-40-r2.dat,10,3,40,2
20190719/user10/user10-2-20-r6.dat,10,2,20,6
20190719/user10/user10-3-43-r4.dat,10,3,43,4
20190719/user10/user10-4-49-r5.dat,10,4,49,5
20190719/user10/user10-4-21-r4.dat,10,4,21,4
20190719/user10/user10-1-26-r6.dat,10,1,26,6
20190719/user10/user10-1-46-r5.dat,10,1,46,5
20190719/user10/user10-2-42-r6.dat,10,2,42,6
20190719/user10/user10-2-13-r2.dat,10,2,13,2
20190719/user10/user10-4-35-r1.dat,10,4,35,1
20190719/user10/user10-1-8-r6.dat,10,1,8,6
20190719/user10/user10-1-37-r5.dat,10,1,37,5
20190719/user10/user10-3-38-r6.dat,10,3,38,6
20190719/user10/user10-2-18-r2.dat,10,2,18,2
20190719/user10/user10-1-23-r5.dat,10,1,23,5
20190719/user10/user10-1-30-r1.dat,10,1,30,1
20190719/user10/user10-4-38-r4.dat,10,4,38,4
20190719/user10/user10-1-19-r1.dat,10,1,19,1
20190719/user10/user10-3-31-r1.dat,10,3,31,1
20190719/user10/user10-2-50-r6.dat,10,2,50,6
20190719/user10/user10-2-1-r3.dat,10,2,1,3
20190719/user10/user10-2-18-r1.dat,10,2,18,1
20190719/user10/user10-1-45-r2.dat,10,1,45,2
20190719/user10/user10-1-36-r1.dat,10,1,36,1
20190719/user10/user10-4-10-r5.dat,10,4,10,5
20190719/user10/user10-1-22-r6.dat,10,1,22,6
20190719/user10/user10-3-15-r4.dat,10,3,15,4
20190719/user10/user10-1-42-r6.dat,10,1,42,6
20190719/user10/user10-4-17-r6.dat,10,4,17,6
20190719/user10/user10-4-24-r1.dat,10,4,24,1
20190719/user10/user10-1-24-r2.dat,10,1,24,2
20190719/user10/user10-3-16-r3.dat,10,3,16,3
20190719/user10/user10-1-43-r3.dat,10,1,43,3
20190719/user10/user10-1-20-r5.dat,10,1,20,5
20190719/user10/user10-3-23-r3.dat,10,3,23,3
20190719/user10/user10-1-49-r4.dat,10,1,49,4
20190719/user10/user10-3-12-r6.dat,10,3,12,6
20190719/user10/user10-1-17-r3.dat,10,1,17,3
20190719/user10/user10-1-12-r6.dat,10,1,12,6
20190719/user10/user10-4-47-r6.dat,10,4,47,6
20190719/user10/user10-1-17-r5.dat,10,1,17,5
20190719/user10/user10-3-16-r1.dat,10,3,16,1
20190719/user10/user10-4-22-r1.dat,10,4,22,1
20190719/user10/user10-2-22-r4.dat,10,2,22,4
20190719/user10/user10-2-41-r6.dat,10,2,41,6
20190719/user10/user10-2-20-r3.dat,10,2,20,3
20190719/user10/user10-2-33-r5.dat,10,2,33,5
20190719/user10/user10-3-50-r6.dat,10,3,50,6
20190719/user10/user10-3-31-r3.dat,10,3,31,3
20190719/user10/user10-2-11-r5.dat,10,2,11,5
20190719/user10/user10-3-10-r5.dat,10,3,10,5
20190719/user10/user10-2-38-r3.dat,10,2,38,3
20190719/user10/user10-4-36-r2.dat,10,4,36,2
20190719/user10/user10-2-34-r6.dat,10,2,34,6
20190719/user10/user10-4-17-r5.dat,10,4,17,5
20190719/user10/user10-1-2-r6.dat,10,1,2,6
20190719/user10/user10-1-31-r2.dat,10,1,31,2
20190719/user10/user10-1-25-r5.dat,10,1,25,5
20190719/user10/user10-3-26-r4.dat,10,3,26,4
20190719/user10/user10-4-35-r2.dat,10,4,35,2
20190719/user10/user10-1-26-r2.dat,10,1,26,2
20190719/user10/user10-4-25-r5.dat,10,4,25,5
20190719/user10/user10-3-17-r3.dat,10,3,17,3
20190719/user10/user10-2-22-r6.dat,10,2,22,6
20190719/user10/user10-4-45-r5.dat,10,4,45,5
20190719/user10/user10-2-5-r4.dat,10,2,5,4
20190719/user10/user10-1-46-r1.dat,10,1,46,1
20190719/user10/user10-2-44-r4.dat,10,2,44,4
20190719/user10/user10-2-40-r2.dat,10,2,40,2
20190719/user10/user10-3-47-r1.dat,10,3,47,1
20190719/user10/user10-2-42-r5.dat,10,2,42,5
20190719/user10/user10-4-20-r1.dat,10,4,20,1
20190719/user10/user10-4-10-r6.dat,10,4,10,6
20190719/user10/user10-2-47-r6.dat,10,2,47,6
20190719/user10/user10-2-11-r6.dat,10,2,11,6
20190719/user10/user10-3-3-r5.dat,10,3,3,5
20190719/user10/user10-4-18-r3.dat,10,4,18,3
20190719/user10/user10-1-8-r2.dat,10,1,8,2
20190719/user10/user10-1-40-r4.dat,10,1,40,4
20190719/user10/user10-4-1-r5.dat,10,4,1,5
20190719/user10/user10-4-19-r5.dat,10,4,19,5
20190719/user10/user10-3-41-r6.dat,10,3,41,6
20190719/user10/user10-2-29-r1.dat,10,2,29,1
20190719/user10/user10-1-36-r4.dat,10,1,36,4
20190719/user10/user10-2-35-r1.dat,10,2,35,1
20190719/user10/user10-1-12-r5.dat,10,1,12,5
20190719/user10/user10-3-7-r5.dat,10,3,7,5
20190719/user10/user10-2-27-r4.dat,10,2,27,4
20190719/user10/user10-2-48-r1.dat,10,2,48,1
20190719/user10/user10-1-10-r2.dat,10,1,10,2
20190719/user10/user10-4-5-r6.dat,10,4,5,6
20190719/user10/user10-1-20-r3.dat,10,1,20,3
20190719/user10/user10-3-18-r1.dat,10,3,18,1
20190719/user10/user10-3-15-r1.dat,10,3,15,1
20190719/user10/user10-2-41-r3.dat,10,2,41,3
20190719/user10/user10-1-21-r3.dat,10,1,21,3
20190719/user10/user10-1-14-r6.dat,10,1,14,6
20190719/user10/user10-3-6-r6.dat,10,3,6,6
20190719/user10/user10-3-13-r4.dat,10,3,13,4
20190719/user10/user10-2-11-r4.dat,10,2,11,4
20190719/user10/user10-1-48-r1.dat,10,1,48,1
20190719/user10/user10-2-4-r4.dat,10,2,4,4
20190719/user10/user10-3-37-r2.dat,10,3,37,2
20190719/user10/user10-3-3-r6.dat,10,3,3,6
20190719/user10/user10-2-15-r6.dat,10,2,15,6
20190719/user10/user10-4-32-r4.dat,10,4,32,4
20190719/user10/user10-3-39-r3.dat,10,3,39,3
20190719/user10/user10-2-21-r6.dat,10,2,21,6
20190719/user10/user10-1-5-r2.dat,10,1,5,2
20190719/user10/user10-4-19-r1.dat,10,4,19,1
20190719/user10/user10-2-22-r3.dat,10,2,22,3
20190719/user10/user10-1-4-r6.dat,10,1,4,6
20190719/user10/user10-1-16-r3.dat,10,1,16,3
20190719/user10/user10-1-47-r3.dat,10,1,47,3
20190719/user10/user10-3-50-r3.dat,10,3,50,3
20190719/user10/user10-4-9-r2.dat,10,4,9,2
20190719/user10/user10-3-39-r1.dat,10,3,39,1
20190719/user10/user10-4-30-r5.dat,10,4,30,5
20190719/user10/user10-4-41-r5.dat,10,4,41,5
20190719/user10/user10-2-45-r6.dat,10,2,45,6
20190719/user10/user10-3-19-r2.dat,10,3,19,2
20190719/user10/user10-3-48-r5.dat,10,3,48,5
20190719/user10/user10-2-38-r4.dat,10,2,38,4
20190719/user10/user10-4-42-r1.dat,10,4,42,1
20190719/user10/user10-3-4-r6.dat,10,3,4,6
20190719/user10/user10-4-37-r5.dat,10,4,37,5
20190719/user10/user10-4-27-r5.dat,10,4,27,5
20190719/user10/user10-1-10-r4.dat,10,1,10,4
20190719/user10/user10-2-37-r6.dat,10,2,37,6
20190719/user10/user10-1-47-r4.dat,10,1,47,4
20190719/user10/user10-4-15-r6.dat,10,4,15,6
20190719/user10/user10-4-31-r5.dat,10,4,31,5
20190719/user10/user10-3-28-r3.dat,10,3,28,3
20190719/user10/user10-3-7-r1.dat,10,3,7,1
20190719/user10/user10-4-22-r5.dat,10,4,22,5
20190719/user10/user10-1-50-r5.dat,10,1,50,5
20190719/user10/user10-1-11-r3.dat,10,1,11,3
20190719/user10/user10-2-15-r5.dat,10,2,15,5
20190719/user10/user10-3-48-r1.dat,10,3,48,1
20190719/user10/user10-4-36-r3.dat,10,4,36,3
20190719/user10/user10-4-14-r6.dat,10,4,14,6
20190719/user10/user10-4-9-r3.dat,10,4,9,3
20190719/user10/user10-4-44-r6.dat,10,4,44,6
20190719/user10/user10-3-3-r1.dat,10,3,3,1
20190719/user10/user10-4-34-r3.dat,10,4,34,3
20190719/user10/user10-3-21-r4.dat,10,3,21,4
20190719/user10/user10-4-49-r4.dat,10,4,49,4
20190719/user10/user10-3-6-r2.dat,10,3,6,2
20190719/user10/user10-2-37-r3.dat,10,2,37,3
20190719/user10/user10-1-24-r6.dat,10,1,24,6
20190719/user10/user10-1-25-r6.dat,10,1,25,6
20190719/user10/user10-3-9-r5.dat,10,3,9,5
20190719/user10/user10-1-16-r1.dat,10,1,16,1
20190719/user10/user10-1-42-r5.dat,10,1,42,5
20190719/user10/user10-1-18-r4.dat,10,1,18,4
20190719/user10/user10-3-50-r5.dat,10,3,50,5
20190719/user10/user10-2-14-r5.dat,10,2,14,5
20190719/user10/user10-4-7-r5.dat,10,4,7,5
20190719/user10/user10-1-5-r1.dat,10,1,5,1
20190719/user10/user10-3-44-r6.dat,10,3,44,6
20190719/user10/user10-1-35-r2.dat,10,1,35,2
20190719/user10/user10-2-6-r6.dat,10,2,6,6
20190719/user10/user10-1-42-r3.dat,10,1,42,3
20190719/user10/user10-2-31-r5.dat,10,2,31,5
20190719/user10/user10-4-49-r2.dat,10,4,49,2
20190719/user10/user10-3-29-r6.dat,10,3,29,6
20190719/user10/user10-4-8-r4.dat,10,4,8,4
20190719/user10/user10-3-13-r3.dat,10,3,13,3
20190719/user10/user10-4-5-r3.dat,10,4,5,3
20190719/user10/user10-1-38-r3.dat,10,1,38,3
20190719/user10/user10-3-39-r6.dat,10,3,39,6
20190719/user10/user10-2-38-r2.dat,10,2,38,2
20190719/user10/user10-1-26-r4.dat,10,1,26,4
20190719/user10/user10-2-20-r5.dat,10,2,20,5
20190719/user10/user10-2-41-r4.dat,10,2,41,4
20190719/user10/user10-3-27-r3.dat,10,3,27,3
20190719/user10/user10-3-29-r3.dat,10,3,29,3
20190719/user10/user10-3-26-r5.dat,10,3,26,5
20190719/user10/user10-1-24-r4.dat,10,1,24,4
20190719/user10/user10-3-2-r1.dat,10,3,2,1
20190719/user10/user10-1-34-r6.dat,10,1,34,6
20190719/user10/user10-4-18-r5.dat,10,4,18,5
20190719/user10/user10-1-38-r5.dat,10,1,38,5
20190719/user10/user10-3-28-r4.dat,10,3,28,4
20190719/user10/user10-2-6-r2.dat,10,2,6,2
20190719/user10/user10-2-39-r2.dat,10,2,39,2
20190719/user10/user10-2-49-r4.dat,10,2,49,4
20190719/user10/user10-2-32-r6.dat,10,2,32,6
20190719/user10/user10-2-36-r5.dat,10,2,36,5
20190719/user10/user10-2-46-r2.dat,10,2,46,2
20190719/user10/user10-4-44-r2.dat,10,4,44,2
20190719/user10/user10-4-46-r2.dat,10,4,46,2
20190719/user10/user10-2-2-r6.dat,10,2,2,6
20190719/user10/user10-3-13-r5.dat,10,3,13,5
20190719/user10/user10-4-34-r5.dat,10,4,34,5
20190719/user10/user10-1-20-r1.dat,10,1,20,1
20190719/user10/user10-2-20-r4.dat,10,2,20,4
20190719/user10/user10-3-44-r5.dat,10,3,44,5
20190719/user10/user10-1-3-r3.dat,10,1,3,3
20190719/user10/user10-1-27-r5.dat,10,1,27,5
20190719/user10/user10-3-17-r5.dat,10,3,17,5
20190719/user10/user10-4-32-r6.dat,10,4,32,6
20190719/user10/user10-2-37-r2.dat,10,2,37,2
20190719/user10/user10-4-19-r4.dat,10,4,19,4
20190719/user10/user10-2-23-r2.dat,10,2,23,2
20190719/user10/user10-4-3-r5.dat,10,4,3,5
20190719/user10/user10-2-45-r5.dat,10,2,45,5
20190719/user10/user10-2-39-r1.dat,10,2,39,1
20190719/user10/user10-1-40-r5.dat,10,1,40,5
20190719/user10/user10-1-2-r4.dat,10,1,2,4
20190719/user10/user10-1-31-r6.dat,10,1,31,6
20190719/user10/user10-4-26-r6.dat,10,4,26,6
20190719/user10/user10-2-15-r3.dat,10,2,15,3
20190719/user10/user10-2-47-r3.dat,10,2,47,3
20190719/user10/user10-3-1-r3.dat,10,3,1,3
20190719/user10/user10-1-30-r3.dat,10,1,30,3
20190719/user10/user10-2-21-r5.dat,10,2,21,5
20190719/user10/user10-1-17-r1.dat,10,1,17,1
20190719/user10/user10-2-42-r4.dat,10,2,42,4
20190719/user10/user10-2-3-r4.dat,10,2,3,4
20190719/user10/user10-4-20-r2.dat,10,4,20,2
20190719/user10/user10-4-4-r4.dat,10,4,4,4
20190719/user10/user10-1-38-r6.dat,10,1,38,6
20190719/user10/user10-1-14-r2.dat,10,1,14,2
20190719/user10/user10-1-43-r1.dat,10,1,43,1
20190719/user10/user10-2-8-r4.dat,10,2,8,4
20190719/user10/user10-1-18-r2.dat,10,1,18,2
20190719/user10/user10-3-6-r5.dat,10,3,6,5
20190719/user10/user10-3-5-r2.dat,10,3,5,2
20190719/user10/user10-1-7-r3.dat,10,1,7,3
20190719/user10/user10-1-15-r1.dat,10,1,15,1
20190719/user10/user10-3-5-r5.dat,10,3,5,5
20190719/user10/user10-4-1-r4.dat,10,4,1,4
20190719/user10/user10-3-11-r3.dat,10,3,11,3
20190719/user10/user10-1-33-r5.dat,10,1,33,5
20190719/user10/user10-4-47-r1.dat,10,4,47,1
20190719/user10/user10-4-21-r1.dat,10,4,21,1
20190719/user10/user10-3-42-r6.dat,10,3,42,6
20190719/user10/user10-2-1-r5.dat,10,2,1,5
20190719/user10/user10-1-42-r2.dat,10,1,42,2
20190719/user10/user10-2-30-r5.dat,10,2,30,5
20190719/user10/user10-1-7-r4.dat,10,1,7,4
20190719/user10/user10-3-19-r6.dat,10,3,19,6
20190719/user10/user10-2-44-r6.dat,10,2,44,6
20190719/user10/user10-4-31-r2.dat,10,4,31,2
20190719/user10/user10-2-50-r5.dat,10,2,50,5
20190719/user10/user10-4-2-r6.dat,10,4,2,6
20190719/user10/user10-2-16-r6.dat,10,2,16,6
20190719/user10/user10-2-7-r1.dat,10,2,7,1
20190719/user10/user10-4-50-r1.dat,10,4,50,1
20190719/user10/user10-3-25-r3.dat,10,3,25,3
20190719/user10/user10-3-44-r2.dat,10,3,44,2
20190719/user10/user10-4-43-r3.dat,10,4,43,3
20190719/user10/user10-1-44-r2.dat,10,1,44,2
20190719/user10/user10-3-45-r2.dat,10,3,45,2
20190719/user10/user10-2-7-r3.dat,10,2,7,3
20190719/user10/user10-4-2-r4.dat,10,4,2,4
20190719/user10/user10-1-34-r2.dat,10,1,34,2
20190719/user10/user10-1-11-r5.dat,10,1,11,5
20190719/user10/user10-3-29-r2.dat,10,3,29,2
20190719/user10/user10-1-32-r3.dat,10,1,32,3
20190719/user10/user10-3-23-r2.dat,10,3,23,2
20190719/user10/user10-2-14-r3.dat,10,2,14,3
20190719/user10/user10-4-20-r6.dat,10,4,20,6
20190719/user10/user10-4-11-r4.dat,10,4,11,4
20190719/user10/user10-2-16-r3.dat,10,2,16,3
20190719/user10/user10-1-20-r2.dat,10,1,20,2
20190719/user10/user10-4-34-r1.dat,10,4,34,1
20190719/user10/user10-2-2-r1.dat,10,2,2,1
20190719/user10/user10-3-18-r6.dat,10,3,18,6
20190719/user10/user10-1-37-r4.dat,10,1,37,4
20190719/user10/user10-3-22-r5.dat,10,3,22,5
20190719/user10/user10-4-33-r5.dat,10,4,33,5
20190719/user10/user10-4-43-r6.dat,10,4,43,6
20190719/user10/user10-4-40-r5.dat,10,4,40,5
20190719/user10/user10-3-32-r1.dat,10,3,32,1
20190719/user10/user10-1-26-r3.dat,10,1,26,3
20190719/user10/user10-2-10-r6.dat,10,2,10,6
20190719/user10/user10-1-14-r1.dat,10,1,14,1
20190719/user10/user10-4-48-r5.dat,10,4,48,5
20190719/user10/user10-4-50-r6.dat,10,4,50,6
20190719/user10/user10-1-7-r5.dat,10,1,7,5
20190719/user10/user10-4-6-r6.dat,10,4,6,6
20190719/user10/user10-3-20-r3.dat,10,3,20,3
20190719/user10/user10-2-44-r5.dat,10,2,44,5
20190719/user10/user10-3-37-r3.dat,10,3,37,3
20190719/user10/user10-1-33-r2.dat,10,1,33,2
20190719/user10/user10-3-47-r2.dat,10,3,47,2
20190719/user10/user10-1-6-r1.dat,10,1,6,1
20190719/user10/user10-2-22-r2.dat,10,2,22,2
20190719/user10/user10-3-50-r4.dat,10,3,50,4
20190719/user10/user10-2-43-r4.dat,10,2,43,4
20190719/user10/user10-2-37-r4.dat,10,2,37,4
20190719/user10/user10-3-25-r1.dat,10,3,25,1
20190719/user10/user10-2-12-r4.dat,10,2,12,4
20190719/user10/user10-1-11-r4.dat,10,1,11,4
20190719/user10/user10-4-39-r2.dat,10,4,39,2
20190719/user10/user10-4-28-r1.dat,10,4,28,1
20190719/user10/user10-2-27-r3.dat,10,2,27,3
20190719/user10/user10-4-23-r4.dat,10,4,23,4
20190719/user10/user10-2-19-r3.dat,10,2,19,3
20190719/user10/user10-2-3-r6.dat,10,2,3,6
20190719/user10/user10-1-9-r3.dat,10,1,9,3
20190719/user10/user10-1-5-r5.dat,10,1,5,5
20190719/user10/user10-2-5-r6.dat,10,2,5,6
20190719/user10/user10-3-11-r2.dat,10,3,11,2
20190719/user10/user10-3-18-r5.dat,10,3,18,5
20190719/user10/user10-3-40-r3.dat,10,3,40,3
20190719/user10/user10-1-15-r2.dat,10,1,15,2
20190719/user10/user10-3-12-r3.dat,10,3,12,3
20190719/user10/user10-4-14-r4.dat,10,4,14,4
20190719/user10/user10-4-12-r4.dat,10,4,12,4
20190719/user10/user10-1-39-r2.dat,10,1,39,2
20190719/user10/user10-3-2-r5.dat,10,3,2,5
20190719/user10/user10-4-4-r3.dat,10,4,4,3
20190719/user10/user10-3-14-r2.dat,10,3,14,2
20190719/user10/user10-3-10-r2.dat,10,3,10,2
20190719/user10/user10-2-44-r2.dat,10,2,44,2
20190719/user10/user10-4-43-r4.dat,10,4,43,4
20190719/user10/user10-2-12-r3.dat,10,2,12,3
20190719/user10/user10-3-8-r3.dat,10,3,8,3
20190719/user10/user10-4-3-r4.dat,10,4,3,4
20190719/user10/user10-2-16-r4.dat,10,2,16,4
20190719/user10/user10-3-13-r1.dat,10,3,13,1
20190719/user10/user10-3-40-r4.dat,10,3,40,4
20190719/user10/user10-2-34-r4.dat,10,2,34,4
20190719/user10/user10-4-40-r6.dat,10,4,40,6
20190719/user10/user10-1-15-r5.dat,10,1,15,5
20190719/user10/user10-1-1-r3.dat,10,1,1,3
20190719/user10/user10-3-2-r2.dat,10,3,2,2
20190719/user10/user10-4-9-r4.dat,10,4,9,4
20190719/user10/user10-4-5-r4.dat,10,4,5,4
20190719/user10/user10-3-29-r5.dat,10,3,29,5
20190719/user10/user10-1-23-r1.dat,10,1,23,1
20190719/user10/user10-1-9-r1.dat,10,1,9,1
20190719/user10/user10-4-11-r5.dat,10,4,11,5
20190719/user10/user10-3-6-r4.dat,10,3,6,4
20190719/user10/user10-2-43-r6.dat,10,2,43,6
20190719/user10/user10-2-49-r6.dat,10,2,49,6
20190719/user10/user10-3-10-r3.dat,10,3,10,3
20190719/user10/user10-1-9-r2.dat,10,1,9,2
20190719/user10/user10-3-4-r3.dat,10,3,4,3
20190719/user10/user10-2-40-r1.dat,10,2,40,1
20190719/user10/user10-3-44-r3.dat,10,3,44,3
20190719/user10/user10-2-17-r5.dat,10,2,17,5
20190719/user10/user10-4-27-r2.dat,10,4,27,2
20190719/user10/user10-3-32-r5.dat,10,3,32,5
20190719/user10/user10-2-23-r1.dat,10,2,23,1
20190719/user10/user10-2-30-r2.dat,10,2,30,2
20190719/user10/user10-2-46-r5.dat,10,2,46,5
20190719/user10/user10-1-25-r4.dat,10,1,25,4
20190719/user10/user10-2-12-r2.dat,10,2,12,2
20190719/user10/user10-1-24-r5.dat,10,1,24,5
20190719/user10/user10-1-27-r6.dat,10,1,27,6
20190719/user10/user10-2-10-r2.dat,10,2,10,2
20190719/user10/user10-2-34-r1.dat,10,2,34,1
20190719/user10/user10-2-5-r2.dat,10,2,5,2
20190719/user10/user10-3-16-r4.dat,10,3,16,4
20190719/user10/user10-2-24-r4.dat,10,2,24,4
20190719/user10/user10-3-35-r5.dat,10,3,35,5
20190719/user10/user10-1-27-r4.dat,10,1,27,4
20190719/user10/user10-3-17-r4.dat,10,3,17,4
20190719/user10/user10-3-31-r6.dat,10,3,31,6
20190719/user10/user10-1-12-r1.dat,10,1,12,1
20190719/user10/user10-2-18-r5.dat,10,2,18,5
20190719/user10/user10-2-11-r3.dat,10,2,11,3
20190719/user10/user10-3-34-r2.dat,10,3,34,2
20190719/user10/user10-2-35-r3.dat,10,2,35,3
20190719/user10/user10-2-48-r6.dat,10,2,48,6
20190719/user10/user10-2-48-r2.dat,10,2,48,2
20190719/user10/user10-2-8-r2.dat,10,2,8,2
20190719/user10/user10-3-12-r4.dat,10,3,12,4
20190719/user10/user10-3-19-r3.dat,10,3,19,3
20190719/user10/user10-4-8-r5.dat,10,4,8,5
20190719/user10/user10-2-38-r5.dat,10,2,38,5
20190719/user10/user10-4-44-r3.dat,10,4,44,3
20190719/user10/user10-2-14-r4.dat,10,2,14,4
20190719/user10/user10-2-40-r4.dat,10,2,40,4
20190719/user10/user10-4-9-r1.dat,10,4,9,1
20190719/user10/user10-2-7-r2.dat,10,2,7,2
20190719/user10/user10-1-1-r1.dat,10,1,1,1
20190719/user10/user10-3-10-r6.dat,10,3,10,6
20190719/user10/user10-3-31-r4.dat,10,3,31,4
20190719/user10/user10-3-45-r6.dat,10,3,45,6
20190719/user10/user10-3-3-r2.dat,10,3,3,2
20190719/user10/user10-1-14-r5.dat,10,1,14,5
20190719/user10/user10-4-46-r3.dat,10,4,46,3
20190719/user10/user10-4-29-r6.dat,10,4,29,6
20190719/user10/user10-1-8-r4.dat,10,1,8,4
20190719/user10/user10-3-37-r5.dat,10,3,37,5
20190719/user10/user10-2-17-r1.dat,10,2,17,1
20190719/user10/user10-3-14-r1.dat,10,3,14,1
20190719/user10/user10-2-27-r2.dat,10,2,27,2
20190719/user10/user10-1-32-r5.dat,10,1,32,5
20190719/user10/user10-1-40-r2.dat,10,1,40,2
20190719/user10/user10-4-16-r4.dat,10,4,16,4
20190719/user10/user10-3-1-r5.dat,10,3,1,5
20190719/user10/user10-4-16-r1.dat,10,4,16,1
20190719/user10/user10-2-26-r1.dat,10,2,26,1
20190719/user10/user10-4-13-r1.dat,10,4,13,1
20190719/user10/user10-1-33-r4.dat,10,1,33,4
20190719/user10/user10-2-15-r1.dat,10,2,15,1
20190719/user10/user10-1-50-r2.dat,10,1,50,2
20190719/user10/user10-1-2-r5.dat,10,1,2,5
20190719/user10/user10-1-35-r3.dat,10,1,35,3
20190719/user10/user10-2-32-r5.dat,10,2,32,5
20190719/user10/user10-4-32-r5.dat,10,4,32,5
20190719/user10/user10-3-18-r4.dat,10,3,18,4
20190719/user10/user10-1-49-r2.dat,10,1,49,2
20190719/user10/user10-2-44-r1.dat,10,2,44,1
20190719/user10/user10-2-11-r2.dat,10,2,11,2
20190719/user10/user10-2-27-r5.dat,10,2,27,5
20190719/user10/user10-2-39-r4.dat,10,2,39,4
20190719/user10/user10-3-23-r6.dat,10,3,23,6
20190719/user10/user10-4-47-r4.dat,10,4,47,4
20190719/user10/user10-3-4-r4.dat,10,3,4,4
20190719/user10/user10-4-43-r5.dat,10,4,43,5
20190719/user10/user10-3-32-r4.dat,10,3,32,4
20190719/user10/user10-4-44-r5.dat,10,4,44,5
20190719/user10/user10-2-36-r4.dat,10,2,36,4
20190719/user10/user10-3-32-r3.dat,10,3,32,3
20190719/user10/user10-4-3-r3.dat,10,4,3,3
20190719/user10/user10-4-33-r6.dat,10,4,33,6
20190719/user10/user10-4-41-r1.dat,10,4,41,1
20190719/user10/user10-4-19-r3.dat,10,4,19,3
20190719/user10/user10-2-31-r2.dat,10,2,31,2
20190719/user10/user10-4-13-r3.dat,10,4,13,3
20190719/user10/user10-2-13-r3.dat,10,2,13,3
20190719/user10/user10-3-28-r1.dat,10,3,28,1
20190719/user10/user10-3-50-r2.dat,10,3,50,2
20190719/user10/user10-4-42-r4.dat,10,4,42,4
20190719/user10/user10-3-7-r3.dat,10,3,7,3
20190719/user10/user10-2-19-r4.dat,10,2,19,4
20190719/user10/user10-4-3-r6.dat,10,4,3,6
20190719/user10/user10-1-1-r5.dat,10,1,1,5
20190719/user10/user10-3-42-r5.dat,10,3,42,5
20190719/user10/user10-1-1-r2.dat,10,1,1,2
20190719/user10/user10-4-40-r4.dat,10,4,40,4
20190719/user10/user10-3-38-r4.dat,10,3,38,4
20190719/user10/user10-3-26-r2.dat,10,3,26,2
20190719/user10/user10-1-45-r6.dat,10,1,45,6
20190719/user10/user10-1-25-r3.dat,10,1,25,3
20190719/user10/user10-4-25-r2.dat,10,4,25,2
20190719/user10/user10-2-4-r2.dat,10,2,4,2
20190719/user10/user10-4-16-r6.dat,10,4,16,6
20190719/user10/user10-3-42-r4.dat,10,3,42,4
20190719/user10/user10-2-6-r1.dat,10,2,6,1
20190719/user10/user10-3-38-r1.dat,10,3,38,1
20190719/user10/user10-2-39-r6.dat,10,2,39,6
20190719/user10/user10-1-23-r6.dat,10,1,23,6
20190719/user10/user10-1-15-r3.dat,10,1,15,3
20190719/user10/user10-1-29-r2.dat,10,1,29,2
20190719/user10/user10-2-36-r2.dat,10,2,36,2
20190719/user10/user10-1-22-r5.dat,10,1,22,5
20190719/user10/user10-4-36-r4.dat,10,4,36,4
20190719/user10/user10-4-42-r3.dat,10,4,42,3
20190719/user10/user10-2-3-r5.dat,10,2,3,5
20190719/user10/user10-2-19-r1.dat,10,2,19,1
20190719/user10/user10-1-10-r1.dat,10,1,10,1
20190719/user10/user10-4-48-r1.dat,10,4,48,1
20190719/user10/user10-4-9-r6.dat,10,4,9,6
20190719/user10/user10-4-22-r6.dat,10,4,22,6
20190719/user10/user10-3-36-r6.dat,10,3,36,6
20190719/user10/user10-1-13-r3.dat,10,1,13,3
20190719/user10/user10-4-38-r5.dat,10,4,38,5
20190719/user10/user10-4-3-r2.dat,10,4,3,2
20190719/user10/user10-1-43-r2.dat,10,1,43,2
20190719/user10/user10-2-3-r1.dat,10,2,3,1
20190719/user10/user10-1-40-r1.dat,10,1,40,1
20190719/user10/user10-1-9-r4.dat,10,1,9,4
20190719/user10/user10-1-43-r5.dat,10,1,43,5
20190719/user10/user10-4-35-r6.dat,10,4,35,6
20190719/user10/user10-1-37-r6.dat,10,1,37,6
20190719/user10/user10-3-47-r6.dat,10,3,47,6
20190719/user10/user10-4-11-r3.dat,10,4,11,3
20190719/user10/user10-3-14-r3.dat,10,3,14,3
20190719/user10/user10-3-43-r3.dat,10,3,43,3
20190719/user10/user10-4-39-r1.dat,10,4,39,1
20190719/user10/user10-3-19-r1.dat,10,3,19,1
20190719/user10/user10-3-2-r4.dat,10,3,2,4
20190719/user10/user10-4-21-r6.dat,10,4,21,6
20190719/user10/user10-4-6-r4.dat,10,4,6,4
20190719/user10/user10-4-26-r2.dat,10,4,26,2
20190719/user10/user10-3-31-r5.dat,10,3,31,5
20190719/user10/user10-4-29-r1.dat,10,4,29,1
20190719/user10/user10-1-8-r3.dat,10,1,8,3
20190719/user10/user10-3-22-r2.dat,10,3,22,2
20190719/user10/user10-3-25-r4.dat,10,3,25,4
20190719/user10/user10-2-16-r1.dat,10,2,16,1
20190719/user10/user10-4-10-r3.dat,10,4,10,3
20190719/user10/user10-3-35-r6.dat,10,3,35,6
20190719/user10/user10-2-15-r2.dat,10,2,15,2
20190719/user10/user10-4-37-r1.dat,10,4,37,1
20190719/user10/user10-3-49-r1.dat,10,3,49,1
20190719/user10/user10-4-16-r5.dat,10,4,16,5
20190719/user10/user10-3-12-r5.dat,10,3,12,5
20190719/user10/user10-3-2-r3.dat,10,3,2,3
20190719/user10/user10-2-3-r2.dat,10,2,3,2
20190719/user10/user10-2-48-r5.dat,10,2,48,5
20190719/user10/user10-2-6-r4.dat,10,2,6,4
20190719/user10/user10-4-13-r5.dat,10,4,13,5
20190719/user10/user10-1-18-r5.dat,10,1,18,5
20190719/user10/user10-1-33-r1.dat,10,1,33,1
20190719/user10/user10-3-32-r2.dat,10,3,32,2
20190719/user10/user10-2-8-r1.dat,10,2,8,1
20190719/user10/user10-4-4-r6.dat,10,4,4,6
20190719/user10/user10-2-26-r2.dat,10,2,26,2
20190719/user10/user10-3-11-r5.dat,10,3,11,5
20190719/user10/user10-4-25-r4.dat,10,4,25,4
20190719/user10/user10-2-10-r3.dat,10,2,10,3
20190719/user10/user10-4-12-r5.dat,10,4,12,5
20190719/user10/user10-1-19-r2.dat,10,1,19,2
20190719/user10/user10-4-27-r6.dat,10,4,27,6
20190719/user10/user10-3-9-r1.dat,10,3,9,1
20190719/user10/user10-2-35-r2.dat,10,2,35,2
20190719/user10/user10-4-15-r1.dat,10,4,15,1
20190719/user10/user10-2-29-r5.dat,10,2,29,5
20190719/user10/user10-4-22-r3.dat,10,4,22,3
20190719/user10/user10-3-43-r6.dat,10,3,43,6
20190719/user10/user10-3-20-r1.dat,10,3,20,1
20190719/user10/user10-3-11-r6.dat,10,3,11,6
20190719/user10/user10-4-50-r5.dat,10,4,50,5
20190719/user10/user10-2-34-r3.dat,10,2,34,3
20190719/user10/user10-4-4-r2.dat,10,4,4,2
20190719/user10/user10-3-38-r3.dat,10,3,38,3
20190719/user10/user10-3-31-r2.dat,10,3,31,2
20190719/user10/user10-1-21-r1.dat,10,1,21,1
20190719/user1/user1-3-5-r2.dat,1,3,5,2
20190719/user1/user1-1-14-r6.dat,1,1,14,6
20190719/user1/user1-2-4-r5.dat,1,2,4,5
20190719/user1/user1-1-14-r5.dat,1,1,14,5
20190719/user1/user1-1-14-r2.dat,1,1,14,2
20190719/user1/user1-4-20-r3.dat,1,4,20,3
20190719/user1/user1-1-16-r3.dat,1,1,16,3
20190719/user1/user1-2-8-r5.dat,1,2,8,5
20190719/user1/user1-4-3-r1.dat,1,4,3,1
20190719/user1/user1-4-4-r1.dat,1,4,4,1
20190719/user1/user1-2-9-r2.dat,1,2,9,2
20190719/user1/user1-4-8-r6.dat,1,4,8,6
20190719/user1/user1-3-1-r4.dat,1,3,1,4
20190719/user1/user1-2-8-r1.dat,1,2,8,1
20190719/user1/user1-2-1-r1.dat,1,2,1,1
20190719/user1/user1-1-11-r4.dat,1,1,11,4
20190719/user1/user1-4-14-r3.dat,1,4,14,3
20190719/user1/user1-2-4-r6.dat,1,2,4,6
20190719/user1/user1-3-7-r1.dat,1,3,7,1
20190719/user1/user1-2-6-r5.dat,1,2,6,5
20190719/user1/user1-4-10-r3.dat,1,4,10,3
20190719/user1/user1-3-6-r5.dat,1,3,6,5
20190719/user1/user1-1-17-r3.dat,1,1,17,3
20190719/user1/user1-1-7-r1.dat,1,1,7,1
20190719/user1/user1-2-7-r6.dat,1,2,7,6
20190719/user1/user1-1-6-r6.dat,1,1,6,6
20190719/user1/user1-1-9-r3.dat,1,1,9,3
20190719/user1/user1-1-4-r3.dat,1,1,4,3
20190719/user1/user1-3-12-r1.dat,1,3,12,1
20190719/user1/user1-1-16-r4.dat,1,1,16,4
20190719/user1/user1-1-8-r3.dat,1,1,8,3
20190719/user1/user1-2-12-r3.dat,1,2,12,3
20190719/user1/user1-3-1-r2.dat,1,3,1,2
20190719/user1/user1-2-1-r3.dat,1,2,1,3
20190719/user1/user1-4-9-r3.dat,1,4,9,3
20190719/user1/user1-4-14-r5.dat,1,4,14,5
20190719/user1/user1-4-11-r1.dat,1,4,11,1
20190719/user1/user1-3-17-r3.dat,1,3,17,3
20190719/user1/user1-4-6-r2.dat,1,4,6,2
20190719/user1/user1-3-7-r2.dat,1,3,7,2
20190719/user1/user1-2-17-r2.dat,1,2,17,2
20190719/user1/user1-4-9-r4.dat,1,4,9,4
20190719/user1/user1-4-7-r3.dat,1,4,7,3
20190719/user1/user1-1-1-r4.dat,1,1,1,4
20190719/user1/user1-1-2-r5.dat,1,1,2,5
20190719/user1/user1-1-16-r1.dat,1,1,16,1
20190719/user1/user1-1-15-r5.dat,1,1,15,5
20190719/user1/user1-2-9-r4.dat,1,2,9,4
20190719/user1/user1-3-19-r1.dat,1,3,19,1
20190719/user1/user1-3-11-r4.dat,1,3,11,4
20190719/user1/user1-1-3-r1.dat,1,1,3,1
20190719/user1/user1-2-19-r5.dat,1,2,19,5
20190719/user1/user1-3-2-r4.dat,1,3,2,4
20190719/user1/user1-2-10-r3.dat,1,2,10,3
20190719/user1/user1-3-15-r2.dat,1,3,15,2
20190719/user1/user1-2-6-r6.dat,1,2,6,6
20190719/user1/user1-4-6-r5.dat,1,4,6,5
20190719/user1/user1-4-11-r6.dat,1,4,11,6
20190719/user1/user1-1-12-r5.dat,1,1,12,5
20190719/user1/user1-1-19-r3.dat,1,1,19,3
20190719/user1/user1-4-1-r3.dat,1,4,1,3
20190719/user1/user1-3-15-r3.dat,1,3,15,3
20190719/user1/user1-2-10-r6.dat,1,2,10,6
20190719/user1/user1-4-1-r6.dat,1,4,1,6
20190719/user1/user1-2-7-r2.dat,1,2,7,2
20190719/user1/user1-4-15-r5.dat,1,4,15,5
20190719/user1/user1-4-12-r1.dat,1,4,12,1
20190719/user1/user1-4-17-r4.dat,1,4,17,4
20190719/user1/user1-2-2-r1.dat,1,2,2,1
20190719/user1/user1-2-15-r4.dat,1,2,15,4
20190719/user1/user1-4-4-r3.dat,1,4,4,3
20190719/user1/user1-2-8-r3.dat,1,2,8,3
20190719/user1/user1-4-6-r4.dat,1,4,6,4
20190719/user1/user1-4-16-r3.dat,1,4,16,3
20190719/user1/user1-1-9-r6.dat,1,1,9,6
20190719/user1/user1-1-1-r6.dat,1,1,1,6
20190719/user1/user1-3-6-r4.dat,1,3,6,4
20190719/user1/user1-3-2-r3.dat,1,3,2,3
20190719/user1/user1-2-12-r1.dat,1,2,12,1
20190719/user1/user1-4-17-r3.dat,1,4,17,3
20190719/user1/user1-2-15-r6.dat,1,2,15,6
20190719/user1/user1-1-17-r4.dat,1,1,17,4
20190719/user1/user1-2-20-r5.dat,1,2,20,5
20190719/user1/user1-2-14-r5.dat,1,2,14,5
20190719/user1/user1-3-20-r6.dat,1,3,20,6
20190719/user1/user1-2-18-r6.dat,1,2,18,6
20190719/user1/user1-2-15-r3.dat,1,2,15,3
20190719/user1/user1-4-13-r5.dat,1,4,13,5
20190719/user1/user1-3-10-r5.dat,1,3,10,5
20190719/user1/user1-2-1-r5.dat,1,2,1,5
20190719/user1/user1-3-13-r3.dat,1,3,13,3
20190719/user1/user1-1-10-r3.dat,1,1,10,3
20190719/user1/user1-3-19-r3.dat,1,3,19,3
20190719/user1/user1-1-9-r1.dat,1,1,9,1
20190719/user1/user1-1-18-r3.dat,1,1,18,3
20190719/user1/user1-1-11-r2.dat,1,1,11,2
20190719/user1/user1-4-16-r5.dat,1,4,16,5
20190719/user1/user1-3-5-r6.dat,1,3,5,6
20190719/user1/user1-1-19-r4.dat,1,1,19,4
20190719/user1/user1-3-14-r3.dat,1,3,14,3
20190719/user1/user1-4-16-r1.dat,1,4,16,1
20190719/user1/user1-3-9-r3.dat,1,3,9,3
20190719/user1/user1-3-18-r5.dat,1,3,18,5
20190719/user1/user1-1-18-r1.dat,1,1,18,1
20190719/user1/user1-4-19-r1.dat,1,4,19,1
20190719/user1/user1-2-17-r6.dat,1,2,17,6
20190719/user1/user1-4-16-r2.dat,1,4,16,2
20190719/user1/user1-3-16-r3.dat,1,3,16,3
20190719/user1/user1-1-2-r3.dat,1,1,2,3
20190719/user1/user1-1-12-r2.dat,1,1,12,2
20190719/user1/user1-3-15-r5.dat,1,3,15,5
20190719/user1/user1-2-7-r3.dat,1,2,7,3
20190719/user1/user1-4-11-r3.dat,1,4,11,3
20190719/user1/user1-4-18-r1.dat,1,4,18,1
20190719/user1/user1-3-13-r2.dat,1,3,13,2
20190719/user1/user1-4-11-r2.dat,1,4,11,2
20190719/user1/user1-3-14-r6.dat,1,3,14,6
20190719/user1/user1-1-10-r4.dat,1,1,10,4
20190719/user1/user1-3-2-r5.dat,1,3,2,5
20190719/user1/user1-4-12-r6.dat,1,4,12,6
20190719/user1/user1-3-4-r2.dat,1,3,4,2
20190719/user1/user1-1-20-r5.dat,1,1,20,5
20190719/user1/user1-2-14-r4.dat,1,2,14,4
20190719/user1/user1-2-4-r3.dat,1,2,4,3
20190719/user1/user1-4-18-r6.dat,1,4,18,6
20190719/user1/user1-1-8-r2.dat,1,1,8,2
20190719/user1/user1-1-5-r2.dat,1,1,5,2
20190719/user1/user1-4-4-r2.dat,1,4,4,2
20190719/user1/user1-4-5-r5.dat,1,4,5,5
20190719/user1/user1-4-14-r6.dat,1,4,14,6
20190719/user1/user1-3-20-r5.dat,1,3,20,5
20190719/user1/user1-1-7-r2.dat,1,1,7,2
20190719/user1/user1-1-7-r5.dat,1,1,7,5
20190719/user1/user1-3-20-r2.dat,1,3,20,2
20190719/user1/user1-2-20-r1.dat,1,2,20,1
20190719/user1/user1-4-12-r2.dat,1,4,12,2
20190719/user1/user1-2-2-r5.dat,1,2,2,5
20190719/user1/user1-4-7-r6.dat,1,4,7,6
20190719/user1/user1-1-20-r6.dat,1,1,20,6
20190719/user1/user1-3-16-r1.dat,1,3,16,1
20190719/user1/user1-4-6-r6.dat,1,4,6,6
20190719/user1/user1-4-16-r4.dat,1,4,16,4
20190719/user1/user1-2-17-r1.dat,1,2,17,1
20190719/user1/user1-4-18-r4.dat,1,4,18,4
20190719/user1/user1-1-5-r6.dat,1,1,5,6
20190719/user1/user1-4-13-r4.dat,1,4,13,4
20190719/user1/user1-4-10-r6.dat,1,4,10,6
20190719/user1/user1-2-19-r3.dat,1,2,19,3
20190719/user1/user1-4-19-r5.dat,1,4,19,5
20190719/user1/user1-3-8-r6.dat,1,3,8,6
20190719/user1/user1-1-13-r3.dat,1,1,13,3
20190719/user1/user1-3-16-r2.dat,1,3,16,2
20190719/user1/user1-3-9-r5.dat,1,3,9,5
20190719/user1/user1-2-14-r3.dat,1,2,14,3
20190719/user1/user1-4-20-r6.dat,1,4,20,6
20190719/user1/user1-2-2-r3.dat,1,2,2,3
20190719/user1/user1-1-3-r4.dat,1,1,3,4
20190719/user1/user1-3-6-r1.dat,1,3,6,1
20190719/user1/user1-1-13-r1.dat,1,1,13,1
20190719/user1/user1-1-20-r4.dat,1,1,20,4
20190719/user1/user1-3-3-r3.dat,1,3,3,3
20190719/user1/user1-4-5-r6.dat,1,4,5,6
20190719/user1/user1-1-14-r4.dat,1,1,14,4
20190719/user1/user1-2-19-r6.dat,1,2,19,6
20190719/user1/user1-2-11-r5.dat,1,2,11,5
20190719/user1/user1-4-7-r1.dat,1,4,7,1
20190719/user1/user1-4-2-r2.dat,1,4,2,2
20190719/user1/user1-4-5-r4.dat,1,4,5,4
20190719/user1/user1-2-20-r3.dat,1,2,20,3
20190719/user1/user1-1-11-r1.dat,1,1,11,1
20190719/user1/user1-2-2-r2.dat,1,2,2,2
20190719/user1/user1-4-4-r6.dat,1,4,4,6
20190719/user1/user1-2-19-r1.dat,1,2,19,1
20190719/user1/user1-3-17-r6.dat,1,3,17,6
20190719/user1/user1-4-20-r5.dat,1,4,20,5
20190719/user1/user1-3-3-r4.dat,1,3,3,4
20190719/user1/user1-3-12-r6.dat,1,3,12,6
20190719/user1/user1-3-12-r2.dat,1,3,12,2
20190719/user1/user1-4-10-r4.dat,1,4,10,4
20190719/user1/user1-3-6-r6.dat,1,3,6,6
20190719/user1/user1-2-20-r4.dat,1,2,20,4
20190719/user1/user1-4-17-r2.dat,1,4,17,2
20190719/user1/user1-3-8-r1.dat,1,3,8,1
20190719/user1/user1-3-14-r4.dat,1,3,14,4
20190719/user1/user1-4-15-r1.dat,1,4,15,1
20190719/user1/user1-3-6-r2.dat,1,3,6,2
20190719/user1/user1-2-12-r6.dat,1,2,12,6
20190719/user1/user1-4-17-r1.dat,1,4,17,1
20190719/user1/user1-4-15-r2.dat,1,4,15,2
20190719/user1/user1-4-18-r3.dat,1,4,18,3
20190719/user1/user1-3-11-r1.dat,1,3,11,1
20190719/user1/user1-4-1-r5.dat,1,4,1,5
20190719/user1/user1-2-17-r3.dat,1,2,17,3
20190719/user1/user1-4-7-r5.dat,1,4,7,5
20190719/user1/user1-1-5-r3.dat,1,1,5,3
20190719/user1/user1-2-7-r4.dat,1,2,7,4
20190719/user1/user1-3-1-r5.dat,1,3,1,5
20190719/user1/user1-4-7-r4.dat,1,4,7,4
20190719/user1/user1-3-2-r2.dat,1,3,2,2
20190719/user1/user1-2-10-r5.dat,1,2,10,5
20190719/user1/user1-1-9-r5.dat,1,1,9,5
20190719/user1/user1-1-12-r4.dat,1,1,12,4
20190719/user1/user1-3-4-r4.dat,1,3,4,4
20190719/user1/user1-4-19-r4.dat,1,4,19,4
20190719/user1/user1-2-19-r4.dat,1,2,19,4
20190719/user1/user1-1-17-r1.dat,1,1,17,1
20190719/user1/user1-1-6-r3.dat,1,1,6,3
20190719/user1/user1-1-13-r5.dat,1,1,13,5
20190719/user1/user1-3-11-r5.dat,1,3,11,5
20190719/user1/user1-1-12-r6.dat,1,1,12,6
20190719/user1/user1-3-10-r6.dat,1,3,10,6
20190719/user1/user1-1-9-r4.dat,1,1,9,4
20190719/user1/user1-3-6-r3.dat,1,3,6,3
20190719/user1/user1-3-5-r3.dat,1,3,5,3
20190719/user1/user1-1-9-r2.dat,1,1,9,2
20190719/user1/user1-1-11-r3.dat,1,1,11,3
20190719/user1/user1-1-15-r2.dat,1,1,15,2
20190719/user1/user1-3-16-r5.dat,1,3,16,5
20190719/user1/user1-1-18-r6.dat,1,1,18,6
20190719/user1/user1-4-16-r6.dat,1,4,16,6
20190719/user1/user1-2-5-r6.dat,1,2,5,6
20190719/user1/user1-2-1-r2.dat,1,2,1,2
20190719/user1/user1-3-5-r1.dat,1,3,5,1
20190719/user1/user1-1-8-r5.dat,1,1,8,5
20190719/user1/user1-4-18-r5.dat,1,4,18,5
20190719/user1/user1-2-18-r1.dat,1,2,18,1
20190719/user1/user1-1-10-r5.dat,1,1,10,5
20190719/user1/user1-4-20-r1.dat,1,4,20,1
20190719/user1/user1-1-4-r6.dat,1,1,4,6
20190719/user1/user1-1-19-r2.dat,1,1,19,2
20190719/user1/user1-3-7-r5.dat,1,3,7,5
20190719/user1/user1-3-15-r1.dat,1,3,15,1
20190719/user1/user1-4-3-r6.dat,1,4,3,6
20190719/user1/user1-3-20-r4.dat,1,3,20,4
20190719/user1/user1-1-8-r1.dat,1,1,8,1
20190719/user1/user1-3-10-r3.dat,1,3,10,3
20190719/user1/user1-1-18-r4.dat,1,1,18,4
20190719/user1/user1-1-16-r6.dat,1,1,16,6
20190719/user1/user1-1-7-r3.dat,1,1,7,3
20190719/user1/user1-3-7-r6.dat,1,3,7,6
20190719/user1/user1-3-20-r3.dat,1,3,20,3
20190719/user1/user1-4-2-r1.dat,1,4,2,1
20190719/user1/user1-2-16-r1.dat,1,2,16,1
20190719/user1/user1-4-13-r3.dat,1,4,13,3
20190719/user1/user1-3-17-r5.dat,1,3,17,5
20190719/user1/user1-2-17-r4.dat,1,2,17,4
20190719/user1/user1-3-7-r4.dat,1,3,7,4
20190719/user1/user1-2-3-r6.dat,1,2,3,6
20190719/user1/user1-2-16-r2.dat,1,2,16,2
20190719/user1/user1-2-10-r1.dat,1,2,10,1
20190719/user1/user1-2-10-r4.dat,1,2,10,4
20190719/user1/user1-3-19-r6.dat,1,3,19,6
20190719/user1/user1-3-11-r3.dat,1,3,11,3
20190719/user1/user1-3-14-r2.dat,1,3,14,2
20190719/user1/user1-2-11-r6.dat,1,2,11,6
20190719/user1/user1-3-18-r1.dat,1,3,18,1
20190719/user1/user1-4-15-r6.dat,1,4,15,6
20190719/user1/user1-4-3-r4.dat,1,4,3,4
20190719/user1/user1-4-10-r2.dat,1,4,10,2
20190719/user1/user1-4-6-r3.dat,1,4,6,3
20190719/user1/user1-3-8-r5.dat,1,3,8,5
20190719/user1/user1-2-1-r4.dat,1,2,1,4
20190719/user1/user1-1-2-r1.dat,1,1,2,1
20190719/user1/user1-1-1-r2.dat,1,1,1,2
20190719/user1/user1-2-3-r5.dat,1,2,3,5
20190719/user1/user1-2-2-r4.dat,1,2,2,4
20190719/user1/user1-1-7-r6.dat,1,1,7,6
20190719/user1/user1-1-17-r5.dat,1,1,17,5
20190719/user1/user1-2-12-r2.dat,1,2,12,2
20190719/user1/user1-1-2-r4.dat,1,1,2,4
20190719/user1/user1-1-16-r5.dat,1,1,16,5
20190719/user1/user1-1-16-r2.dat,1,1,16,2
20190719/user1/user1-4-19-r2.dat,1,4,19,2
20190719/user1/user1-1-15-r1.dat,1,1,15,1
20190719/user1/user1-4-9-r2.dat,1,4,9,2
20190719/user1/user1-3-3-r5.dat,1,3,3,5
20190719/user1/user1-4-10-r5.dat,1,4,10,5
20190719/user1/user1-4-6-r1.dat,1,4,6,1
20190719/user1/user1-2-19-r2.dat,1,2,19,2
20190719/user1/user1-1-18-r2.dat,1,1,18,2
20190719/user1/user1-2-13-r3.dat,1,2,13,3
20190719/user1/user1-2-20-r2.dat,1,2,20,2
20190719/user1/user1-3-15-r6.dat,1,3,15,6
20190719/user1/user1-1-3-r3.dat,1,1,3,3
20190719/user1/user1-4-9-r5.dat,1,4,9,5
20190719/user1/user1-2-8-r2.dat,1,2,8,2
20190719/user1/user1-2-3-r4.dat,1,2,3,4
20190719/user1/user1-3-19-r4.dat,1,3,19,4
20190719/user1/user1-2-14-r6.dat,1,2,14,6
20190719/user1/user1-4-14-r2.dat,1,4,14,2
20190719/user1/user1-3-13-r6.dat,1,3,13,6
20190719/user1/user1-1-7-r4.dat,1,1,7,4
20190719/user1/user1-2-6-r3.dat,1,2,6,3
20190719/user1/user1-1-3-r6.dat,1,1,3,6
20190719/user1/user1-2-10-r2.dat,1,2,10,2
20190719/user1/user1-3-15-r4.dat,1,3,15,4
20190719/user1/user1-1-2-r6.dat,1,1,2,6
20190719/user1/user1-2-4-r2.dat,1,2,4,2
20190719/user1/user1-4-9-r1.dat,1,4,9,1
20190719/user1/user1-1-14-r1.dat,1,1,14,1
20190719/user1/user1-1-17-r2.dat,1,1,17,2
20190719/user1/user1-3-1-r3.dat,1,3,1,3
20190719/user1/user1-4-12-r3.dat,1,4,12,3
20190719/user1/user1-4-18-r2.dat,1,4,18,2
20190719/user1/user1-2-2-r6.dat,1,2,2,6
20190719/user1/user1-1-1-r3.dat,1,1,1,3
20190719/user1/user1-2-12-r5.dat,1,2,12,5
20190719/user1/user1-1-8-r4.dat,1,1,8,4
20190719/user1/user1-3-3-r1.dat,1,3,3,1
20190719/user1/user1-3-18-r2.dat,1,3,18,2
20190719/user1/user1-2-16-r6.dat,1,2,16,6
20190719/user1/user1-2-12-r4.dat,1,2,12,4
20190719/user1/user1-3-4-r6.dat,1,3,4,6
20190719/user1/user1-1-20-r1.dat,1,1,20,1
20190719/user1/user1-1-2-r2.dat,1,1,2,2
20190719/user1/user1-2-18-r3.dat,1,2,18,3
20190719/user1/user1-4-7-r2.dat,1,4,7,2
20190719/user1/user1-1-20-r3.dat,1,1,20,3
20190719/user1/user1-2-14-r2.dat,1,2,14,2
20190719/user1/user1-4-2-r3.dat,1,4,2,3
20190719/user1/user1-2-4-r4.dat,1,2,4,4
20190719/user1/user1-4-5-r2.dat,1,4,5,2
20190719/user1/user1-4-20-r2.dat,1,4,20,2
20190719/user1/user1-2-3-r2.dat,1,2,3,2
20190719/user1/user1-3-4-r3.dat,1,3,4,3
20190719/user1/user1-2-11-r2.dat,1,2,11,2
20190719/user1/user1-3-2-r1.dat,1,3,2,1
20190719/user1/user1-2-9-r5.dat,1,2,9,5
20190719/user1/user1-2-7-r1.dat,1,2,7,1
20190719/user1/user1-3-9-r2.dat,1,3,9,2
20190719/user1/user1-1-13-r6.dat,1,1,13,6
20190719/user1/user1-1-18-r5.dat,1,1,18,5
20190719/user1/user1-4-9-r6.dat,1,4,9,6
20190719/user1/user1-3-8-r3.dat,1,3,8,3
20190719/user1/user1-2-16-r4.dat,1,2,16,4
20190719/user1/user1-2-5-r1.dat,1,2,5,1
20190719/user1/user1-1-1-r5.dat,1,1,1,5
20190719/user1/user1-2-11-r3.dat,1,2,11,3
20190719/user1/user1-3-3-r2.dat,1,3,3,2
20190719/user1/user1-2-15-r1.dat,1,2,15,1
20190719/user1/user1-1-20-r2.dat,1,1,20,2
20190719/user1/user1-4-8-r1.dat,1,4,8,1
20190719/user1/user1-4-14-r4.dat,1,4,14,4
20190719/user1/user1-1-4-r4.dat,1,1,4,4
20190719/user1/user1-2-16-r3.dat,1,2,16,3
20190719/user1/user1-1-13-r4.dat,1,1,13,4
20190719/user1/user1-2-5-r2.dat,1,2,5,2
20190719/user1/user1-4-4-r4.dat,1,4,4,4
20190719/user1/user1-3-5-r5.dat,1,3,5,5
20190719/user1/user1-1-12-r1.dat,1,1,12,1
20190719/user1/user1-2-3-r3.dat,1,2,3,3
20190719/user1/user1-4-8-r5.dat,1,4,8,5
20190719/user1/user1-4-5-r3.dat,1,4,5,3
20190719/user1/user1-3-13-r4.dat,1,3,13,4
20190719/user1/user1-3-11-r2.dat,1,3,11,2
20190719/user1/user1-2-11-r4.dat,1,2,11,4
20190719/user1/user1-3-8-r2.dat,1,3,8,2
20190719/user1/user1-3-10-r4.dat,1,3,10,4
20190719/user1/user1-3-10-r1.dat,1,3,10,1
20190719/user1/user1-3-18-r6.dat,1,3,18,6
20190719/user1/user1-3-20-r1.dat,1,3,20,1
20190719/user1/user1-4-11-r4.dat,1,4,11,4
20190719/user1/user1-3-8-r4.dat,1,3,8,4
20190719/user1/user1-3-1-r1.dat,1,3,1,1
20190719/user1/user1-2-18-r5.dat,1,2,18,5
20190719/user1/user1-3-2-r6.dat,1,3,2,6
20190719/user1/user1-3-12-r4.dat,1,3,12,4
20190719/user1/user1-4-2-r6.dat,1,4,2,6
20190719/user1/user1-4-2-r4.dat,1,4,2,4
20190719/user1/user1-3-18-r4.dat,1,3,18,4
20190719/user1/user1-1-6-r2.dat,1,1,6,2
20190719/user1/user1-2-5-r5.dat,1,2,5,5
20190719/user1/user1-4-12-r4.dat,1,4,12,4
20190719/user1/user1-4-17-r6.dat,1,4,17,6
20190719/user1/user1-1-17-r6.dat,1,1,17,6
20190719/user1/user1-2-5-r4.dat,1,2,5,4
20190719/user1/user1-4-1-r4.dat,1,4,1,4
20190719/user1/user1-1-15-r6.dat,1,1,15,6
20190719/user1/user1-1-3-r2.dat,1,1,3,2
20190719/user1/user1-1-6-r4.dat,1,1,6,4
20190719/user1/user1-1-13-r2.dat,1,1,13,2
20190719/user1/user1-3-19-r2.dat,1,3,19,2
20190719/user1/user1-3-17-r4.dat,1,3,17,4
20190719/user1/user1-3-9-r1.dat,1,3,9,1
20190719/user1/user1-3-12-r5.dat,1,3,12,5
20190719/user1/user1-1-15-r3.dat,1,1,15,3
20190719/user1/user1-3-11-r6.dat,1,3,11,6
20190719/user1/user1-3-16-r6.dat,1,3,16,6
20190719/user1/user1-3-14-r5.dat,1,3,14,5
20190719/user1/user1-4-4-r5.dat,1,4,4,5
20190719/user1/user1-1-12-r3.dat,1,1,12,3
20190719/user1/user1-2-15-r5.dat,1,2,15,5
20190719/user1/user1-1-19-r1.dat,1,1,19,1
20190719/user1/user1-1-10-r6.dat,1,1,10,6
20190719/user1/user1-1-19-r6.dat,1,1,19,6
20190719/user1/user1-3-4-r1.dat,1,3,4,1
20190719/user1/user1-2-17-r5.dat,1,2,17,5
20190719/user1/user1-1-14-r3.dat,1,1,14,3
20190719/user1/user1-2-6-r1.dat,1,2,6,1
20190719/user1/user1-3-1-r6.dat,1,3,1,6
20190719/user1/user1-2-13-r5.dat,1,2,13,5
20190719/user1/user1-3-18-r3.dat,1,3,18,3
20190719/user1/user1-1-4-r2.dat,1,1,4,2
20190719/user1/user1-3-5-r4.dat,1,3,5,4
20190719/user1/user1-2-1-r6.dat,1,2,1,6
20190719/user1/user1-4-15-r3.dat,1,4,15,3
20190719/user1/user1-4-12-r5.dat,1,4,12,5
20190719/user1/user1-2-4-r1.dat,1,2,4,1
20190719/user1/user1-1-5-r4.dat,1,1,5,4
20190719/user1/user1-3-13-r5.dat,1,3,13,5
20190719/user1/user1-1-1-r1.dat,1,1,1,1
20190719/user1/user1-3-4-r5.dat,1,3,4,5
20190719/user1/user1-4-11-r5.dat,1,4,11,5
20190719/user1/user1-2-13-r6.dat,1,2,13,6
20190719/user1/user1-1-5-r5.dat,1,1,5,5
20190719/user1/user1-3-10-r2.dat,1,3,10,2
20190719/user1/user1-3-9-r4.dat,1,3,9,4
20190719/user1/user1-4-19-r3.dat,1,4,19,3
20190719/user1/user1-4-1-r1.dat,1,4,1,1
20190719/user1/user1-1-6-r5.dat,1,1,6,5
20190719/user1/user1-4-1-r2.dat,1,4,1,2
20190719/user1/user1-3-13-r1.dat,1,3,13,1
20190719/user1/user1-4-3-r2.dat,1,4,3,2
20190719/user1/user1-4-8-r3.dat,1,4,8,3
20190719/user1/user1-2-15-r2.dat,1,2,15,2
20190719/user1/user1-2-6-r2.dat,1,2,6,2
20190719/user1/user1-4-5-r1.dat,1,4,5,1
20190719/user1/user1-3-9-r6.dat,1,3,9,6
20190719/user1/user1-2-11-r1.dat,1,2,11,1
20190719/user1/user1-2-18-r4.dat,1,2,18,4
20190719/user1/user1-2-13-r4.dat,1,2,13,4
20190719/user1/user1-2-18-r2.dat,1,2,18,2
20190719/user1/user1-1-5-r1.dat,1,1,5,1
20190719/user1/user1-1-11-r5.dat,1,1,11,5
20190719/user1/user1-1-11-r6.dat,1,1,11,6
20190719/user1/user1-4-2-r5.dat,1,4,2,5
20190719/user1/user1-1-6-r1.dat,1,1,6,1
20190719/user1/user1-2-5-r3.dat,1,2,5,3
20190719/user1/user1-2-6-r4.dat,1,2,6,4
20190719/user1/user1-1-10-r1.dat,1,1,10,1
20190719/user1/user1-4-19-r6.dat,1,4,19,6
20190719/user1/user1-3-17-r1.dat,1,3,17,1
20190719/user1/user1-2-8-r4.dat,1,2,8,4
20190719/user1/user1-4-20-r4.dat,1,4,20,4
20190719/user1/user1-1-4-r5.dat,1,1,4,5
20190719/user1/user1-2-20-r6.dat,1,2,20,6
20190719/user1/user1-4-13-r1.dat,1,4,13,1
20190719/user1/user1-2-14-r1.dat,1,2,14,1
20190719/user1/user1-1-15-r4.dat,1,1,15,4
20190719/user1/user1-3-19-r5.dat,1,3,19,5
20190719/user1/user1-4-8-r2.dat,1,4,8,2
20190719/user1/user1-4-3-r3.dat,1,4,3,3
20190719/user1/user1-3-12-r3.dat,1,3,12,3
20190719/user1/user1-3-16-r4.dat,1,3,16,4
20190719/user1/user1-4-13-r2.dat,1,4,13,2
20190719/user1/user1-3-7-r3.dat,1,3,7,3
20190719/user1/user1-2-16-r5.dat,1,2,16,5
20190719/user1/user1-3-3-r6.dat,1,3,3,6
20190719/user1/user1-4-14-r1.dat,1,4,14,1
20190719/user1/user1-3-17-r2.dat,1,3,17,2
20190719/user1/user1-4-3-r5.dat,1,4,3,5
20190719/user1/user1-4-13-r6.dat,1,4,13,6
20190719/user1/user1-4-17-r5.dat,1,4,17,5
20190719/user1/user1-2-8-r6.dat,1,2,8,6
20190719/user1/user1-2-9-r6.dat,1,2,9,6
20190719/user1/user1-1-3-r5.dat,1,1,3,5
20190719/user1/user1-4-10-r1.dat,1,4,10,1
20190719/user1/user1-1-10-r2.dat,1,1,10,2
20190719/user1/user1-2-9-r3.dat,1,2,9,3
20190719/user1/user1-2-7-r5.dat,1,2,7,5
20190719/user1/user1-2-13-r1.dat,1,2,13,1
20190719/user1/user1-4-8-r4.dat,1,4,8,4
20190719/user1/user1-4-15-r4.dat,1,4,15,4
20190719/user1/user1-2-9-r1.dat,1,2,9,1
20190719/user1/user1-1-19-r5.dat,1,1,19,5
20190719/user1/user1-2-3-r1.dat,1,2,3,1
20190719/user1/user1-3-14-r1.dat,1,3,14,1
20190719/user1/user1-2-13-r2.dat,1,2,13,2
20190719/user1/user1-1-4-r1.dat,1,1,4,1
20190719/user1/user1-1-8-r6.dat,1,1,8,6
20190719/user11/user11-1-37-r5.dat,11,1,37,5
20190719/user11/user11-2-48-r6.dat,11,2,48,6
20190719/user11/user11-2-23-r6.dat,11,2,23,6
20190719/user11/user11-2-19-r3.dat,11,2,19,3
20190719/user11/user11-2-28-r5.dat,11,2,28,5
20190719/user11/user11-4-10-r3.dat,11,4,10,3
20190719/user11/user11-2-33-r1.dat,11,2,33,1
20190719/user11/user11-2-33-r3.dat,11,2,33,3
20190719/user11/user11-2-43-r5.dat,11,2,43,5
20190719/user11/user11-3-34-r5.dat,11,3,34,5
20190719/user11/user11-3-32-r3.dat,11,3,32,3
20190719/user11/user11-3-27-r5.dat,11,3,27,5
20190719/user11/user11-3-41-r1.dat,11,3,41,1
20190719/user11/user11-4-23-r2.dat,11,4,23,2
20190719/user11/user11-3-43-r2.dat,11,3,43,2
20190719/user11/user11-1-19-r2.dat,11,1,19,2
20190719/user11/user11-2-46-r5.dat,11,2,46,5
20190719/user11/user11-1-27-r5.dat,11,1,27,5
20190719/user11/user11-2-9-r3.dat,11,2,9,3
20190719/user11/user11-1-14-r1.dat,11,1,14,1
20190719/user11/user11-1-39-r1.dat,11,1,39,1
20190719/user11/user11-3-18-r6.dat,11,3,18,6
20190719/user11/user11-1-50-r5.dat,11,1,50,5
20190719/user11/user11-3-40-r3.dat,11,3,40,3
20190719/user11/user11-3-30-r2.dat,11,3,30,2
20190719/user11/user11-1-30-r4.dat,11,1,30,4
20190719/user11/user11-1-46-r6.dat,11,1,46,6
20190719/user11/user11-1-47-r4.dat,11,1,47,4
20190719/user11/user11-3-48-r3.dat,11,3,48,3
20190719/user11/user11-4-7-r4.dat,11,4,7,4
20190719/user11/user11-3-8-r3.dat,11,3,8,3
20190719/user11/user11-4-8-r3.dat,11,4,8,3
20190719/user11/user11-1-35-r5.dat,11,1,35,5
20190719/user11/user11-2-43-r2.dat,11,2,43,2
20190719/user11/user11-4-45-r6.dat,11,4,45,6
20190719/user11/user11-3-32-r4.dat,11,3,32,4
20190719/user11/user11-2-14-r6.dat,11,2,14,6
20190719/user11/user11-4-33-r4.dat,11,4,33,4
20190719/user11/user11-4-36-r5.dat,11,4,36,5
20190719/user11/user11-1-10-r4.dat,11,1,10,4
20190719/user11/user11-4-9-r4.dat,11,4,9,4
20190719/user11/user11-4-28-r5.dat,11,4,28,5
20190719/user11/user11-2-4-r4.dat,11,2,4,4
20190719/user11/user11-3-5-r3.dat,11,3,5,3
20190719/user11/user11-3-49-r3.dat,11,3,49,3
20190719/user11/user11-4-37-r3.dat,11,4,37,3
20190719/user11/user11-1-7-r6.dat,11,1,7,6
20190719/user11/user11-1-13-r3.dat,11,1,13,3
20190719/user11/user11-1-43-r4.dat,11,1,43,4
20190719/user11/user11-4-11-r6.dat,11,4,11,6
20190719/user11/user11-4-14-r4.dat,11,4,14,4
20190719/user11/user11-3-32-r5.dat,11,3,32,5
20190719/user11/user11-3-24-r1.dat,11,3,24,1
20190719/user11/user11-4-7-r3.dat,11,4,7,3
20190719/user11/user11-2-17-r4.dat,11,2,17,4
20190719/user11/user11-2-40-r2.dat,11,2,40,2
20190719/user11/user11-1-13-r5.dat,11,1,13,5
20190719/user11/user11-3-33-r5.dat,11,3,33,5
20190719/user11/user11-3-35-r6.dat,11,3,35,6
20190719/user11/user11-2-47-r1.dat,11,2,47,1
20190719/user11/user11-4-17-r1.dat,11,4,17,1
20190719/user11/user11-2-17-r3.dat,11,2,17,3
20190719/user11/user11-4-36-r4.dat,11,4,36,4
20190719/user11/user11-1-40-r3.dat,11,1,40,3
20190719/user11/user11-1-19-r6.dat,11,1,19,6
20190719/user11/user11-2-45-r6.dat,11,2,45,6
20190719/user11/user11-3-27-r4.dat,11,3,27,4
20190719/user11/user11-3-27-r2.dat,11,3,27,2
20190719/user11/user11-3-34-r1.dat,11,3,34,1
20190719/user11/user11-3-28-r2.dat,11,3,28,2
20190719/user11/user11-2-46-r6.dat,11,2,46,6
20190719/user11/user11-2-17-r2.dat,11,2,17,2
20190719/user11/user11-4-43-r6.dat,11,4,43,6
20190719/user11/user11-3-29-r4.dat,11,3,29,4
20190719/user11/user11-1-28-r3.dat,11,1,28,3
20190719/user11/user11-4-42-r5.dat,11,4,42,5
20190719/user11/user11-2-36-r5.dat,11,2,36,5
20190719/user11/user11-3-19-r2.dat,11,3,19,2
20190719/user11/user11-4-48-r3.dat,11,4,48,3
20190719/user11/user11-4-2-r2.dat,11,4,2,2
20190719/user11/user11-2-1-r3.dat,11,2,1,3
20190719/user11/user11-2-36-r6.dat,11,2,36,6
20190719/user11/user11-2-34-r6.dat,11,2,34,6
20190719/user11/user11-3-9-r6.dat,11,3,9,6
20190719/user11/user11-1-8-r2.dat,11,1,8,2
20190719/user11/user11-3-39-r5.dat,11,3,39,5
20190719/user11/user11-3-9-r4.dat,11,3,9,4
20190719/user11/user11-1-36-r1.dat,11,1,36,1
20190719/user11/user11-4-41-r5.dat,11,4,41,5
20190719/user11/user11-3-50-r6.dat,11,3,50,6
20190719/user11/user11-3-1-r1.dat,11,3,1,1
20190719/user11/user11-4-25-r3.dat,11,4,25,3
20190719/user11/user11-3-43-r1.dat,11,3,43,1
20190719/user11/user11-4-4-r1.dat,11,4,4,1
20190719/user11/user11-1-11-r3.dat,11,1,11,3
20190719/user11/user11-3-4-r1.dat,11,3,4,1
20190719/user11/user11-4-49-r2.dat,11,4,49,2
20190719/user11/user11-3-7-r2.dat,11,3,7,2
20190719/user11/user11-3-37-r5.dat,11,3,37,5
20190719/user11/user11-4-50-r3.dat,11,4,50,3
20190719/user11/user11-1-39-r2.dat,11,1,39,2
20190719/user11/user11-4-20-r3.dat,11,4,20,3
20190719/user11/user11-2-23-r2.dat,11,2,23,2
20190719/user11/user11-2-24-r1.dat,11,2,24,1
20190719/user11/user11-4-22-r4.dat,11,4,22,4
20190719/user11/user11-3-21-r2.dat,11,3,21,2
20190719/user11/user11-2-38-r1.dat,11,2,38,1
20190719/user11/user11-1-36-r5.dat,11,1,36,5
20190719/user11/user11-1-36-r6.dat,11,1,36,6
20190719/user11/user11-2-10-r3.dat,11,2,10,3
20190719/user11/user11-2-31-r2.dat,11,2,31,2
20190719/user11/user11-1-43-r6.dat,11,1,43,6
20190719/user11/user11-2-26-r5.dat,11,2,26,5
20190719/user11/user11-3-11-r4.dat,11,3,11,4
20190719/user11/user11-4-28-r4.dat,11,4,28,4
20190719/user11/user11-1-30-r5.dat,11,1,30,5
20190719/user11/user11-2-29-r6.dat,11,2,29,6
20190719/user11/user11-3-45-r3.dat,11,3,45,3
20190719/user11/user11-4-41-r6.dat,11,4,41,6
20190719/user11/user11-4-10-r2.dat,11,4,10,2
20190719/user11/user11-4-14-r6.dat,11,4,14,6
20190719/user11/user11-3-29-r3.dat,11,3,29,3
20190719/user11/user11-4-30-r2.dat,11,4,30,2
20190719/user11/user11-2-5-r4.dat,11,2,5,4
20190719/user11/user11-4-31-r3.dat,11,4,31,3
20190719/user11/user11-3-37-r2.dat,11,3,37,2
20190719/user11/user11-3-4-r6.dat,11,3,4,6
20190719/user11/user11-2-47-r3.dat,11,2,47,3
20190719/user11/user11-2-24-r6.dat,11,2,24,6
20190719/user11/user11-1-2-r3.dat,11,1,2,3
20190719/user11/user11-2-28-r2.dat,11,2,28,2
20190719/user11/user11-1-7-r5.dat,11,1,7,5
20190719/user11/user11-2-32-r4.dat,11,2,32,4
20190719/user11/user11-4-5-r2.dat,11,4,5,2
20190719/user11/user11-3-6-r1.dat,11,3,6,1
20190719/user11/user11-2-29-r4.dat,11,2,29,4
20190719/user11/user11-3-27-r1.dat,11,3,27,1
20190719/user11/user11-1-2-r1.dat,11,1,2,1
20190719/user11/user11-3-40-r4.dat,11,3,40,4
20190719/user11/user11-1-44-r3.dat,11,1,44,3
20190719/user11/user11-4-30-r6.dat,11,4,30,6
20190719/user11/user11-3-45-r4.dat,11,3,45,4
20190719/user11/user11-2-45-r3.dat,11,2,45,3
20190719/user11/user11-2-22-r3.dat,11,2,22,3
20190719/user11/user11-4-40-r6.dat,11,4,40,6
20190719/user11/user11-4-26-r4.dat,11,4,26,4
20190719/user11/user11-2-48-r2.dat,11,2,48,2
20190719/user11/user11-4-18-r1.dat,11,4,18,1
20190719/user11/user11-2-37-r5.dat,11,2,37,5
20190719/user11/user11-1-25-r4.dat,11,1,25,4
20190719/user11/user11-2-47-r5.dat,11,2,47,5
20190719/user11/user11-4-49-r6.dat,11,4,49,6
20190719/user11/user11-1-9-r1.dat,11,1,9,1
20190719/user11/user11-1-30-r3.dat,11,1,30,3
20190719/user11/user11-2-50-r1.dat,11,2,50,1
20190719/user11/user11-1-31-r2.dat,11,1,31,2
20190719/user11/user11-2-14-r1.dat,11,2,14,1
20190719/user11/user11-1-37-r3.dat,11,1,37,3
20190719/user11/user11-4-33-r1.dat,11,4,33,1
20190719/user11/user11-2-35-r3.dat,11,2,35,3
20190719/user11/user11-1-7-r3.dat,11,1,7,3
20190719/user11/user11-4-47-r2.dat,11,4,47,2
20190719/user11/user11-1-45-r5.dat,11,1,45,5
20190719/user11/user11-4-2-r3.dat,11,4,2,3
20190719/user11/user11-1-34-r5.dat,11,1,34,5
20190719/user11/user11-2-6-r2.dat,11,2,6,2
20190719/user11/user11-3-25-r4.dat,11,3,25,4
20190719/user11/user11-2-20-r2.dat,11,2,20,2
20190719/user11/user11-1-25-r1.dat,11,1,25,1
20190719/user11/user11-2-9-r5.dat,11,2,9,5
20190719/user11/user11-1-24-r3.dat,11,1,24,3
20190719/user11/user11-3-14-r5.dat,11,3,14,5
20190719/user11/user11-3-36-r5.dat,11,3,36,5
20190719/user11/user11-1-23-r6.dat,11,1,23,6
20190719/user11/user11-2-37-r4.dat,11,2,37,4
20190719/user11/user11-1-2-r2.dat,11,1,2,2
20190719/user11/user11-4-15-r5.dat,11,4,15,5
20190719/user11/user11-1-46-r5.dat,11,1,46,5
20190719/user11/user11-3-15-r3.dat,11,3,15,3
20190719/user11/user11-4-27-r6.dat,11,4,27,6
20190719/user11/user11-4-4-r3.dat,11,4,4,3
20190719/user11/user11-2-7-r5.dat,11,2,7,5
20190719/user11/user11-3-31-r5.dat,11,3,31,5
20190719/user11/user11-2-28-r3.dat,11,2,28,3
20190719/user11/user11-2-26-r4.dat,11,2,26,4
20190719/user11/user11-2-27-r3.dat,11,2,27,3
20190719/user11/user11-4-38-r1.dat,11,4,38,1
20190719/user11/user11-3-30-r6.dat,11,3,30,6
20190719/user11/user11-3-18-r3.dat,11,3,18,3
20190719/user11/user11-2-25-r3.dat,11,2,25,3
20190719/user11/user11-4-18-r3.dat,11,4,18,3
20190719/user11/user11-2-1-r2.dat,11,2,1,2
20190719/user11/user11-3-24-r3.dat,11,3,24,3
20190719/user11/user11-2-39-r6.dat,11,2,39,6
20190719/user11/user11-3-25-r6.dat,11,3,25,6
20190719/user11/user11-2-1-r6.dat,11,2,1,6
20190719/user11/user11-3-23-r5.dat,11,3,23,5
20190719/user11/user11-3-42-r2.dat,11,3,42,2
20190719/user11/user11-4-10-r6.dat,11,4,10,6
20190719/user11/user11-4-17-r3.dat,11,4,17,3
20190719/user11/user11-3-2-r6.dat,11,3,2,6
20190719/user11/user11-1-32-r6.dat,11,1,32,6
20190719/user11/user11-2-30-r1.dat,11,2,30,1
20190719/user11/user11-4-38-r5.dat,11,4,38,5
20190719/user11/user11-3-5-r2.dat,11,3,5,2
20190719/user11/user11-2-8-r4.dat,11,2,8,4
20190719/user11/user11-4-22-r1.dat,11,4,22,1
20190719/user11/user11-2-17-r5.dat,11,2,17,5
20190719/user11/user11-3-45-r5.dat,11,3,45,5
20190719/user11/user11-3-15-r4.dat,11,3,15,4
20190719/user11/user11-4-32-r3.dat,11,4,32,3
20190719/user11/user11-3-2-r5.dat,11,3,2,5
20190719/user11/user11-2-32-r6.dat,11,2,32,6
20190719/user11/user11-2-35-r2.dat,11,2,35,2
20190719/user11/user11-1-33-r3.dat,11,1,33,3
20190719/user11/user11-1-5-r4.dat,11,1,5,4
20190719/user11/user11-1-19-r5.dat,11,1,19,5
20190719/user11/user11-1-29-r6.dat,11,1,29,6
20190719/user11/user11-4-6-r3.dat,11,4,6,3
20190719/user11/user11-4-31-r1.dat,11,4,31,1
20190719/user11/user11-1-6-r2.dat,11,1,6,2
20190719/user11/user11-2-16-r3.dat,11,2,16,3
20190719/user11/user11-3-4-r5.dat,11,3,4,5
20190719/user11/user11-2-13-r2.dat,11,2,13,2
20190719/user11/user11-1-31-r5.dat,11,1,31,5
20190719/user11/user11-3-17-r3.dat,11,3,17,3
20190719/user11/user11-3-33-r1.dat,11,3,33,1
20190719/user11/user11-3-11-r5.dat,11,3,11,5
20190719/user11/user11-1-46-r1.dat,11,1,46,1
20190719/user11/user11-4-3-r5.dat,11,4,3,5
20190719/user11/user11-1-49-r1.dat,11,1,49,1
20190719/user11/user11-2-27-r5.dat,11,2,27,5
20190719/user11/user11-3-39-r4.dat,11,3,39,4
20190719/user11/user11-4-45-r2.dat,11,4,45,2
20190719/user11/user11-3-28-r4.dat,11,3,28,4
20190719/user11/user11-3-14-r2.dat,11,3,14,2
20190719/user11/user11-4-50-r5.dat,11,4,50,5
20190719/user11/user11-1-50-r6.dat,11,1,50,6
20190719/user11/user11-2-23-r5.dat,11,2,23,5
20190719/user11/user11-3-28-r1.dat,11,3,28,1
20190719/user11/user11-4-6-r4.dat,11,4,6,4
20190719/user11/user11-1-34-r3.dat,11,1,34,3
20190719/user11/user11-2-23-r1.dat,11,2,23,1
20190719/user11/user11-4-11-r2.dat,11,4,11,2
20190719/user11/user11-3-37-r4.dat,11,3,37,4
20190719/user11/user11-2-30-r4.dat,11,2,30,4
20190719/user11/user11-1-23-r3.dat,11,1,23,3
20190719/user11/user11-1-9-r2.dat,11,1,9,2
20190719/user11/user11-1-44-r4.dat,11,1,44,4
20190719/user11/user11-3-21-r4.dat,11,3,21,4
20190719/user11/user11-1-37-r4.dat,11,1,37,4
20190719/user11/user11-1-13-r4.dat,11,1,13,4
20190719/user11/user11-2-36-r2.dat,11,2,36,2
20190719/user11/user11-1-4-r2.dat,11,1,4,2
20190719/user11/user11-2-12-r4.dat,11,2,12,4
20190719/user11/user11-3-6-r5.dat,11,3,6,5
20190719/user11/user11-1-42-r2.dat,11,1,42,2
20190719/user11/user11-1-1-r4.dat,11,1,1,4
20190719/user11/user11-3-19-r1.dat,11,3,19,1
20190719/user11/user11-1-47-r3.dat,11,1,47,3
20190719/user11/user11-4-35-r5.dat,11,4,35,5
20190719/user11/user11-3-3-r6.dat,11,3,3,6
20190719/user11/user11-2-49-r6.dat,11,2,49,6
20190719/user11/user11-4-24-r1.dat,11,4,24,1
20190719/user11/user11-3-10-r2.dat,11,3,10,2
20190719/user11/user11-2-28-r6.dat,11,2,28,6
20190719/user11/user11-4-38-r2.dat,11,4,38,2
20190719/user11/user11-1-43-r1.dat,11,1,43,1
20190719/user11/user11-2-21-r3.dat,11,2,21,3
20190719/user11/user11-1-19-r3.dat,11,1,19,3
20190719/user11/user11-3-11-r3.dat,11,3,11,3
20190719/user11/user11-1-26-r3.dat,11,1,26,3
20190719/user11/user11-3-38-r3.dat,11,3,38,3
20190719/user11/user11-3-22-r3.dat,11,3,22,3
20190719/user11/user11-4-37-r2.dat,11,4,37,2
20190719/user11/user11-2-13-r3.dat,11,2,13,3
20190719/user11/user11-4-21-r6.dat,11,4,21,6
20190719/user11/user11-3-35-r2.dat,11,3,35,2
20190719/user11/user11-3-5-r5.dat,11,3,5,5
20190719/user11/user11-3-22-r6.dat,11,3,22,6
20190719/user11/user11-1-38-r1.dat,11,1,38,1
20190719/user11/user11-2-3-r1.dat,11,2,3,1
20190719/user11/user11-1-16-r5.dat,11,1,16,5
20190719/user11/user11-1-41-r5.dat,11,1,41,5
20190719/user11/user11-2-40-r4.dat,11,2,40,4
20190719/user11/user11-1-27-r3.dat,11,1,27,3
20190719/user11/user11-4-38-r4.dat,11,4,38,4
20190719/user11/user11-4-43-r2.dat,11,4,43,2
20190719/user11/user11-4-21-r1.dat,11,4,21,1
20190719/user11/user11-1-27-r6.dat,11,1,27,6
20190719/user11/user11-3-27-r3.dat,11,3,27,3
20190719/user11/user11-2-11-r5.dat,11,2,11,5
20190719/user11/user11-4-21-r3.dat,11,4,21,3
20190719/user11/user11-1-16-r2.dat,11,1,16,2
20190719/user11/user11-1-29-r3.dat,11,1,29,3
20190719/user11/user11-2-45-r1.dat,11,2,45,1
20190719/user11/user11-2-14-r4.dat,11,2,14,4
20190719/user11/user11-3-16-r6.dat,11,3,16,6
20190719/user11/user11-2-4-r1.dat,11,2,4,1
20190719/user11/user11-4-29-r5.dat,11,4,29,5
20190719/user11/user11-1-24-r1.dat,11,1,24,1
20190719/user11/user11-1-49-r5.dat,11,1,49,5
20190719/user11/user11-4-28-r2.dat,11,4,28,2
20190719/user11/user11-3-31-r6.dat,11,3,31,6
20190719/user11/user11-2-26-r6.dat,11,2,26,6
20190719/user11/user11-2-8-r1.dat,11,2,8,1
20190719/user11/user11-2-32-r5.dat,11,2,32,5
20190719/user11/user11-1-43-r2.dat,11,1,43,2
20190719/user11/user11-2-21-r2.dat,11,2,21,2
20190719/user11/user11-2-9-r2.dat,11,2,9,2
20190719/user11/user11-2-11-r1.dat,11,2,11,1
20190719/user11/user11-2-29-r3.dat,11,2,29,3
20190719/user11/user11-1-44-r1.dat,11,1,44,1
20190719/user11/user11-4-1-r1.dat,11,4,1,1
20190719/user11/user11-4-40-r4.dat,11,4,40,4
20190719/user11/user11-1-25-r5.dat,11,1,25,5
20190719/user11/user11-2-49-r2.dat,11,2,49,2
20190719/user11/user11-1-8-r4.dat,11,1,8,4
20190719/user11/user11-2-10-r1.dat,11,2,10,1
20190719/user11/user11-1-41-r1.dat,11,1,41,1
20190719/user11/user11-1-10-r1.dat,11,1,10,1
20190719/user11/user11-2-7-r1.dat,11,2,7,1
20190719/user11/user11-4-2-r6.dat,11,4,2,6
20190719/user11/user11-4-50-r2.dat,11,4,50,2
20190719/user11/user11-1-31-r3.dat,11,1,31,3
20190719/user11/user11-2-44-r6.dat,11,2,44,6
20190719/user11/user11-3-42-r5.dat,11,3,42,5
20190719/user11/user11-3-26-r3.dat,11,3,26,3
20190719/user11/user11-2-2-r3.dat,11,2,2,3
20190719/user11/user11-1-2-r6.dat,11,1,2,6
20190719/user11/user11-3-8-r6.dat,11,3,8,6
20190719/user11/user11-4-26-r2.dat,11,4,26,2
20190719/user11/user11-3-37-r6.dat,11,3,37,6
20190719/user11/user11-1-27-r4.dat,11,1,27,4
20190719/user11/user11-1-22-r5.dat,11,1,22,5
20190719/user11/user11-1-21-r6.dat,11,1,21,6
20190719/user11/user11-3-49-r1.dat,11,3,49,1
20190719/user11/user11-3-44-r3.dat,11,3,44,3
20190719/user11/user11-3-46-r6.dat,11,3,46,6
20190719/user11/user11-1-45-r6.dat,11,1,45,6
20190719/user11/user11-3-43-r6.dat,11,3,43,6
20190719/user11/user11-2-1-r1.dat,11,2,1,1
20190719/user11/user11-4-8-r1.dat,11,4,8,1
20190719/user11/user11-1-1-r1.dat,11,1,1,1
20190719/user11/user11-3-27-r6.dat,11,3,27,6
20190719/user11/user11-4-41-r4.dat,11,4,41,4
20190719/user11/user11-2-25-r6.dat,11,2,25,6
20190719/user11/user11-1-48-r6.dat,11,1,48,6
20190719/user11/user11-1-31-r6.dat,11,1,31,6
20190719/user11/user11-4-8-r4.dat,11,4,8,4
20190719/user11/user11-1-38-r4.dat,11,1,38,4
20190719/user11/user11-3-22-r4.dat,11,3,22,4
20190719/user11/user11-2-16-r1.dat,11,2,16,1
20190719/user11/user11-3-8-r5.dat,11,3,8,5
20190719/user11/user11-4-49-r5.dat,11,4,49,5
20190719/user11/user11-4-34-r2.dat,11,4,34,2
20190719/user11/user11-1-1-r5.dat,11,1,1,5
20190719/user11/user11-2-6-r3.dat,11,2,6,3
20190719/user11/user11-3-22-r1.dat,11,3,22,1
20190719/user11/user11-3-9-r3.dat,11,3,9,3
20190719/user11/user11-4-28-r6.dat,11,4,28,6
20190719/user11/user11-1-33-r5.dat,11,1,33,5
20190719/user11/user11-1-31-r1.dat,11,1,31,1
20190719/user11/user11-3-47-r4.dat,11,3,47,4
20190719/user11/user11-2-49-r1.dat,11,2,49,1
20190719/user11/user11-3-6-r2.dat,11,3,6,2
20190719/user11/user11-4-35-r4.dat,11,4,35,4
20190719/user11/user11-3-29-r5.dat,11,3,29,5
20190719/user11/user11-3-16-r2.dat,11,3,16,2
20190719/user11/user11-1-49-r4.dat,11,1,49,4
20190719/user11/user11-2-8-r2.dat,11,2,8,2
20190719/user11/user11-1-46-r3.dat,11,1,46,3
20190719/user11/user11-3-46-r1.dat,11,3,46,1
20190719/user11/user11-2-48-r5.dat,11,2,48,5
20190719/user11/user11-1-35-r1.dat,11,1,35,1
20190719/user11/user11-4-9-r5.dat,11,4,9,5
20190719/user11/user11-2-20-r4.dat,11,2,20,4
20190719/user11/user11-3-48-r4.dat,11,3,48,4
20190719/user11/user11-4-43-r1.dat,11,4,43,1
20190719/user11/user11-4-12-r4.dat,11,4,12,4
20190719/user11/user11-3-9-r1.dat,11,3,9,1
20190719/user11/user11-4-37-r4.dat,11,4,37,4
20190719/user11/user11-3-31-r3.dat,11,3,31,3
20190719/user11/user11-1-38-r3.dat,11,1,38,3
20190719/user11/user11-1-26-r1.dat,11,1,26,1
20190719/user11/user11-1-12-r1.dat,11,1,12,1
20190719/user11/user11-2-18-r6.dat,11,2,18,6
20190719/user11/user11-3-35-r3.dat,11,3,35,3
20190719/user11/user11-1-43-r3.dat,11,1,43,3
20190719/user11/user11-4-48-r1.dat,11,4,48,1
20190719/user11/user11-1-33-r1.dat,11,1,33,1
20190719/user11/user11-2-5-r3.dat,11,2,5,3
20190719/user11/user11-4-21-r5.dat,11,4,21,5
20190719/user11/user11-4-19-r6.dat,11,4,19,6
20190719/user11/user11-1-11-r5.dat,11,1,11,5
20190719/user11/user11-1-28-r4.dat,11,1,28,4
20190719/user11/user11-4-24-r4.dat,11,4,24,4
20190719/user11/user11-1-21-r4.dat,11,1,21,4
20190719/user11/user11-1-25-r2.dat,11,1,25,2
20190719/user11/user11-1-43-r5.dat,11,1,43,5
20190719/user11/user11-2-41-r1.dat,11,2,41,1
20190719/user11/user11-4-20-r1.dat,11,4,20,1
20190719/user11/user11-4-10-r1.dat,11,4,10,1
20190719/user11/user11-2-28-r4.dat,11,2,28,4
20190719/user11/user11-1-8-r5.dat,11,1,8,5
20190719/user11/user11-2-45-r4.dat,11,2,45,4
20190719/user11/user11-2-46-r1.dat,11,2,46,1
20190719/user11/user11-2-50-r5.dat,11,2,50,5
20190719/user11/user11-2-12-r2.dat,11,2,12,2
20190719/user11/user11-4-28-r1.dat,11,4,28,1
20190719/user11/user11-1-5-r6.dat,11,1,5,6
20190719/user11/user11-2-8-r3.dat,11,2,8,3
20190719/user11/user11-3-14-r6.dat,11,3,14,6
20190719/user11/user11-2-38-r6.dat,11,2,38,6
20190719/user11/user11-2-11-r4.dat,11,2,11,4
20190719/user11/user11-2-25-r1.dat,11,2,25,1
20190719/user11/user11-2-1-r4.dat,11,2,1,4
20190719/user11/user11-4-16-r1.dat,11,4,16,1
20190719/user11/user11-2-18-r4.dat,11,2,18,4
20190719/user11/user11-4-47-r5.dat,11,4,47,5
20190719/user11/user11-2-46-r4.dat,11,2,46,4
20190719/user11/user11-2-48-r4.dat,11,2,48,4
20190719/user11/user11-3-50-r5.dat,11,3,50,5
20190719/user11/user11-4-11-r5.dat,11,4,11,5
20190719/user11/user11-3-33-r6.dat,11,3,33,6
20190719/user11/user11-3-50-r2.dat,11,3,50,2
20190719/user11/user11-4-25-r5.dat,11,4,25,5
20190719/user11/user11-4-18-r5.dat,11,4,18,5
20190719/user11/user11-3-24-r5.dat,11,3,24,5
20190719/user11/user11-1-41-r4.dat,11,1,41,4
20190719/user11/user11-4-27-r3.dat,11,4,27,3
20190719/user11/user11-2-27-r2.dat,11,2,27,2
20190719/user11/user11-4-5-r6.dat,11,4,5,6
20190719/user11/user11-4-30-r3.dat,11,4,30,3
20190719/user11/user11-4-4-r4.dat,11,4,4,4
20190719/user11/user11-3-37-r1.dat,11,3,37,1
20190719/user11/user11-4-18-r4.dat,11,4,18,4
20190719/user11/user11-3-20-r4.dat,11,3,20,4
20190719/user11/user11-3-3-r1.dat,11,3,3,1
20190719/user11/user11-3-29-r2.dat,11,3,29,2
20190719/user11/user11-1-38-r6.dat,11,1,38,6
20190719/user11/user11-1-29-r4.dat,11,1,29,4
20190719/user11/user11-2-45-r2.dat,11,2,45,2
20190719/user11/user11-3-26-r4.dat,11,3,26,4
20190719/user11/user11-4-16-r3.dat,11,4,16,3
20190719/user11/user11-2-43-r6.dat,11,2,43,6
20190719/user11/user11-1-3-r2.dat,11,1,3,2
20190719/user11/user11-1-1-r3.dat,11,1,1,3
20190719/user11/user11-1-34-r1.dat,11,1,34,1
20190719/user11/user11-3-14-r1.dat,11,3,14,1
20190719/user11/user11-1-3-r6.dat,11,1,3,6
20190719/user11/user11-1-28-r5.dat,11,1,28,5
20190719/user11/user11-1-23-r5.dat,11,1,23,5
20190719/user11/user11-4-19-r2.dat,11,4,19,2
20190719/user11/user11-1-11-r6.dat,11,1,11,6
20190719/user11/user11-1-32-r1.dat,11,1,32,1
20190719/user11/user11-3-16-r4.dat,11,3,16,4
20190719/user11/user11-1-18-r2.dat,11,1,18,2
20190719/user11/user11-2-49-r4.dat,11,2,49,4
20190719/user11/user11-3-30-r1.dat,11,3,30,1
20190719/user11/user11-2-15-r5.dat,11,2,15,5
20190719/user11/user11-1-24-r5.dat,11,1,24,5
20190719/user11/user11-3-9-r2.dat,11,3,9,2
20190719/user11/user11-3-42-r6.dat,11,3,42,6
20190719/user11/user11-4-40-r1.dat,11,4,40,1
20190719/user11/user11-1-48-r4.dat,11,1,48,4
20190719/user11/user11-1-12-r2.dat,11,1,12,2
20190719/user11/user11-4-50-r1.dat,11,4,50,1
20190719/user11/user11-4-48-r4.dat,11,4,48,4
20190719/user11/user11-1-23-r1.dat,11,1,23,1
20190719/user11/user11-4-44-r6.dat,11,4,44,6
20190719/user11/user11-4-31-r4.dat,11,4,31,4
20190719/user11/user11-4-27-r5.dat,11,4,27,5
20190719/user11/user11-4-47-r3.dat,11,4,47,3
20190719/user11/user11-1-41-r2.dat,11,1,41,2
20190719/user11/user11-1-12-r3.dat,11,1,12,3
20190719/user11/user11-1-49-r2.dat,11,1,49,2
20190719/user11/user11-4-21-r4.dat,11,4,21,4
20190719/user11/user11-1-15-r4.dat,11,1,15,4
20190719/user11/user11-1-13-r2.dat,11,1,13,2
20190719/user11/user11-1-20-r6.dat,11,1,20,6
20190719/user11/user11-4-42-r6.dat,11,4,42,6
20190719/user11/user11-1-40-r2.dat,11,1,40,2
20190719/user11/user11-3-28-r6.dat,11,3,28,6
20190719/user11/user11-2-40-r6.dat,11,2,40,6
20190719/user11/user11-4-6-r5.dat,11,4,6,5
20190719/user11/user11-3-10-r6.dat,11,3,10,6
20190719/user11/user11-2-16-r6.dat,11,2,16,6
20190719/user11/user11-1-18-r4.dat,11,1,18,4
20190719/user11/user11-4-32-r6.dat,11,4,32,6
20190719/user11/user11-2-27-r6.dat,11,2,27,6
20190719/user11/user11-3-49-r2.dat,11,3,49,2
20190719/user11/user11-3-50-r3.dat,11,3,50,3
20190719/user11/user11-1-17-r2.dat,11,1,17,2
20190719/user11/user11-4-23-r1.dat,11,4,23,1
20190719/user11/user11-1-28-r6.dat,11,1,28,6
20190719/user11/user11-2-27-r4.dat,11,2,27,4
20190719/user11/user11-2-19-r5.dat,11,2,19,5
20190719/user11/user11-3-46-r3.dat,11,3,46,3
20190719/user11/user11-4-39-r6.dat,11,4,39,6
20190719/user11/user11-2-30-r5.dat,11,2,30,5
20190719/user11/user11-3-23-r3.dat,11,3,23,3
20190719/user11/user11-3-34-r3.dat,11,3,34,3
20190719/user11/user11-1-7-r1.dat,11,1,7,1
20190719/user11/user11-4-29-r4.dat,11,4,29,4
20190719/user11/user11-3-15-r5.dat,11,3,15,5
20190719/user11/user11-2-37-r2.dat,11,2,37,2
20190719/user11/user11-2-15-r4.dat,11,2,15,4
20190719/user11/user11-2-29-r1.dat,11,2,29,1
20190719/user11/user11-4-35-r1.dat,11,4,35,1
20190719/user11/user11-3-18-r4.dat,11,3,18,4
20190719/user11/user11-3-42-r1.dat,11,3,42,1
20190719/user11/user11-3-48-r5.dat,11,3,48,5
20190719/user11/user11-1-23-r2.dat,11,1,23,2
20190719/user11/user11-2-18-r1.dat,11,2,18,1
20190719/user11/user11-3-9-r5.dat,11,3,9,5
20190719/user11/user11-4-15-r1.dat,11,4,15,1
20190719/user11/user11-2-12-r6.dat,11,2,12,6
20190719/user11/user11-3-26-r5.dat,11,3,26,5
20190719/user11/user11-3-21-r6.dat,11,3,21,6
20190719/user11/user11-3-25-r1.dat,11,3,25,1
20190719/user11/user11-3-41-r6.dat,11,3,41,6
20190719/user11/user11-2-34-r2.dat,11,2,34,2
20190719/user11/user11-3-40-r1.dat,11,3,40,1
20190719/user11/user11-4-46-r1.dat,11,4,46,1
20190719/user11/user11-4-2-r4.dat,11,4,2,4
20190719/user11/user11-4-30-r4.dat,11,4,30,4
20190719/user11/user11-3-36-r6.dat,11,3,36,6
20190719/user11/user11-3-48-r6.dat,11,3,48,6
20190719/user11/user11-4-16-r4.dat,11,4,16,4
20190719/user11/user11-3-8-r2.dat,11,3,8,2
20190719/user11/user11-2-26-r2.dat,11,2,26,2
20190719/user11/user11-4-29-r1.dat,11,4,29,1
20190719/user11/user11-2-3-r5.dat,11,2,3,5
20190719/user11/user11-4-32-r4.dat,11,4,32,4
20190719/user11/user11-2-19-r2.dat,11,2,19,2
20190719/user11/user11-1-3-r4.dat,11,1,3,4
20190719/user11/user11-2-35-r4.dat,11,2,35,4
20190719/user11/user11-2-44-r2.dat,11,2,44,2
20190719/user11/user11-2-20-r5.dat,11,2,20,5
20190719/user11/user11-4-28-r3.dat,11,4,28,3
20190719/user11/user11-1-17-r1.dat,11,1,17,1
20190719/user11/user11-1-17-r5.dat,11,1,17,5
20190719/user11/user11-4-39-r1.dat,11,4,39,1
20190719/user11/user11-4-29-r6.dat,11,4,29,6
20190719/user11/user11-2-33-r2.dat,11,2,33,2
20190719/user11/user11-4-34-r3.dat,11,4,34,3
20190719/user11/user11-1-5-r5.dat,11,1,5,5
20190719/user11/user11-3-8-r1.dat,11,3,8,1
20190719/user11/user11-2-34-r4.dat,11,2,34,4
20190719/user11/user11-2-4-r5.dat,11,2,4,5
20190719/user11/user11-1-26-r2.dat,11,1,26,2
20190719/user11/user11-4-36-r6.dat,11,4,36,6
20190719/user11/user11-2-4-r2.dat,11,2,4,2
20190719/user11/user11-4-4-r6.dat,11,4,4,6
20190719/user11/user11-1-21-r2.dat,11,1,21,2
20190719/user11/user11-2-42-r5.dat,11,2,42,5
20190719/user11/user11-1-25-r6.dat,11,1,25,6
20190719/user11/user11-3-7-r4.dat,11,3,7,4
20190719/user11/user11-3-23-r4.dat,11,3,23,4
20190719/user11/user11-4-37-r5.dat,11,4,37,5
20190719/user11/user11-4-11-r3.dat,11,4,11,3
20190719/user11/user11-4-20-r6.dat,11,4,20,6
20190719/user11/user11-4-17-r6.dat,11,4,17,6
20190719/user11/user11-4-31-r2.dat,11,4,31,2
20190719/user11/user11-2-20-r1.dat,11,2,20,1
20190719/user11/user11-1-45-r3.dat,11,1,45,3
20190719/user11/user11-1-33-r4.dat,11,1,33,4
20190719/user11/user11-1-5-r2.dat,11,1,5,2
20190719/user11/user11-4-29-r2.dat,11,4,29,2
20190719/user11/user11-1-28-r2.dat,11,1,28,2
20190719/user11/user11-4-37-r6.dat,11,4,37,6
20190719/user11/user11-1-2-r4.dat,11,1,2,4
20190719/user11/user11-4-25-r1.dat,11,4,25,1
20190719/user11/user11-2-31-r6.dat,11,2,31,6
20190719/user11/user11-3-28-r5.dat,11,3,28,5
20190719/user11/user11-2-35-r6.dat,11,2,35,6
20190719/user11/user11-4-3-r4.dat,11,4,3,4
20190719/user11/user11-4-17-r5.dat,11,4,17,5
20190719/user11/user11-1-27-r2.dat,11,1,27,2
20190719/user11/user11-3-5-r4.dat,11,3,5,4
20190719/user11/user11-1-12-r4.dat,11,1,12,4
20190719/user11/user11-2-42-r1.dat,11,2,42,1
20190719/user11/user11-3-18-r1.dat,11,3,18,1
20190719/user11/user11-2-16-r4.dat,11,2,16,4
20190719/user11/user11-1-45-r4.dat,11,1,45,4
20190719/user11/user11-2-18-r2.dat,11,2,18,2
20190719/user11/user11-1-39-r6.dat,11,1,39,6
20190719/user11/user11-1-34-r4.dat,11,1,34,4
20190719/user11/user11-3-19-r4.dat,11,3,19,4
20190719/user11/user11-3-12-r1.dat,11,3,12,1
20190719/user11/user11-4-8-r6.dat,11,4,8,6
20190719/user11/user11-2-44-r5.dat,11,2,44,5
20190719/user11/user11-2-15-r2.dat,11,2,15,2
20190719/user11/user11-4-16-r6.dat,11,4,16,6
20190719/user11/user11-3-35-r5.dat,11,3,35,5
20190719/user11/user11-2-15-r6.dat,11,2,15,6
20190719/user11/user11-3-11-r6.dat,11,3,11,6
20190719/user11/user11-1-39-r3.dat,11,1,39,3
20190719/user11/user11-1-3-r1.dat,11,1,3,1
20190719/user11/user11-1-17-r4.dat,11,1,17,4
20190719/user11/user11-2-24-r5.dat,11,2,24,5
20190719/user11/user11-2-7-r4.dat,11,2,7,4
20190719/user11/user11-2-35-r5.dat,11,2,35,5
20190719/user11/user11-2-1-r5.dat,11,2,1,5
20190719/user11/user11-3-17-r1.dat,11,3,17,1
20190719/user11/user11-4-11-r4.dat,11,4,11,4
20190719/user11/user11-1-40-r4.dat,11,1,40,4
20190719/user11/user11-3-15-r1.dat,11,3,15,1
20190719/user11/user11-1-4-r6.dat,11,1,4,6
20190719/user11/user11-1-22-r2.dat,11,1,22,2
20190719/user11/user11-2-10-r6.dat,11,2,10,6
20190719/user11/user11-1-8-r1.dat,11,1,8,1
20190719/user11/user11-1-34-r6.dat,11,1,34,6
20190719/user11/user11-3-17-r6.dat,11,3,17,6
20190719/user11/user11-4-32-r2.dat,11,4,32,2
20190719/user11/user11-2-34-r3.dat,11,2,34,3
20190719/user11/user11-4-43-r5.dat,11,4,43,5
20190719/user11/user11-3-50-r1.dat,11,3,50,1
20190719/user11/user11-2-19-r4.dat,11,2,19,4
20190719/user11/user11-2-21-r6.dat,11,2,21,6
20190719/user11/user11-3-20-r2.dat,11,3,20,2
20190719/user11/user11-2-13-r1.dat,11,2,13,1
20190719/user11/user11-3-12-r5.dat,11,3,12,5
20190719/user11/user11-2-36-r4.dat,11,2,36,4
20190719/user11/user11-1-50-r1.dat,11,1,50,1
20190719/user11/user11-3-42-r3.dat,11,3,42,3
20190719/user11/user11-4-40-r2.dat,11,4,40,2
20190719/user11/user11-4-7-r6.dat,11,4,7,6
20190719/user11/user11-4-12-r3.dat,11,4,12,3
20190719/user11/user11-3-7-r3.dat,11,3,7,3
20190719/user11/user11-1-24-r2.dat,11,1,24,2
20190719/user11/user11-3-3-r4.dat,11,3,3,4
20190719/user11/user11-4-34-r4.dat,11,4,34,4
20190719/user11/user11-3-1-r2.dat,11,3,1,2
20190719/user11/user11-1-5-r3.dat,11,1,5,3
20190719/user11/user11-3-44-r6.dat,11,3,44,6
20190719/user11/user11-3-48-r1.dat,11,3,48,1
20190719/user11/user11-3-33-r3.dat,11,3,33,3
20190719/user11/user11-1-4-r1.dat,11,1,4,1
20190719/user11/user11-4-14-r2.dat,11,4,14,2
20190719/user11/user11-3-40-r2.dat,11,3,40,2
20190719/user11/user11-4-3-r1.dat,11,4,3,1
20190719/user11/user11-3-7-r1.dat,11,3,7,1
20190719/user11/user11-2-49-r3.dat,11,2,49,3
20190719/user11/user11-2-39-r4.dat,11,2,39,4
20190719/user11/user11-2-19-r6.dat,11,2,19,6
20190719/user11/user11-1-8-r3.dat,11,1,8,3
20190719/user11/user11-2-38-r2.dat,11,2,38,2
20190719/user11/user11-1-30-r2.dat,11,1,30,2
20190719/user11/user11-3-40-r5.dat,11,3,40,5
20190719/user11/user11-2-18-r3.dat,11,2,18,3
20190719/user11/user11-4-42-r3.dat,11,4,42,3
20190719/user11/user11-4-45-r4.dat,11,4,45,4
20190719/user11/user11-4-23-r3.dat,11,4,23,3
20190719/user11/user11-3-13-r6.dat,11,3,13,6
20190719/user11/user11-2-41-r5.dat,11,2,41,5
20190719/user11/user11-3-39-r6.dat,11,3,39,6
20190719/user11/user11-3-20-r5.dat,11,3,20,5
20190719/user11/user11-2-18-r5.dat,11,2,18,5
20190719/user11/user11-3-36-r2.dat,11,3,36,2
20190719/user11/user11-1-10-r2.dat,11,1,10,2
20190719/user11/user11-1-15-r5.dat,11,1,15,5
20190719/user11/user11-3-6-r6.dat,11,3,6,6
20190719/user11/user11-1-32-r4.dat,11,1,32,4
20190719/user11/user11-2-11-r2.dat,11,2,11,2
20190719/user11/user11-2-33-r6.dat,11,2,33,6
20190719/user11/user11-3-43-r4.dat,11,3,43,4
20190719/user11/user11-4-26-r6.dat,11,4,26,6
20190719/user11/user11-3-43-r3.dat,11,3,43,3
20190719/user11/user11-3-16-r3.dat,11,3,16,3
20190719/user11/user11-3-28-r3.dat,11,3,28,3
20190719/user11/user11-4-46-r3.dat,11,4,46,3
20190719/user11/user11-2-42-r2.dat,11,2,42,2
20190719/user11/user11-3-1-r4.dat,11,3,1,4
20190719/user11/user11-1-14-r6.dat,11,1,14,6
20190719/user11/user11-3-45-r6.dat,11,3,45,6
20190719/user11/user11-2-25-r5.dat,11,2,25,5
20190719/user11/user11-4-3-r2.dat,11,4,3,2
20190719/user11/user11-4-19-r4.dat,11,4,19,4
20190719/user11/user11-2-22-r5.dat,11,2,22,5
20190719/user11/user11-4-1-r4.dat,11,4,1,4
20190719/user11/user11-1-33-r6.dat,11,1,33,6
20190719/user11/user11-3-24-r6.dat,11,3,24,6
20190719/user11/user11-2-8-r5.dat,11,2,8,5
20190719/user11/user11-4-23-r6.dat,11,4,23,6
20190719/user11/user11-1-5-r1.dat,11,1,5,1
20190719/user11/user11-1-22-r6.dat,11,1,22,6
20190719/user11/user11-2-42-r6.dat,11,2,42,6
20190719/user11/user11-2-7-r6.dat,11,2,7,6
20190719/user11/user11-2-34-r5.dat,11,2,34,5
20190719/user11/user11-1-46-r2.dat,11,1,46,2
20190719/user11/user11-2-50-r4.dat,11,2,50,4
20190719/user11/user11-2-3-r2.dat,11,2,3,2
20190719/user11/user11-1-26-r5.dat,11,1,26,5
20190719/user11/user11-3-1-r6.dat,11,3,1,6
20190719/user11/user11-2-14-r3.dat,11,2,14,3
20190719/user11/user11-1-40-r1.dat,11,1,40,1
20190719/user11/user11-4-20-r2.dat,11,4,20,2
20190719/user11/user11-4-48-r5.dat,11,4,48,5
20190719/user11/user11-2-36-r3.dat,11,2,36,3
20190719/user11/user11-2-45-r5.dat,11,2,45,5
20190719/user11/user11-3-49-r4.dat,11,3,49,4
20190719/user11/user11-3-29-r6.dat,11,3,29,6
20190719/user11/user11-3-44-r5.dat,11,3,44,5
20190719/user11/user11-4-23-r4.dat,11,4,23,4
20190719/user11/user11-3-19-r5.dat,11,3,19,5
20190719/user11/user11-1-21-r1.dat,11,1,21,1
20190719/user11/user11-4-45-r3.dat,11,4,45,3
20190719/user11/user11-3-30-r5.dat,11,3,30,5
20190719/user11/user11-2-17-r6.dat,11,2,17,6
20190719/user11/user11-1-10-r6.dat,11,1,10,6
20190719/user11/user11-3-32-r2.dat,11,3,32,2
20190719/user11/user11-4-25-r2.dat,11,4,25,2
20190719/user11/user11-4-3-r3.dat,11,4,3,3
20190719/user11/user11-3-38-r1.dat,11,3,38,1
20190719/user11/user11-3-31-r4.dat,11,3,31,4
20190719/user11/user11-3-41-r4.dat,11,3,41,4
20190719/user11/user11-3-10-r5.dat,11,3,10,5
20190719/user11/user11-1-6-r6.dat,11,1,6,6
20190719/user11/user11-1-29-r2.dat,11,1,29,2
20190719/user11/user11-3-47-r6.dat,11,3,47,6
20190719/user11/user11-1-22-r3.dat,11,1,22,3
20190719/user11/user11-3-6-r4.dat,11,3,6,4
20190719/user11/user11-3-22-r2.dat,11,3,22,2
20190719/user11/user11-1-20-r5.dat,11,1,20,5
20190719/user11/user11-1-18-r3.dat,11,1,18,3
20190719/user11/user11-2-5-r1.dat,11,2,5,1
20190719/user11/user11-1-23-r4.dat,11,1,23,4
20190719/user11/user11-1-47-r2.dat,11,1,47,2
20190719/user11/user11-3-35-r4.dat,11,3,35,4
20190719/user11/user11-3-17-r2.dat,11,3,17,2
20190719/user11/user11-1-45-r2.dat,11,1,45,2
20190719/user11/user11-4-44-r2.dat,11,4,44,2
20190719/user11/user11-1-9-r5.dat,11,1,9,5
20190719/user11/user11-4-32-r5.dat,11,4,32,5
20190719/user11/user11-4-34-r5.dat,11,4,34,5
20190719/user11/user11-2-31-r3.dat,11,2,31,3
20190719/user11/user11-4-33-r3.dat,11,4,33,3
20190719/user11/user11-1-26-r6.dat,11,1,26,6
20190719/user11/user11-3-13-r5.dat,11,3,13,5
20190719/user11/user11-2-47-r2.dat,11,2,47,2
20190719/user11/user11-1-16-r6.dat,11,1,16,6
20190719/user11/user11-4-12-r5.dat,11,4,12,5
20190719/user11/user11-3-46-r4.dat,11,3,46,4
20190719/user11/user11-4-7-r1.dat,11,4,7,1
20190719/user11/user11-3-34-r6.dat,11,3,34,6
20190719/user11/user11-3-32-r6.dat,11,3,32,6
20190719/user11/user11-2-31-r1.dat,11,2,31,1
20190719/user11/user11-3-17-r4.dat,11,3,17,4
20190719/user11/user11-4-9-r3.dat,11,4,9,3
20190719/user11/user11-2-4-r3.dat,11,2,4,3
20190719/user11/user11-2-15-r1.dat,11,2,15,1
20190719/user11/user11-2-37-r1.dat,11,2,37,1
20190719/user11/user11-4-15-r6.dat,11,4,15,6
20190719/user11/user11-3-14-r4.dat,11,3,14,4
20190719/user11/user11-2-43-r1.dat,11,2,43,1
20190719/user11/user11-4-35-r6.dat,11,4,35,6
20190719/user11/user11-1-36-r3.dat,11,1,36,3
20190719/user11/user11-3-50-r4.dat,11,3,50,4
20190719/user11/user11-4-37-r1.dat,11,4,37,1
20190719/user11/user11-2-43-r3.dat,11,2,43,3
20190719/user11/user11-1-48-r2.dat,11,1,48,2
20190719/user11/user11-4-16-r2.dat,11,4,16,2
20190719/user11/user11-4-41-r2.dat,11,4,41,2
20190719/user11/user11-4-15-r4.dat,11,4,15,4
20190719/user11/user11-4-12-r2.dat,11,4,12,2
20190719/user11/user11-2-44-r4.dat,11,2,44,4
20190719/user11/user11-4-26-r1.dat,11,4,26,1
20190719/user11/user11-1-24-r4.dat,11,1,24,4
20190719/user11/user11-4-42-r1.dat,11,4,42,1
20190719/user11/user11-3-2-r1.dat,11,3,2,1
20190719/user11/user11-2-27-r1.dat,11,2,27,1
20190719/user11/user11-4-41-r3.dat,11,4,41,3
20190719/user11/user11-4-1-r2.dat,11,4,1,2
20190719/user11/user11-1-6-r1.dat,11,1,6,1
20190719/user11/user11-1-33-r2.dat,11,1,33,2
20190719/user11/user11-3-38-r2.dat,11,3,38,2
20190719/user11/user11-4-39-r2.dat,11,4,39,2
20190719/user11/user11-3-10-r1.dat,11,3,10,1
20190719/user11/user11-3-20-r3.dat,11,3,20,3
20190719/user11/user11-1-30-r6.dat,11,1,30,6
20190719/user11/user11-2-30-r3.dat,11,2,30,3
20190719/user11/user11-2-8-r6.dat,11,2,8,6
20190719/user11/user11-3-44-r4.dat,11,3,44,4
20190719/user11/user11-2-33-r4.dat,11,2,33,4
20190719/user11/user11-4-26-r5.dat,11,4,26,5
20190719/user11/user11-4-21-r2.dat,11,4,21,2
20190719/user11/user11-3-13-r2.dat,11,3,13,2
20190719/user11/user11-4-47-r1.dat,11,4,47,1
20190719/user11/user11-4-22-r3.dat,11,4,22,3
20190719/user11/user11-4-39-r4.dat,11,4,39,4
20190719/user11/user11-2-3-r4.dat,11,2,3,4
20190719/user11/user11-2-4-r6.dat,11,2,4,6
20190719/user11/user11-4-45-r5.dat,11,4,45,5
20190719/user11/user11-4-30-r1.dat,11,4,30,1
20190719/user11/user11-4-31-r5.dat,11,4,31,5
20190719/user11/user11-4-44-r1.dat,11,4,44,1
20190719/user11/user11-4-5-r4.dat,11,4,5,4
20190719/user11/user11-1-49-r6.dat,11,1,49,6
20190719/user11/user11-4-9-r6.dat,11,4,9,6
20190719/user11/user11-3-11-r1.dat,11,3,11,1
20190719/user11/user11-3-3-r3.dat,11,3,3,3
20190719/user11/user11-2-37-r3.dat,11,2,37,3
20190719/user11/user11-4-40-r3.dat,11,4,40,3
20190719/user11/user11-3-21-r3.dat,11,3,21,3
20190719/user11/user11-4-26-r3.dat,11,4,26,3
20190719/user11/user11-2-19-r1.dat,11,2,19,1
20190719/user11/user11-1-12-r6.dat,11,1,12,6
20190719/user11/user11-2-9-r4.dat,11,2,9,4
20190719/user11/user11-3-12-r4.dat,11,3,12,4
20190719/user11/user11-4-15-r2.dat,11,4,15,2
20190719/user11/user11-4-33-r5.dat,11,4,33,5
20190719/user11/user11-1-16-r3.dat,11,1,16,3
20190719/user11/user11-2-50-r3.dat,11,2,50,3
20190719/user11/user11-4-48-r2.dat,11,4,48,2
20190719/user11/user11-4-22-r2.dat,11,4,22,2
20190719/user11/user11-1-27-r1.dat,11,1,27,1
20190719/user11/user11-1-36-r2.dat,11,1,36,2
20190719/user11/user11-4-15-r3.dat,11,4,15,3
20190719/user11/user11-4-12-r6.dat,11,4,12,6
20190719/user11/user11-4-29-r3.dat,11,4,29,3
20190719/user11/user11-1-47-r1.dat,11,1,47,1
20190719/user11/user11-2-30-r6.dat,11,2,30,6
20190719/user11/user11-2-38-r4.dat,11,2,38,4
20190719/user11/user11-3-39-r3.dat,11,3,39,3
20190719/user11/user11-2-37-r6.dat,11,2,37,6
20190719/user11/user11-3-25-r5.dat,11,3,25,5
20190719/user11/user11-2-3-r3.dat,11,2,3,3
20190719/user11/user11-3-12-r6.dat,11,3,12,6
20190719/user11/user11-3-33-r2.dat,11,3,33,2
20190719/user11/user11-1-6-r3.dat,11,1,6,3
20190719/user11/user11-1-22-r1.dat,11,1,22,1
20190719/user11/user11-4-50-r6.dat,11,4,50,6
20190719/user11/user11-3-47-r5.dat,11,3,47,5
20190719/user11/user11-1-50-r4.dat,11,1,50,4
20190719/user11/user11-3-31-r2.dat,11,3,31,2
20190719/user11/user11-2-39-r2.dat,11,2,39,2
20190719/user11/user11-3-23-r6.dat,11,3,23,6
20190719/user11/user11-4-7-r2.dat,11,4,7,2
20190719/user11/user11-2-42-r4.dat,11,2,42,4
20190719/user11/user11-2-41-r6.dat,11,2,41,6
20190719/user11/user11-2-46-r2.dat,11,2,46,2
20190719/user11/user11-2-42-r3.dat,11,2,42,3
20190719/user11/user11-1-42-r6.dat,11,1,42,6
20190719/user11/user11-2-22-r2.dat,11,2,22,2
20190719/user11/user11-1-35-r4.dat,11,1,35,4
20190719/user11/user11-2-7-r3.dat,11,2,7,3
20190719/user11/user11-3-6-r3.dat,11,3,6,3
20190719/user11/user11-1-14-r5.dat,11,1,14,5
20190719/user11/user11-3-16-r1.dat,11,3,16,1
20190719/user11/user11-2-16-r5.dat,11,2,16,5
20190719/user11/user11-4-38-r6.dat,11,4,38,6
20190719/user11/user11-2-40-r3.dat,11,2,40,3
20190719/user11/user11-4-36-r3.dat,11,4,36,3
20190719/user11/user11-2-10-r4.dat,11,2,10,4
20190719/user11/user11-2-49-r5.dat,11,2,49,5
20190719/user11/user11-2-21-r5.dat,11,2,21,5
20190719/user11/user11-3-21-r5.dat,11,3,21,5
20190719/user11/user11-2-32-r1.dat,11,2,32,1
20190719/user11/user11-1-9-r6.dat,11,1,9,6
20190719/user11/user11-1-28-r1.dat,11,1,28,1
20190719/user11/user11-3-7-r5.dat,11,3,7,5
20190719/user11/user11-4-48-r6.dat,11,4,48,6
20190719/user11/user11-3-23-r2.dat,11,3,23,2
20190719/user11/user11-1-42-r3.dat,11,1,42,3
20190719/user11/user11-3-10-r4.dat,11,3,10,4
20190719/user11/user11-3-21-r1.dat,11,3,21,1
20190719/user11/user11-4-24-r5.dat,11,4,24,5
20190719/user11/user11-1-30-r1.dat,11,1,30,1
20190719/user11/user11-1-10-r5.dat,11,1,10,5
20190719/user11/user11-1-16-r1.dat,11,1,16,1
20190719/user11/user11-1-32-r3.dat,11,1,32,3
20190719/user11/user11-3-25-r2.dat,11,3,25,2
20190719/user11/user11-4-13-r6.dat,11,4,13,6
20190719/user11/user11-4-11-r1.dat,11,4,11,1
20190719/user11/user11-4-5-r3.dat,11,4,5,3
20190719/user11/user11-4-27-r4.dat,11,4,27,4
20190719/user11/user11-2-22-r6.dat,11,2,22,6
20190719/user11/user11-1-14-r3.dat,11,1,14,3
20190719/user11/user11-3-36-r4.dat,11,3,36,4
20190719/user11/user11-3-44-r1.dat,11,3,44,1
20190719/user11/user11-1-15-r6.dat,11,1,15,6
20190719/user11/user11-3-4-r4.dat,11,3,4,4
20190719/user11/user11-4-44-r5.dat,11,4,44,5
20190719/user11/user11-3-24-r2.dat,11,3,24,2
20190719/user11/user11-4-38-r3.dat,11,4,38,3
20190719/user11/user11-2-21-r1.dat,11,2,21,1
20190719/user11/user11-2-38-r3.dat,11,2,38,3
20190719/user11/user11-1-35-r3.dat,11,1,35,3
20190719/user11/user11-4-24-r2.dat,11,4,24,2
20190719/user11/user11-2-5-r6.dat,11,2,5,6
20190719/user11/user11-1-31-r4.dat,11,1,31,4
20190719/user11/user11-4-27-r1.dat,11,4,27,1
20190719/user11/user11-2-2-r6.dat,11,2,2,6
20190719/user11/user11-1-2-r5.dat,11,1,2,5
20190719/user11/user11-2-36-r1.dat,11,2,36,1
20190719/user11/user11-4-44-r4.dat,11,4,44,4
20190719/user11/user11-2-13-r6.dat,11,2,13,6
20190719/user11/user11-3-44-r2.dat,11,3,44,2
20190719/user11/user11-2-40-r5.dat,11,2,40,5
20190719/user11/user11-4-14-r1.dat,11,4,14,1
20190719/user11/user11-4-2-r5.dat,11,4,2,5
20190719/user11/user11-3-46-r5.dat,11,3,46,5
20190719/user11/user11-4-3-r6.dat,11,4,3,6
20190719/user11/user11-1-37-r1.dat,11,1,37,1
20190719/user11/user11-3-29-r1.dat,11,3,29,1
20190719/user11/user11-3-32-r1.dat,11,3,32,1
20190719/user11/user11-2-46-r3.dat,11,2,46,3
20190719/user11/user11-2-48-r1.dat,11,2,48,1
20190719/user11/user11-4-46-r4.dat,11,4,46,4
20190719/user11/user11-2-2-r1.dat,11,2,2,1
20190719/user11/user11-3-23-r1.dat,11,3,23,1
20190719/user11/user11-4-39-r5.dat,11,4,39,5
20190719/user11/user11-1-47-r6.dat,11,1,47,6
20190719/user11/user11-1-11-r4.dat,11,1,11,4
20190719/user11/user11-3-30-r4.dat,11,3,30,4
20190719/user11/user11-2-26-r1.dat,11,2,26,1
20190719/user11/user11-4-1-r5.dat,11,4,1,5
20190719/user11/user11-1-8-r6.dat,11,1,8,6
20190719/user11/user11-2-50-r2.dat,11,2,50,2
20190719/user11/user11-1-44-r2.dat,11,1,44,2
20190719/user11/user11-1-15-r2.dat,11,1,15,2
20190719/user11/user11-2-44-r3.dat,11,2,44,3
20190719/user11/user11-3-47-r1.dat,11,3,47,1
20190719/user11/user11-4-43-r4.dat,11,4,43,4
20190719/user11/user11-1-50-r3.dat,11,1,50,3
20190719/user11/user11-1-48-r3.dat,11,1,48,3
20190719/user11/user11-2-50-r6.dat,11,2,50,6
20190719/user11/user11-3-2-r4.dat,11,3,2,4
20190719/user11/user11-2-6-r1.dat,11,2,6,1
20190719/user11/user11-4-14-r3.dat,11,4,14,3
20190719/user11/user11-2-32-r3.dat,11,2,32,3
20190719/user11/user11-1-21-r3.dat,11,1,21,3
20190719/user11/user11-4-47-r4.dat,11,4,47,4
20190719/user11/user11-4-36-r1.dat,11,4,36,1
20190719/user11/user11-3-7-r6.dat,11,3,7,6
20190719/user11/user11-2-32-r2.dat,11,2,32,2
20190719/user11/user11-1-13-r1.dat,11,1,13,1
20190719/user11/user11-2-28-r1.dat,11,2,28,1
20190719/user11/user11-2-43-r4.dat,11,2,43,4
20190719/user11/user11-1-38-r5.dat,11,1,38,5
20190719/user11/user11-2-23-r4.dat,11,2,23,4
20190719/user11/user11-1-48-r1.dat,11,1,48,1
20190719/user11/user11-4-50-r4.dat,11,4,50,4
20190719/user11/user11-3-11-r2.dat,11,3,11,2
20190719/user11/user11-2-14-r5.dat,11,2,14,5
20190719/user11/user11-1-17-r6.dat,11,1,17,6
20190719/user11/user11-3-25-r3.dat,11,3,25,3
20190719/user11/user11-1-20-r3.dat,11,1,20,3
20190719/user11/user11-3-39-r1.dat,11,3,39,1
20190719/user11/user11-1-35-r6.dat,11,1,35,6
20190719/user11/user11-1-44-r5.dat,11,1,44,5
20190719/user11/user11-1-18-r5.dat,11,1,18,5
20190719/user11/user11-3-3-r2.dat,11,3,3,2
20190719/user11/user11-1-20-r2.dat,11,1,20,2
20190719/user11/user11-1-7-r2.dat,11,1,7,2
20190719/user11/user11-1-29-r5.dat,11,1,29,5
20190719/user11/user11-2-31-r4.dat,11,2,31,4
20190719/user11/user11-2-12-r1.dat,11,2,12,1
20190719/user11/user11-1-6-r4.dat,11,1,6,4
20190719/user11/user11-3-31-r1.dat,11,3,31,1
20190719/user11/user11-4-18-r6.dat,11,4,18,6
20190719/user11/user11-3-17-r5.dat,11,3,17,5
20190719/user11/user11-4-34-r1.dat,11,4,34,1
20190719/user11/user11-4-20-r4.dat,11,4,20,4
20190719/user11/user11-2-3-r6.dat,11,2,3,6
20190719/user11/user11-1-36-r4.dat,11,1,36,4
20190719/user11/user11-1-38-r2.dat,11,1,38,2
20190719/user11/user11-1-39-r5.dat,11,1,39,5
20190719/user11/user11-4-1-r6.dat,11,4,1,6
20190719/user11/user11-3-18-r2.dat,11,3,18,2
20190719/user11/user11-4-6-r1.dat,11,4,6,1
20190719/user11/user11-1-3-r3.dat,11,1,3,3
20190719/user11/user11-3-40-r6.dat,11,3,40,6
20190719/user11/user11-4-8-r2.dat,11,4,8,2
20190719/user11/user11-4-42-r4.dat,11,4,42,4
20190719/user11/user11-4-44-r3.dat,11,4,44,3
20190719/user11/user11-4-10-r5.dat,11,4,10,5
20190719/user11/user11-2-21-r4.dat,11,2,21,4
20190719/user11/user11-1-22-r4.dat,11,1,22,4
20190719/user11/user11-4-24-r3.dat,11,4,24,3
20190719/user11/user11-2-16-r2.dat,11,2,16,2
20190719/user11/user11-4-23-r5.dat,11,4,23,5
20190719/user11/user11-3-24-r4.dat,11,3,24,4
20190719/user11/user11-2-2-r2.dat,11,2,2,2
20190719/user11/user11-4-9-r1.dat,11,4,9,1
20190719/user11/user11-1-21-r5.dat,11,1,21,5
20190719/user11/user11-4-20-r5.dat,11,4,20,5
20190719/user11/user11-4-13-r1.dat,11,4,13,1
20190719/user11/user11-4-8-r5.dat,11,4,8,5
20190719/user11/user11-4-39-r3.dat,11,4,39,3
20190719/user11/user11-3-34-r4.dat,11,3,34,4
20190719/user11/user11-2-39-r3.dat,11,2,39,3
20190719/user11/user11-4-22-r5.dat,11,4,22,5
20190719/user11/user11-3-36-r1.dat,11,3,36,1
20190719/user11/user11-4-7-r5.dat,11,4,7,5
20190719/user11/user11-3-1-r5.dat,11,3,1,5
20190719/user11/user11-2-13-r4.dat,11,2,13,4
20190719/user11/user11-2-5-r2.dat,11,2,5,2
20190719/user11/user11-3-20-r1.dat,11,3,20,1
20190719/user11/user11-1-50-r2.dat,11,1,50,2
20190719/user11/user11-1-20-r4.dat,11,1,20,4
20190719/user11/user11-3-13-r4.dat,11,3,13,4
20190719/user11/user11-2-47-r4.dat,11,2,47,4
20190719/user11/user11-4-10-r4.dat,11,4,10,4
20190719/user11/user11-1-6-r5.dat,11,1,6,5
20190719/user11/user11-4-40-r5.dat,11,4,40,5
20190719/user11/user11-2-39-r1.dat,11,2,39,1
20190719/user11/user11-4-33-r6.dat,11,4,33,6
20190719/user11/user11-3-3-r5.dat,11,3,3,5
20190719/user11/user11-1-18-r1.dat,11,1,18,1
20190719/user11/user11-2-41-r4.dat,11,2,41,4
20190719/user11/user11-2-15-r3.dat,11,2,15,3
20190719/user11/user11-4-46-r2.dat,11,4,46,2
20190719/user11/user11-3-15-r2.dat,11,3,15,2
20190719/user11/user11-4-31-r6.dat,11,4,31,6
20190719/user11/user11-1-42-r4.dat,11,1,42,4
20190719/user11/user11-1-7-r4.dat,11,1,7,4
20190719/user11/user11-2-20-r6.dat,11,2,20,6
20190719/user11/user11-2-6-r5.dat,11,2,6,5
20190719/user11/user11-3-30-r3.dat,11,3,30,3
20190719/user11/user11-2-22-r4.dat,11,2,22,4
20190719/user11/user11-1-4-r4.dat,11,1,4,4
20190719/user11/user11-2-24-r4.dat,11,2,24,4
20190719/user11/user11-3-35-r1.dat,11,3,35,1
20190719/user11/user11-1-49-r3.dat,11,1,49,3
20190719/user11/user11-4-4-r5.dat,11,4,4,5
20190719/user11/user11-1-4-r3.dat,11,1,4,3
20190719/user11/user11-4-19-r3.dat,11,4,19,3
20190719/user11/user11-2-7-r2.dat,11,2,7,2
20190719/user11/user11-3-48-r2.dat,11,3,48,2
20190719/user11/user11-4-33-r2.dat,11,4,33,2
20190719/user11/user11-1-39-r4.dat,11,1,39,4
20190719/user11/user11-2-34-r1.dat,11,2,34,1
20190719/user11/user11-1-4-r5.dat,11,1,4,5
20190719/user11/user11-1-18-r6.dat,11,1,18,6
20190719/user11/user11-1-20-r1.dat,11,1,20,1
20190719/user11/user11-3-16-r5.dat,11,3,16,5
20190719/user11/user11-4-46-r6.dat,11,4,46,6
20190719/user11/user11-1-19-r1.dat,11,1,19,1
20190719/user11/user11-3-12-r2.dat,11,3,12,2
20190719/user11/user11-1-9-r4.dat,11,1,9,4
20190719/user11/user11-3-33-r4.dat,11,3,33,4
20190719/user11/user11-2-10-r5.dat,11,2,10,5
20190719/user11/user11-3-2-r2.dat,11,3,2,2
20190719/user11/user11-1-29-r1.dat,11,1,29,1
20190719/user11/user11-2-24-r3.dat,11,2,24,3
20190719/user11/user11-4-1-r3.dat,11,4,1,3
20190719/user11/user11-3-47-r3.dat,11,3,47,3
20190719/user11/user11-3-19-r3.dat,11,3,19,3
20190719/user11/user11-4-17-r4.dat,11,4,17,4
20190719/user11/user11-4-49-r1.dat,11,4,49,1
20190719/user11/user11-3-5-r1.dat,11,3,5,1
20190719/user11/user11-2-2-r4.dat,11,2,2,4
20190719/user11/user11-1-3-r5.dat,11,1,3,5
20190719/user11/user11-2-5-r5.dat,11,2,5,5
20190719/user11/user11-1-40-r5.dat,11,1,40,5
20190719/user11/user11-2-22-r1.dat,11,2,22,1
20190719/user11/user11-1-41-r6.dat,11,1,41,6
20190719/user11/user11-2-40-r1.dat,11,2,40,1
20190719/user11/user11-4-17-r2.dat,11,4,17,2
20190719/user11/user11-1-47-r5.dat,11,1,47,5
20190719/user11/user11-4-35-r2.dat,11,4,35,2
20190719/user11/user11-3-10-r3.dat,11,3,10,3
20190719/user11/user11-2-39-r5.dat,11,2,39,5
20190719/user11/user11-3-38-r6.dat,11,3,38,6
20190719/user11/user11-3-13-r1.dat,11,3,13,1
20190719/user11/user11-3-41-r3.dat,11,3,41,3
20190719/user11/user11-2-38-r5.dat,11,2,38,5
20190719/user11/user11-2-6-r4.dat,11,2,6,4
20190719/user11/user11-2-24-r2.dat,11,2,24,2
20190719/user11/user11-2-44-r1.dat,11,2,44,1
20190719/user11/user11-2-11-r3.dat,11,2,11,3
20190719/user11/user11-3-19-r6.dat,11,3,19,6
20190719/user11/user11-3-4-r2.dat,11,3,4,2
20190719/user11/user11-4-36-r2.dat,11,4,36,2
20190719/user11/user11-3-47-r2.dat,11,3,47,2
20190719/user11/user11-4-19-r5.dat,11,4,19,5
20190719/user11/user11-3-39-r2.dat,11,3,39,2
20190719/user11/user11-1-32-r5.dat,11,1,32,5
20190719/user11/user11-3-38-r4.dat,11,3,38,4
20190719/user11/user11-4-2-r1.dat,11,4,2,1
20190719/user11/user11-2-33-r5.dat,11,2,33,5
20190719/user11/user11-4-13-r2.dat,11,4,13,2
20190719/user11/user11-1-15-r1.dat,11,1,15,1
20190719/user11/user11-3-1-r3.dat,11,3,1,3
20190719/user11/user11-1-14-r4.dat,11,1,14,4
20190719/user11/user11-1-11-r2.dat,11,1,11,2
20190719/user11/user11-3-45-r1.dat,11,3,45,1
20190719/user11/user11-4-43-r3.dat,11,4,43,3
20190719/user11/user11-3-37-r3.dat,11,3,37,3
20190719/user11/user11-4-13-r5.dat,11,4,13,5
20190719/user11/user11-4-19-r1.dat,11,4,19,1
20190719/user11/user11-3-26-r2.dat,11,3,26,2
20190719/user11/user11-1-37-r2.dat,11,1,37,2
20190719/user11/user11-4-13-r4.dat,11,4,13,4
20190719/user11/user11-1-25-r3.dat,11,1,25,3
20190719/user11/user11-4-35-r3.dat,11,4,35,3
20190719/user11/user11-1-1-r6.dat,11,1,1,6
20190719/user11/user11-3-46-r2.dat,11,3,46,2
20190719/user11/user11-1-26-r4.dat,11,1,26,4
20190719/user11/user11-4-5-r5.dat,11,4,5,5
20190719/user11/user11-2-13-r5.dat,11,2,13,5
20190719/user11/user11-4-6-r2.dat,11,4,6,2
20190719/user11/user11-1-37-r6.dat,11,1,37,6
20190719/user11/user11-2-41-r2.dat,11,2,41,2
20190719/user11/user11-4-47-r6.dat,11,4,47,6
20190719/user11/user11-4-42-r2.dat,11,4,42,2
20190719/user11/user11-1-42-r1.dat,11,1,42,1
20190719/user11/user11-3-49-r5.dat,11,3,49,5
20190719/user11/user11-4-5-r1.dat,11,4,5,1
20190719/user11/user11-2-9-r1.dat,11,2,9,1
20190719/user11/user11-1-19-r4.dat,11,1,19,4
20190719/user11/user11-4-49-r3.dat,11,4,49,3
20190719/user11/user11-1-42-r5.dat,11,1,42,5
20190719/user11/user11-3-45-r2.dat,11,3,45,2
20190719/user11/user11-3-49-r6.dat,11,3,49,6
20190719/user11/user11-3-38-r5.dat,11,3,38,5
20190719/user11/user11-2-30-r2.dat,11,2,30,2
20190719/user11/user11-4-30-r5.dat,11,4,30,5
20190719/user11/user11-4-41-r1.dat,11,4,41,1
20190719/user11/user11-4-13-r3.dat,11,4,13,3
20190719/user11/user11-3-15-r6.dat,11,3,15,6
20190719/user11/user11-4-22-r6.dat,11,4,22,6
20190719/user11/user11-4-27-r2.dat,11,4,27,2
20190719/user11/user11-1-32-r2.dat,11,1,32,2
20190719/user11/user11-2-31-r5.dat,11,2,31,5
20190719/user11/user11-1-14-r2.dat,11,1,14,2
20190719/user11/user11-4-46-r5.dat,11,4,46,5
20190719/user11/user11-3-26-r1.dat,11,3,26,1
20190719/user11/user11-2-25-r4.dat,11,2,25,4
20190719/user11/user11-4-49-r4.dat,11,4,49,4
20190719/user11/user11-4-14-r5.dat,11,4,14,5
20190719/user11/user11-3-12-r3.dat,11,3,12,3
20190719/user11/user11-3-13-r3.dat,11,3,13,3
20190719/user11/user11-2-26-r3.dat,11,2,26,3
20190719/user11/user11-1-24-r6.dat,11,1,24,6
20190719/user11/user11-1-34-r2.dat,11,1,34,2
20190719/user11/user11-2-35-r1.dat,11,2,35,1
20190719/user11/user11-3-41-r5.dat,11,3,41,5
20190719/user11/user11-1-12-r5.dat,11,1,12,5
20190719/user11/user11-4-24-r6.dat,11,4,24,6
20190719/user11/user11-3-20-r6.dat,11,3,20,6
20190719/user11/user11-2-20-r3.dat,11,2,20,3
20190719/user11/user11-1-17-r3.dat,11,1,17,3
20190719/user11/user11-1-48-r5.dat,11,1,48,5
20190719/user11/user11-4-25-r6.dat,11,4,25,6
20190719/user11/user11-4-9-r2.dat,11,4,9,2
20190719/user11/user11-4-16-r5.dat,11,4,16,5
20190719/user11/user11-1-44-r6.dat,11,1,44,6
20190719/user11/user11-2-12-r3.dat,11,2,12,3
20190719/user11/user11-3-34-r2.dat,11,3,34,2
20190719/user11/user11-2-17-r1.dat,11,2,17,1
20190719/user11/user11-1-40-r6.dat,11,1,40,6
20190719/user11/user11-2-48-r3.dat,11,2,48,3
20190719/user11/user11-3-42-r4.dat,11,3,42,4
20190719/user11/user11-3-14-r3.dat,11,3,14,3
20190719/user11/user11-4-4-r2.dat,11,4,4,2
20190719/user11/user11-4-32-r1.dat,11,4,32,1
20190719/user11/user11-3-2-r3.dat,11,3,2,3
20190719/user11/user11-1-13-r6.dat,11,1,13,6
20190719/user11/user11-2-14-r2.dat,11,2,14,2
20190719/user11/user11-2-29-r5.dat,11,2,29,5
20190719/user11/user11-1-35-r2.dat,11,1,35,2
20190719/user11/user11-1-45-r1.dat,11,1,45,1
20190719/user11/user11-2-12-r5.dat,11,2,12,5
20190719/user11/user11-4-34-r6.dat,11,4,34,6
20190719/user11/user11-2-25-r2.dat,11,2,25,2
20190719/user11/user11-1-1-r2.dat,11,1,1,2
20190719/user11/user11-1-10-r3.dat,11,1,10,3
20190719/user11/user11-3-22-r5.dat,11,3,22,5
20190719/user11/user11-1-9-r3.dat,11,1,9,3
20190719/user11/user11-3-5-r6.dat,11,3,5,6
20190719/user11/user11-1-15-r3.dat,11,1,15,3
20190719/user11/user11-4-12-r1.dat,11,4,12,1
20190719/user11/user11-3-4-r3.dat,11,3,4,3
20190719/user11/user11-3-18-r5.dat,11,3,18,5
20190719/user11/user11-4-18-r2.dat,11,4,18,2
20190719/user11/user11-2-6-r6.dat,11,2,6,6
20190719/user11/user11-1-41-r3.dat,11,1,41,3
20190719/user11/user11-2-47-r6.dat,11,2,47,6
20190719/user11/user11-2-41-r3.dat,11,2,41,3
20190719/user11/user11-3-43-r5.dat,11,3,43,5
20190719/user11/user11-2-9-r6.dat,11,2,9,6
20190719/user11/user11-3-8-r4.dat,11,3,8,4
20190719/user11/user11-4-25-r4.dat,11,4,25,4
20190719/user11/user11-4-6-r6.dat,11,4,6,6
20190719/user11/user11-2-29-r2.dat,11,2,29,2
20190719/user11/user11-1-46-r4.dat,11,1,46,4
20190719/user11/user11-2-23-r3.dat,11,2,23,3
20190719/user11/user11-2-11-r6.dat,11,2,11,6
20190719/user11/user11-3-26-r6.dat,11,3,26,6
20190719/user11/user11-3-41-r2.dat,11,3,41,2
20190719/user11/user11-1-16-r4.dat,11,1,16,4
20190719/user11/user11-1-11-r1.dat,11,1,11,1
20190719/user11/user11-2-2-r5.dat,11,2,2,5
20190719/user11/user11-2-10-r2.dat,11,2,10,2
20190719/user11/user11-3-36-r3.dat,11,3,36,3
20190719/user11/user11-4-45-r1.dat,11,4,45,1
20190719/user2/user2-3-3-r1.dat,2,3,3,1
20190719/user2/user2-4-17-r1.dat,2,4,17,1
20190719/user2/user2-1-4-r1.dat,2,1,4,1
20190719/user2/user2-1-4-r2.dat,2,1,4,2
20190719/user2/user2-3-7-r4.dat,2,3,7,4
20190719/user2/user2-1-5-r6.dat,2,1,5,6
20190719/user2/user2-4-18-r1.dat,2,4,18,1
20190719/user2/user2-1-15-r2.dat,2,1,15,2
20190719/user2/user2-2-10-r4.dat,2,2,10,4
20190719/user2/user2-1-17-r1.dat,2,1,17,1
20190719/user2/user2-3-20-r2.dat,2,3,20,2
20190719/user2/user2-4-17-r4.dat,2,4,17,4
20190719/user2/user2-2-17-r4.dat,2,2,17,4
20190719/user2/user2-3-16-r5.dat,2,3,16,5
20190719/user2/user2-1-11-r2.dat,2,1,11,2
20190719/user2/user2-2-8-r3.dat,2,2,8,3
20190719/user2/user2-2-4-r2.dat,2,2,4,2
20190719/user2/user2-4-14-r4.dat,2,4,14,4
20190719/user2/user2-3-2-r6.dat,2,3,2,6
20190719/user2/user2-4-18-r3.dat,2,4,18,3
20190719/user2/user2-2-15-r1.dat,2,2,15,1
20190719/user2/user2-1-12-r4.dat,2,1,12,4
20190719/user2/user2-3-20-r6.dat,2,3,20,6
20190719/user2/user2-2-17-r3.dat,2,2,17,3
20190719/user2/user2-2-10-r2.dat,2,2,10,2
20190719/user2/user2-1-4-r3.dat,2,1,4,3
20190719/user2/user2-4-13-r6.dat,2,4,13,6
20190719/user2/user2-3-8-r6.dat,2,3,8,6
20190719/user2/user2-2-10-r5.dat,2,2,10,5
20190719/user2/user2-1-18-r1.dat,2,1,18,1
20190719/user2/user2-3-14-r3.dat,2,3,14,3
20190719/user2/user2-3-3-r5.dat,2,3,3,5
20190719/user2/user2-3-19-r1.dat,2,3,19,1
20190719/user2/user2-2-9-r2.dat,2,2,9,2
20190719/user2/user2-4-4-r1.dat,2,4,4,1
20190719/user2/user2-2-11-r6.dat,2,2,11,6
20190719/user2/user2-2-20-r4.dat,2,2,20,4
20190719/user2/user2-3-9-r1.dat,2,3,9,1
20190719/user2/user2-4-2-r1.dat,2,4,2,1
20190719/user2/user2-2-16-r4.dat,2,2,16,4
20190719/user2/user2-1-10-r1.dat,2,1,10,1
20190719/user2/user2-4-5-r6.dat,2,4,5,6
20190719/user2/user2-1-7-r5.dat,2,1,7,5
20190719/user2/user2-1-19-r5.dat,2,1,19,5
20190719/user2/user2-4-19-r4.dat,2,4,19,4
20190719/user2/user2-1-11-r3.dat,2,1,11,3
20190719/user2/user2-4-5-r1.dat,2,4,5,1
20190719/user2/user2-4-13-r3.dat,2,4,13,3
20190719/user2/user2-1-18-r5.dat,2,1,18,5
20190719/user2/user2-1-8-r5.dat,2,1,8,5
20190719/user2/user2-3-16-r3.dat,2,3,16,3
20190719/user2/user2-2-12-r5.dat,2,2,12,5
20190719/user2/user2-2-1-r4.dat,2,2,1,4
20190719/user2/user2-1-3-r3.dat,2,1,3,3
20190719/user2/user2-1-12-r2.dat,2,1,12,2
20190719/user2/user2-3-4-r6.dat,2,3,4,6
20190719/user2/user2-3-9-r3.dat,2,3,9,3
20190719/user2/user2-3-12-r4.dat,2,3,12,4
20190719/user2/user2-2-8-r4.dat,2,2,8,4
20190719/user2/user2-1-17-r4.dat,2,1,17,4
20190719/user2/user2-1-1-r2.dat,2,1,1,2
20190719/user2/user2-2-12-r6.dat,2,2,12,6
20190719/user2/user2-3-7-r5.dat,2,3,7,5
20190719/user2/user2-4-17-r6.dat,2,4,17,6
20190719/user2/user2-4-12-r3.dat,2,4,12,3
20190719/user2/user2-4-3-r6.dat,2,4,3,6
20190719/user2/user2-1-13-r2.dat,2,1,13,2
20190719/user2/user2-1-7-r2.dat,2,1,7,2
20190719/user2/user2-4-12-r4.dat,2,4,12,4
20190719/user2/user2-4-2-r5.dat,2,4,2,5
20190719/user2/user2-1-10-r2.dat,2,1,10,2
20190719/user2/user2-2-18-r6.dat,2,2,18,6
20190719/user2/user2-1-6-r6.dat,2,1,6,6
20190719/user2/user2-1-2-r2.dat,2,1,2,2
20190719/user2/user2-4-15-r3.dat,2,4,15,3
20190719/user2/user2-2-10-r3.dat,2,2,10,3
20190719/user2/user2-4-9-r1.dat,2,4,9,1
20190719/user2/user2-4-18-r4.dat,2,4,18,4
20190719/user2/user2-1-1-r3.dat,2,1,1,3
20190719/user2/user2-2-3-r4.dat,2,2,3,4
20190719/user2/user2-4-19-r6.dat,2,4,19,6
20190719/user2/user2-3-1-r4.dat,2,3,1,4
20190719/user2/user2-2-12-r4.dat,2,2,12,4
20190719/user2/user2-2-11-r3.dat,2,2,11,3
20190719/user2/user2-3-10-r4.dat,2,3,10,4
20190719/user2/user2-1-18-r6.dat,2,1,18,6
20190719/user2/user2-4-13-r5.dat,2,4,13,5
20190719/user2/user2-2-15-r3.dat,2,2,15,3
20190719/user2/user2-4-7-r1.dat,2,4,7,1
20190719/user2/user2-3-17-r5.dat,2,3,17,5
20190719/user2/user2-4-20-r5.dat,2,4,20,5
20190719/user2/user2-1-17-r6.dat,2,1,17,6
20190719/user2/user2-2-4-r3.dat,2,2,4,3
20190719/user2/user2-2-17-r5.dat,2,2,17,5
20190719/user2/user2-4-2-r4.dat,2,4,2,4
20190719/user2/user2-4-1-r1.dat,2,4,1,1
20190719/user2/user2-3-2-r4.dat,2,3,2,4
20190719/user2/user2-2-14-r1.dat,2,2,14,1
20190719/user2/user2-4-19-r1.dat,2,4,19,1
20190719/user2/user2-2-11-r2.dat,2,2,11,2
20190719/user2/user2-4-1-r3.dat,2,4,1,3
20190719/user2/user2-4-6-r3.dat,2,4,6,3
20190719/user2/user2-4-18-r5.dat,2,4,18,5
20190719/user2/user2-3-18-r5.dat,2,3,18,5
20190719/user2/user2-1-16-r2.dat,2,1,16,2
20190719/user2/user2-1-18-r3.dat,2,1,18,3
20190719/user2/user2-3-10-r5.dat,2,3,10,5
20190719/user2/user2-4-10-r3.dat,2,4,10,3
20190719/user2/user2-2-5-r2.dat,2,2,5,2
20190719/user2/user2-2-6-r3.dat,2,2,6,3
20190719/user2/user2-3-3-r4.dat,2,3,3,4
20190719/user2/user2-1-1-r4.dat,2,1,1,4
20190719/user2/user2-3-4-r5.dat,2,3,4,5
20190719/user2/user2-1-14-r6.dat,2,1,14,6
20190719/user2/user2-4-4-r3.dat,2,4,4,3
20190719/user2/user2-1-14-r5.dat,2,1,14,5
20190719/user2/user2-4-12-r5.dat,2,4,12,5
20190719/user2/user2-2-1-r5.dat,2,2,1,5
20190719/user2/user2-1-20-r2.dat,2,1,20,2
20190719/user2/user2-4-5-r5.dat,2,4,5,5
20190719/user2/user2-3-3-r3.dat,2,3,3,3
20190719/user2/user2-2-13-r4.dat,2,2,13,4
20190719/user2/user2-4-17-r5.dat,2,4,17,5
20190719/user2/user2-4-16-r4.dat,2,4,16,4
20190719/user2/user2-2-15-r4.dat,2,2,15,4
20190719/user2/user2-1-8-r4.dat,2,1,8,4
20190719/user2/user2-2-14-r3.dat,2,2,14,3
20190719/user2/user2-2-18-r3.dat,2,2,18,3
20190719/user2/user2-1-10-r6.dat,2,1,10,6
20190719/user2/user2-3-18-r1.dat,2,3,18,1
20190719/user2/user2-1-11-r4.dat,2,1,11,4
20190719/user2/user2-1-14-r4.dat,2,1,14,4
20190719/user2/user2-3-13-r2.dat,2,3,13,2
20190719/user2/user2-2-9-r4.dat,2,2,9,4
20190719/user2/user2-2-5-r4.dat,2,2,5,4
20190719/user2/user2-2-16-r3.dat,2,2,16,3
20190719/user2/user2-2-4-r4.dat,2,2,4,4
20190719/user2/user2-4-5-r4.dat,2,4,5,4
20190719/user2/user2-1-9-r5.dat,2,1,9,5
20190719/user2/user2-2-15-r6.dat,2,2,15,6
20190719/user2/user2-2-19-r2.dat,2,2,19,2
20190719/user2/user2-2-15-r2.dat,2,2,15,2
20190719/user2/user2-3-16-r6.dat,2,3,16,6
20190719/user2/user2-4-12-r6.dat,2,4,12,6
20190719/user2/user2-3-8-r4.dat,2,3,8,4
20190719/user2/user2-1-9-r4.dat,2,1,9,4
20190719/user2/user2-4-11-r1.dat,2,4,11,1
20190719/user2/user2-2-9-r3.dat,2,2,9,3
20190719/user2/user2-3-18-r2.dat,2,3,18,2
20190719/user2/user2-3-17-r6.dat,2,3,17,6
20190719/user2/user2-1-20-r5.dat,2,1,20,5
20190719/user2/user2-4-11-r5.dat,2,4,11,5
20190719/user2/user2-4-3-r2.dat,2,4,3,2
20190719/user2/user2-3-16-r1.dat,2,3,16,1
20190719/user2/user2-3-17-r4.dat,2,3,17,4
20190719/user2/user2-1-20-r1.dat,2,1,20,1
20190719/user2/user2-3-20-r4.dat,2,3,20,4
20190719/user2/user2-3-12-r1.dat,2,3,12,1
20190719/user2/user2-3-13-r6.dat,2,3,13,6
20190719/user2/user2-4-1-r5.dat,2,4,1,5
20190719/user2/user2-1-10-r5.dat,2,1,10,5
20190719/user2/user2-4-20-r1.dat,2,4,20,1
20190719/user2/user2-3-13-r3.dat,2,3,13,3
20190719/user2/user2-4-19-r2.dat,2,4,19,2
20190719/user2/user2-1-5-r1.dat,2,1,5,1
20190719/user2/user2-1-16-r1.dat,2,1,16,1
20190719/user2/user2-4-9-r4.dat,2,4,9,4
20190719/user2/user2-3-9-r6.dat,2,3,9,6
20190719/user2/user2-1-17-r5.dat,2,1,17,5
20190719/user2/user2-2-12-r1.dat,2,2,12,1
20190719/user2/user2-3-13-r1.dat,2,3,13,1
20190719/user2/user2-4-16-r6.dat,2,4,16,6
20190719/user2/user2-4-19-r3.dat,2,4,19,3
20190719/user2/user2-1-19-r4.dat,2,1,19,4
20190719/user2/user2-3-7-r6.dat,2,3,7,6
20190719/user2/user2-3-5-r3.dat,2,3,5,3
20190719/user2/user2-4-6-r2.dat,2,4,6,2
20190719/user2/user2-3-13-r4.dat,2,3,13,4
20190719/user2/user2-1-17-r2.dat,2,1,17,2
20190719/user2/user2-4-3-r1.dat,2,4,3,1
20190719/user2/user2-1-17-r3.dat,2,1,17,3
20190719/user2/user2-3-5-r5.dat,2,3,5,5
20190719/user2/user2-3-19-r4.dat,2,3,19,4
20190719/user2/user2-3-18-r6.dat,2,3,18,6
20190719/user2/user2-1-12-r6.dat,2,1,12,6
20190719/user2/user2-4-10-r6.dat,2,4,10,6
20190719/user2/user2-3-1-r6.dat,2,3,1,6
20190719/user2/user2-2-2-r1.dat,2,2,2,1
20190719/user2/user2-1-18-r2.dat,2,1,18,2
20190719/user2/user2-1-6-r5.dat,2,1,6,5
20190719/user2/user2-2-8-r2.dat,2,2,8,2
20190719/user2/user2-2-18-r1.dat,2,2,18,1
20190719/user2/user2-4-20-r6.dat,2,4,20,6
20190719/user2/user2-4-13-r4.dat,2,4,13,4
20190719/user2/user2-2-14-r6.dat,2,2,14,6
20190719/user2/user2-2-7-r3.dat,2,2,7,3
20190719/user2/user2-4-17-r2.dat,2,4,17,2
20190719/user2/user2-3-17-r3.dat,2,3,17,3
20190719/user2/user2-2-3-r2.dat,2,2,3,2
20190719/user2/user2-4-4-r6.dat,2,4,4,6
20190719/user2/user2-4-15-r6.dat,2,4,15,6
20190719/user2/user2-2-9-r6.dat,2,2,9,6
20190719/user2/user2-4-8-r5.dat,2,4,8,5
20190719/user2/user2-3-2-r5.dat,2,3,2,5
20190719/user2/user2-4-13-r2.dat,2,4,13,2
20190719/user2/user2-1-2-r3.dat,2,1,2,3
20190719/user2/user2-4-1-r6.dat,2,4,1,6
20190719/user2/user2-2-8-r6.dat,2,2,8,6
20190719/user2/user2-2-20-r5.dat,2,2,20,5
20190719/user2/user2-2-3-r1.dat,2,2,3,1
20190719/user2/user2-4-16-r2.dat,2,4,16,2
20190719/user2/user2-3-12-r2.dat,2,3,12,2
20190719/user2/user2-1-10-r3.dat,2,1,10,3
20190719/user2/user2-3-6-r6.dat,2,3,6,6
20190719/user2/user2-1-13-r5.dat,2,1,13,5
20190719/user2/user2-2-11-r1.dat,2,2,11,1
20190719/user2/user2-4-3-r5.dat,2,4,3,5
20190719/user2/user2-4-18-r2.dat,2,4,18,2
20190719/user2/user2-2-17-r2.dat,2,2,17,2
20190719/user2/user2-4-14-r2.dat,2,4,14,2
20190719/user2/user2-3-20-r1.dat,2,3,20,1
20190719/user2/user2-3-11-r2.dat,2,3,11,2
20190719/user2/user2-4-9-r5.dat,2,4,9,5
20190719/user2/user2-1-7-r6.dat,2,1,7,6
20190719/user2/user2-4-9-r6.dat,2,4,9,6
20190719/user2/user2-2-19-r3.dat,2,2,19,3
20190719/user2/user2-1-14-r3.dat,2,1,14,3
20190719/user2/user2-3-11-r1.dat,2,3,11,1
20190719/user2/user2-3-16-r4.dat,2,3,16,4
20190719/user2/user2-3-6-r3.dat,2,3,6,3
20190719/user2/user2-2-7-r1.dat,2,2,7,1
20190719/user2/user2-4-18-r6.dat,2,4,18,6
20190719/user2/user2-2-3-r6.dat,2,2,3,6
20190719/user2/user2-2-7-r2.dat,2,2,7,2
20190719/user2/user2-4-2-r3.dat,2,4,2,3
20190719/user2/user2-4-19-r5.dat,2,4,19,5
20190719/user2/user2-2-14-r2.dat,2,2,14,2
20190719/user2/user2-1-16-r3.dat,2,1,16,3
20190719/user2/user2-3-19-r6.dat,2,3,19,6
20190719/user2/user2-4-5-r2.dat,2,4,5,2
20190719/user2/user2-3-11-r3.dat,2,3,11,3
20190719/user2/user2-2-6-r2.dat,2,2,6,2
20190719/user2/user2-2-12-r2.dat,2,2,12,2
20190719/user2/user2-2-12-r3.dat,2,2,12,3
20190719/user2/user2-4-15-r2.dat,2,4,15,2
20190719/user2/user2-1-8-r2.dat,2,1,8,2
20190719/user2/user2-2-2-r5.dat,2,2,2,5
20190719/user2/user2-4-15-r4.dat,2,4,15,4
20190719/user2/user2-3-13-r5.dat,2,3,13,5
20190719/user2/user2-2-18-r4.dat,2,2,18,4
20190719/user2/user2-4-13-r1.dat,2,4,13,1
20190719/user2/user2-3-1-r5.dat,2,3,1,5
20190719/user2/user2-4-11-r2.dat,2,4,11,2
20190719/user2/user2-1-7-r1.dat,2,1,7,1
20190719/user2/user2-1-15-r1.dat,2,1,15,1
20190719/user2/user2-4-9-r3.dat,2,4,9,3
20190719/user2/user2-2-19-r6.dat,2,2,19,6
20190719/user2/user2-4-1-r4.dat,2,4,1,4
20190719/user2/user2-2-2-r6.dat,2,2,2,6
20190719/user2/user2-4-8-r4.dat,2,4,8,4
20190719/user2/user2-4-17-r3.dat,2,4,17,3
20190719/user2/user2-2-18-r2.dat,2,2,18,2
20190719/user2/user2-4-3-r3.dat,2,4,3,3
20190719/user2/user2-3-7-r2.dat,2,3,7,2
20190719/user2/user2-4-6-r5.dat,2,4,6,5
20190719/user2/user2-1-11-r1.dat,2,1,11,1
20190719/user2/user2-1-6-r1.dat,2,1,6,1
20190719/user2/user2-3-9-r5.dat,2,3,9,5
20190719/user2/user2-3-20-r5.dat,2,3,20,5
20190719/user2/user2-2-8-r1.dat,2,2,8,1
20190719/user2/user2-3-6-r1.dat,2,3,6,1
20190719/user2/user2-1-20-r3.dat,2,1,20,3
20190719/user2/user2-3-8-r3.dat,2,3,8,3
20190719/user2/user2-4-5-r3.dat,2,4,5,3
20190719/user2/user2-1-16-r6.dat,2,1,16,6
20190719/user2/user2-4-12-r1.dat,2,4,12,1
20190719/user2/user2-4-11-r4.dat,2,4,11,4
20190719/user2/user2-3-1-r2.dat,2,3,1,2
20190719/user2/user2-4-11-r3.dat,2,4,11,3
20190719/user2/user2-4-20-r4.dat,2,4,20,4
20190719/user2/user2-2-7-r5.dat,2,2,7,5
20190719/user2/user2-1-14-r2.dat,2,1,14,2
20190719/user2/user2-4-3-r4.dat,2,4,3,4
20190719/user2/user2-2-4-r5.dat,2,2,4,5
20190719/user2/user2-1-15-r5.dat,2,1,15,5
20190719/user2/user2-3-15-r1.dat,2,3,15,1
20190719/user2/user2-3-19-r3.dat,2,3,19,3
20190719/user2/user2-1-3-r4.dat,2,1,3,4
20190719/user2/user2-2-1-r2.dat,2,2,1,2
20190719/user2/user2-3-20-r3.dat,2,3,20,3
20190719/user2/user2-2-20-r3.dat,2,2,20,3
20190719/user2/user2-1-2-r6.dat,2,1,2,6
20190719/user2/user2-2-14-r4.dat,2,2,14,4
20190719/user2/user2-4-10-r5.dat,2,4,10,5
20190719/user2/user2-4-2-r6.dat,2,4,2,6
20190719/user2/user2-3-10-r2.dat,2,3,10,2
20190719/user2/user2-1-8-r6.dat,2,1,8,6
20190719/user2/user2-4-6-r6.dat,2,4,6,6
20190719/user2/user2-3-5-r2.dat,2,3,5,2
20190719/user2/user2-2-13-r5.dat,2,2,13,5
20190719/user2/user2-4-8-r3.dat,2,4,8,3
20190719/user2/user2-3-10-r1.dat,2,3,10,1
20190719/user2/user2-2-5-r6.dat,2,2,5,6
20190719/user2/user2-1-19-r6.dat,2,1,19,6
20190719/user2/user2-2-6-r1.dat,2,2,6,1
20190719/user2/user2-3-1-r3.dat,2,3,1,3
20190719/user2/user2-3-2-r2.dat,2,3,2,2
20190719/user2/user2-2-20-r1.dat,2,2,20,1
20190719/user2/user2-2-1-r1.dat,2,2,1,1
20190719/user2/user2-3-14-r1.dat,2,3,14,1
20190719/user2/user2-1-3-r2.dat,2,1,3,2
20190719/user2/user2-2-20-r2.dat,2,2,20,2
20190719/user2/user2-2-6-r4.dat,2,2,6,4
20190719/user2/user2-3-10-r3.dat,2,3,10,3
20190719/user2/user2-2-14-r5.dat,2,2,14,5
20190719/user2/user2-3-14-r6.dat,2,3,14,6
20190719/user2/user2-3-4-r3.dat,2,3,4,3
20190719/user2/user2-2-11-r5.dat,2,2,11,5
20190719/user2/user2-3-12-r3.dat,2,3,12,3
20190719/user2/user2-2-13-r1.dat,2,2,13,1
20190719/user2/user2-1-12-r5.dat,2,1,12,5
20190719/user2/user2-4-4-r5.dat,2,4,4,5
20190719/user2/user2-2-10-r6.dat,2,2,10,6
20190719/user2/user2-1-11-r5.dat,2,1,11,5
20190719/user2/user2-1-15-r6.dat,2,1,15,6
20190719/user2/user2-1-19-r2.dat,2,1,19,2
20190719/user2/user2-4-14-r5.dat,2,4,14,5
20190719/user2/user2-1-14-r1.dat,2,1,14,1
20190719/user2/user2-2-1-r3.dat,2,2,1,3
20190719/user2/user2-1-8-r3.dat,2,1,8,3
20190719/user2/user2-1-15-r4.dat,2,1,15,4
20190719/user2/user2-3-5-r6.dat,2,3,5,6
20190719/user2/user2-4-8-r1.dat,2,4,8,1
20190719/user2/user2-2-10-r1.dat,2,2,10,1
20190719/user2/user2-2-3-r3.dat,2,2,3,3
20190719/user2/user2-4-12-r2.dat,2,4,12,2
20190719/user2/user2-2-13-r2.dat,2,2,13,2
20190719/user2/user2-3-11-r6.dat,2,3,11,6
20190719/user2/user2-3-11-r4.dat,2,3,11,4
20190719/user2/user2-3-15-r4.dat,2,3,15,4
20190719/user2/user2-2-20-r6.dat,2,2,20,6
20190719/user2/user2-1-3-r5.dat,2,1,3,5
20190719/user2/user2-2-1-r6.dat,2,2,1,6
20190719/user2/user2-1-3-r6.dat,2,1,3,6
20190719/user2/user2-2-11-r4.dat,2,2,11,4
20190719/user2/user2-1-9-r1.dat,2,1,9,1
20190719/user2/user2-3-5-r1.dat,2,3,5,1
20190719/user2/user2-3-10-r6.dat,2,3,10,6
20190719/user2/user2-3-8-r5.dat,2,3,8,5
20190719/user2/user2-3-14-r2.dat,2,3,14,2
20190719/user2/user2-4-10-r4.dat,2,4,10,4
20190719/user2/user2-4-9-r2.dat,2,4,9,2
20190719/user2/user2-3-19-r5.dat,2,3,19,5
20190719/user2/user2-4-20-r3.dat,2,4,20,3
20190719/user2/user2-1-7-r3.dat,2,1,7,3
20190719/user2/user2-4-7-r5.dat,2,4,7,5
20190719/user2/user2-1-4-r6.dat,2,1,4,6
20190719/user2/user2-2-6-r6.dat,2,2,6,6
20190719/user2/user2-3-11-r5.dat,2,3,11,5
20190719/user2/user2-1-18-r4.dat,2,1,18,4
20190719/user2/user2-1-5-r5.dat,2,1,5,5
20190719/user2/user2-2-2-r2.dat,2,2,2,2
20190719/user2/user2-1-2-r4.dat,2,1,2,4
20190719/user2/user2-1-2-r5.dat,2,1,2,5
20190719/user2/user2-2-17-r1.dat,2,2,17,1
20190719/user2/user2-1-4-r5.dat,2,1,4,5
20190719/user2/user2-4-1-r2.dat,2,4,1,2
20190719/user2/user2-1-11-r6.dat,2,1,11,6
20190719/user2/user2-2-19-r1.dat,2,2,19,1
20190719/user2/user2-4-15-r5.dat,2,4,15,5
20190719/user2/user2-2-2-r3.dat,2,2,2,3
20190719/user2/user2-1-12-r3.dat,2,1,12,3
20190719/user2/user2-3-14-r5.dat,2,3,14,5
20190719/user2/user2-3-7-r3.dat,2,3,7,3
20190719/user2/user2-1-1-r6.dat,2,1,1,6
20190719/user2/user2-1-9-r2.dat,2,1,9,2
20190719/user2/user2-2-3-r5.dat,2,2,3,5
20190719/user2/user2-3-6-r2.dat,2,3,6,2
20190719/user2/user2-4-7-r6.dat,2,4,7,6
20190719/user2/user2-2-19-r5.dat,2,2,19,5
20190719/user2/user2-1-15-r3.dat,2,1,15,3
20190719/user2/user2-2-5-r5.dat,2,2,5,5
20190719/user2/user2-3-8-r1.dat,2,3,8,1
20190719/user2/user2-3-9-r4.dat,2,3,9,4
20190719/user2/user2-1-13-r4.dat,2,1,13,4
20190719/user2/user2-1-13-r1.dat,2,1,13,1
20190719/user2/user2-3-2-r3.dat,2,3,2,3
20190719/user2/user2-1-13-r6.dat,2,1,13,6
20190719/user2/user2-4-2-r2.dat,2,4,2,2
20190719/user2/user2-4-6-r1.dat,2,4,6,1
20190719/user2/user2-2-19-r4.dat,2,2,19,4
20190719/user2/user2-3-14-r4.dat,2,3,14,4
20190719/user2/user2-1-9-r3.dat,2,1,9,3
20190719/user2/user2-2-8-r5.dat,2,2,8,5
20190719/user2/user2-1-3-r1.dat,2,1,3,1
20190719/user2/user2-4-10-r1.dat,2,4,10,1
20190719/user2/user2-3-4-r1.dat,2,3,4,1
20190719/user2/user2-1-19-r1.dat,2,1,19,1
20190719/user2/user2-1-16-r4.dat,2,1,16,4
20190719/user2/user2-1-5-r3.dat,2,1,5,3
20190719/user2/user2-3-18-r3.dat,2,3,18,3
20190719/user2/user2-3-15-r5.dat,2,3,15,5
20190719/user2/user2-3-3-r2.dat,2,3,3,2
20190719/user2/user2-3-9-r2.dat,2,3,9,2
20190719/user2/user2-3-4-r4.dat,2,3,4,4
20190719/user2/user2-3-6-r4.dat,2,3,6,4
20190719/user2/user2-4-14-r1.dat,2,4,14,1
20190719/user2/user2-3-18-r4.dat,2,3,18,4
20190719/user2/user2-1-7-r4.dat,2,1,7,4
20190719/user2/user2-4-8-r2.dat,2,4,8,2
20190719/user2/user2-2-16-r6.dat,2,2,16,6
20190719/user2/user2-4-14-r3.dat,2,4,14,3
20190719/user2/user2-4-15-r1.dat,2,4,15,1
20190719/user2/user2-4-20-r2.dat,2,4,20,2
20190719/user2/user2-1-20-r4.dat,2,1,20,4
20190719/user2/user2-4-7-r2.dat,2,4,7,2
20190719/user2/user2-2-16-r2.dat,2,2,16,2
20190719/user2/user2-3-6-r5.dat,2,3,6,5
20190719/user2/user2-3-17-r2.dat,2,3,17,2
20190719/user2/user2-2-5-r3.dat,2,2,5,3
20190719/user2/user2-3-15-r3.dat,2,3,15,3
20190719/user2/user2-2-18-r5.dat,2,2,18,5
20190719/user2/user2-2-7-r4.dat,2,2,7,4
20190719/user2/user2-1-8-r1.dat,2,1,8,1
20190719/user2/user2-3-1-r1.dat,2,3,1,1
20190719/user2/user2-1-16-r5.dat,2,1,16,5
20190719/user2/user2-2-7-r6.dat,2,2,7,6
20190719/user2/user2-1-6-r3.dat,2,1,6,3
20190719/user2/user2-3-3-r6.dat,2,3,3,6
20190719/user2/user2-3-7-r1.dat,2,3,7,1
20190719/user2/user2-4-7-r3.dat,2,4,7,3
20190719/user2/user2-4-4-r4.dat,2,4,4,4
20190719/user2/user2-3-12-r5.dat,2,3,12,5
20190719/user2/user2-2-16-r1.dat,2,2,16,1
20190719/user2/user2-2-6-r5.dat,2,2,6,5
20190719/user2/user2-4-16-r5.dat,2,4,16,5
20190719/user2/user2-4-10-r2.dat,2,4,10,2
20190719/user2/user2-2-15-r5.dat,2,2,15,5
20190719/user2/user2-2-4-r6.dat,2,2,4,6
20190719/user2/user2-2-4-r1.dat,2,2,4,1
20190719/user2/user2-3-15-r6.dat,2,3,15,6
20190719/user2/user2-3-16-r2.dat,2,3,16,2
20190719/user2/user2-1-6-r2.dat,2,1,6,2
20190719/user2/user2-3-15-r2.dat,2,3,15,2
20190719/user2/user2-3-17-r1.dat,2,3,17,1
20190719/user2/user2-1-1-r5.dat,2,1,1,5
20190719/user2/user2-3-4-r2.dat,2,3,4,2
20190719/user2/user2-4-16-r3.dat,2,4,16,3
20190719/user2/user2-2-9-r1.dat,2,2,9,1
20190719/user2/user2-1-1-r1.dat,2,1,1,1
20190719/user2/user2-3-8-r2.dat,2,3,8,2
20190719/user2/user2-4-7-r4.dat,2,4,7,4
20190719/user2/user2-2-13-r3.dat,2,2,13,3
20190719/user2/user2-4-6-r4.dat,2,4,6,4
20190719/user2/user2-1-19-r3.dat,2,1,19,3
20190719/user2/user2-1-20-r6.dat,2,1,20,6
20190719/user2/user2-1-2-r1.dat,2,1,2,1
20190719/user2/user2-1-10-r4.dat,2,1,10,4
20190719/user2/user2-2-17-r6.dat,2,2,17,6
20190719/user2/user2-1-5-r4.dat,2,1,5,4
20190719/user2/user2-2-9-r5.dat,2,2,9,5
20190719/user2/user2-1-4-r4.dat,2,1,4,4
20190719/user2/user2-2-16-r5.dat,2,2,16,5
20190719/user2/user2-4-11-r6.dat,2,4,11,6
20190719/user2/user2-2-5-r1.dat,2,2,5,1
20190719/user2/user2-3-2-r1.dat,2,3,2,1
20190719/user2/user2-3-12-r6.dat,2,3,12,6
20190719/user2/user2-2-2-r4.dat,2,2,2,4
20190719/user2/user2-3-19-r2.dat,2,3,19,2
20190719/user2/user2-1-6-r4.dat,2,1,6,4
20190719/user2/user2-1-5-r2.dat,2,1,5,2
20190719/user2/user2-1-12-r1.dat,2,1,12,1
20190719/user2/user2-4-16-r1.dat,2,4,16,1
20190719/user2/user2-1-9-r6.dat,2,1,9,6
20190719/user2/user2-4-8-r6.dat,2,4,8,6
20190719/user2/user2-1-13-r3.dat,2,1,13,3
20190719/user2/user2-4-4-r2.dat,2,4,4,2
20190719/user2/user2-4-14-r6.dat,2,4,14,6
20190719/user2/user2-3-5-r4.dat,2,3,5,4
20190719/user2/user2-2-13-r6.dat,2,2,13,6
